NOTE: PROCEDURE PRINTTO used (Total process time):
      real time           0.00 seconds
      user cpu time       0.00 seconds
      system cpu time     0.00 seconds
      memory              34.84k
      OS Memory           24224.00k
      Timestamp           08/04/2026 12:29:31 AM
      Step Count                        143  Switch Count  0
      Page Faults                       0
      Page Reclaims                     17
      Page Swaps                        0
      Voluntary Context Switches        7
      Involuntary Context Switches      0
      Block Input Operations            0
      Block Output Operations           8
      

71         
72         OPTIONS NONOTES NOSTIMER NOSOURCE NOSYNTAXCHECK;
82         
2                                                          The SAS System                        Monday, August  3, 2026 05:47:20 PM


1                                                          The SAS System                        Monday, August  3, 2026 05:47:20 PM

1          OPTIONS NONOTES NOSTIMER NOSOURCE NOSYNTAXCHECK;
68         
69         %ProcessYearlyQuarter(YearQtr=2000Q1);

NOTE: Variable RunSeq is uninitialized.
NOTE: Variable Quarter is uninitialized.
NOTE: Variable SourceFile is uninitialized.
NOTE: Variable RawRows is uninitialized.
NOTE: Variable LoanRows is uninitialized.
NOTE: Variable Defaults is uninitialized.
NOTE: Variable ProcessTime is uninitialized.
NOTE: Variable CumRawRows is uninitialized.
NOTE: The data set FNMAE.RUNLOG has 0 observations and 8 variables.
NOTE: DATA statement used (Total process time):
      real time           0.01 seconds
      user cpu time       0.00 seconds
      system cpu time     0.00 seconds
      memory              643.68k
      OS Memory           24228.00k
      Timestamp           08/04/2026 12:47:20 AM
      Step Count                        149  Switch Count  1
      Page Faults                       0
      Page Reclaims                     101
      Page Swaps                        0
      Voluntary Context Switches        35
      Involuntary Context Switches      0
      Block Input Operations            0
      Block Output Operations           520
      

NOTE: FNMAE.RunLog created.
NOTE: Processing data for the yearly quarter: 2000Q1

NOTE: The infile SRC is:
      Filename=/home/bvsierrap0/RAW/2000Q1.csv.gz

NOTE: 9236094 records were read from the infile SRC.
      The minimum record length was 210.
      The maximum record length was 373.
NOTE: The data set WORK._MONTHLY has 9236094 observations and 36 variables.
NOTE: DATA statement used (Total process time):
      real time           55.64 seconds
      user cpu time       54.44 seconds
      system cpu time     0.87 seconds
      memory              2255.62k
      OS Memory           24996.00k
      Timestamp           08/04/2026 12:48:16 AM
      Step Count                        150  Switch Count  2
      Page Faults                       0
      Page Reclaims                     643
      Page Swaps                        0
      Voluntary Context Switches        46
      Involuntary Context Switches      534
      Block Input Operations            0
      Block Output Operations           4338976
      

NOTE: Fileref SRC has been deassigned.
2                                                          The SAS System                        Monday, August  3, 2026 05:48:16 PM


NOTE: Missing values were generated as a result of performing an operation on missing values.
      Each place is given by: (Number of times) at (Line):(Column).
      3832 at 69:2   
NOTE: There were 9236094 observations read from the data set WORK._MONTHLY.
NOTE: The data set FNMAE.LOAN2000Q1 has 246862 observations and 44 variables.
NOTE: Compressing data set FNMAE.LOAN2000Q1 decreased size by 33.28 percent. 
      Compressed is 413 pages; un-compressed would require 619 pages.
NOTE: DATA statement used (Total process time):
      real time           2.25 seconds
      user cpu time       1.71 seconds
      system cpu time     0.40 seconds
      memory              4052.78k
      OS Memory           27816.00k
      Timestamp           08/04/2026 12:48:18 AM
      Step Count                        151  Switch Count  1
      Page Faults                       0
      Page Reclaims                     593
      Page Swaps                        0
      Voluntary Context Switches        1266
      Involuntary Context Switches      7
      Block Input Operations            0
      Block Output Operations           105736
      

NOTE: PROCEDURE SQL used (Total process time):
      real time           0.18 seconds
      user cpu time       0.16 seconds
      system cpu time     0.02 seconds
      memory              7250.93k
      OS Memory           30632.00k
      Timestamp           08/04/2026 12:48:18 AM
      Step Count                        152  Switch Count  1
      Page Faults                       0
      Page Reclaims                     244
      Page Swaps                        0
      Voluntary Context Switches        439
      Involuntary Context Switches      3
      Block Input Operations            0
      Block Output Operations           0
      

NOTE: PROCEDURE SQL used (Total process time):
      real time           0.00 seconds
      user cpu time       0.00 seconds
      system cpu time     0.00 seconds
      memory              5606.46k
      OS Memory           29864.00k
      Timestamp           08/04/2026 12:48:18 AM
      Step Count                        153  Switch Count  0
      Page Faults                       0
      Page Reclaims                     52
      Page Swaps                        0
      Voluntary Context Switches        5
      Involuntary Context Switches      0
      Block Input Operations            0
      Block Output Operations           0
      
3                                                          The SAS System                        Monday, August  3, 2026 05:48:18 PM



NOTE: Appending FNMAE.LOAN2000Q1 to FNMAE.LOANMASTER.
NOTE: BASE data set does not exist. DATA file is being copied to BASE file.
NOTE: There were 246862 observations read from the data set FNMAE.LOAN2000Q1.
NOTE: The data set FNMAE.LOANMASTER has 246862 observations and 44 variables.
NOTE: Compressing data set FNMAE.LOANMASTER decreased size by 33.28 percent. 
      Compressed is 413 pages; un-compressed would require 619 pages.
NOTE: PROCEDURE APPEND used (Total process time):
      real time           0.54 seconds
      user cpu time       0.36 seconds
      system cpu time     0.04 seconds
      memory              4512.00k
      OS Memory           28844.00k
      Timestamp           08/04/2026 12:48:19 AM
      Step Count                        154  Switch Count  1
      Page Faults                       0
      Page Reclaims                     705
      Page Swaps                        0
      Voluntary Context Switches        1860
      Involuntary Context Switches      3
      Block Input Operations            0
      Block Output Operations           105744
      


NOTE: The data set WORK._LOGROW has 1 observations and 8 variables.
NOTE: DATA statement used (Total process time):
      real time           0.00 seconds
      user cpu time       0.00 seconds
      system cpu time     0.00 seconds
      memory              523.56k
      OS Memory           24740.00k
      Timestamp           08/04/2026 12:48:19 AM
      Step Count                        155  Switch Count  2
      Page Faults                       0
      Page Reclaims                     87
      Page Swaps                        0
      Voluntary Context Switches        11
      Involuntary Context Switches      0
      Block Input Operations            0
      Block Output Operations           264
      


NOTE: Appending WORK._LOGROW to FNMAE.RUNLOG.
NOTE: There were 1 observations read from the data set WORK._LOGROW.
NOTE: 1 observations added.
NOTE: The data set FNMAE.RUNLOG has 1 observations and 8 variables.
NOTE: PROCEDURE APPEND used (Total process time):
      real time           0.00 seconds
      user cpu time       0.00 seconds
      system cpu time     0.00 seconds
      memory              1278.18k
      OS Memory           25260.00k
      Timestamp           08/04/2026 12:48:19 AM
      Step Count                        156  Switch Count  0
      Page Faults                       0
4                                                          The SAS System                        Monday, August  3, 2026 05:48:19 PM

      Page Reclaims                     117
      Page Swaps                        0
      Voluntary Context Switches        29
      Involuntary Context Switches      1
      Block Input Operations            0
      Block Output Operations           528
      


NOTE: There were 1 observations read from the data set FNMAE.RUNLOG.
NOTE: The data set FNMAE.RUNLOG has 1 observations and 8 variables.
NOTE: Compressing data set FNMAE.RUNLOG increased size by 100.00 percent. 
      Compressed is 2 pages; un-compressed would require 1 pages.
NOTE: PROCEDURE SORT used (Total process time):
      real time           0.02 seconds
      user cpu time       0.01 seconds
      system cpu time     0.00 seconds
      memory              924.59k
      OS Memory           25000.00k
      Timestamp           08/04/2026 12:48:19 AM
      Step Count                        157  Switch Count  1
      Page Faults                       0
      Page Reclaims                     115
      Page Swaps                        0
      Voluntary Context Switches        44
      Involuntary Context Switches      0
      Block Input Operations            0
      Block Output Operations           520
      


NOTE: There were 1 observations read from the data set FNMAE.RUNLOG.
NOTE: The data set FNMAE.RUNLOG has 1 observations and 8 variables.
NOTE: Compressing data set FNMAE.RUNLOG increased size by 100.00 percent. 
      Compressed is 2 pages; un-compressed would require 1 pages.
NOTE: DATA statement used (Total process time):
      real time           0.02 seconds
      user cpu time       0.00 seconds
      system cpu time     0.00 seconds
      memory              1065.06k
      OS Memory           25000.00k
      Timestamp           08/04/2026 12:48:19 AM
      Step Count                        158  Switch Count  1
      Page Faults                       0
      Page Reclaims                     121
      Page Swaps                        0
      Voluntary Context Switches        48
      Involuntary Context Switches      0
      Block Input Operations            0
      Block Output Operations           520
      

NOTE: PROCEDURE SQL used (Total process time):
      real time           0.00 seconds
      user cpu time       0.00 seconds
      system cpu time     0.00 seconds
      memory              5605.96k
      OS Memory           29864.00k
5                                                          The SAS System                        Monday, August  3, 2026 05:48:19 PM

      Timestamp           08/04/2026 12:48:19 AM
      Step Count                        159  Switch Count  0
      Page Faults                       0
      Page Reclaims                     52
      Page Swaps                        0
      Voluntary Context Switches        11
      Involuntary Context Switches      0
      Block Input Operations            0
      Block Output Operations           0
      


NOTE: Deleting FNMAE.LOAN2000Q1 (memtype=DATA).
NOTE: PROCEDURE DATASETS used (Total process time):
      real time           0.00 seconds
      user cpu time       0.00 seconds
      system cpu time     0.01 seconds
      memory              346.18k
      OS Memory           24740.00k
      Timestamp           08/04/2026 12:48:19 AM
      Step Count                        160  Switch Count  1
      Page Faults                       0
      Page Reclaims                     48
      Page Swaps                        0
      Voluntary Context Switches        18
      Involuntary Context Switches      1
      Block Input Operations            0
      Block Output Operations           8
      


NOTE: Deleting WORK._MONTHLY (memtype=DATA).
NOTE: Deleting WORK._LOGROW (memtype=DATA).
NOTE: PROCEDURE DATASETS used (Total process time):
      real time           0.16 seconds
      user cpu time       0.00 seconds
      system cpu time     0.16 seconds
      memory              349.28k
      OS Memory           24740.00k
      Timestamp           08/04/2026 12:48:19 AM
      Step Count                        161  Switch Count  4
      Page Faults                       0
      Page Reclaims                     48
      Page Swaps                        0
      Voluntary Context Switches        18
      Involuntary Context Switches      21
      Block Input Operations            0
      Block Output Operations           8
      

NOTE: 2000Q1 complete - records read        9,236,094          - loans          246,862          - Defaults            3,390        
  - Elapsed   0:00:58.66          - CUMULATIVE RECORDS        9,236,094
NOTE: 2000Q1.csv.gz removed from RAW
70         
71         OPTIONS NONOTES NOSTIMER NOSOURCE NOSYNTAXCHECK;
81         
6                                                          The SAS System                        Monday, August  3, 2026 05:58:35 PM


1                                                          The SAS System                        Monday, August  3, 2026 05:58:35 PM

1          OPTIONS NONOTES NOSTIMER NOSOURCE NOSYNTAXCHECK;
68         
69         %ProcessYearlyQuarter(YearQtr=2000Q2);
NOTE: Processing data for the yearly quarter: 2000Q2

NOTE: The infile SRC is:
      Filename=/home/bvsierrap0/RAW/2000Q2.csv.gz

NOTE: 8344168 records were read from the infile SRC.
      The minimum record length was 213.
      The maximum record length was 383.
NOTE: The data set WORK._MONTHLY has 8344168 observations and 36 variables.
NOTE: DATA statement used (Total process time):
      real time           50.51 seconds
      user cpu time       49.35 seconds
      system cpu time     0.81 seconds
      memory              2262.46k
      OS Memory           24996.00k
      Timestamp           08/04/2026 12:59:25 AM
      Step Count                        167  Switch Count  2
      Page Faults                       0
      Page Reclaims                     1008
      Page Swaps                        0
      Voluntary Context Switches        38
      Involuntary Context Switches      518
      Block Input Operations            0
      Block Output Operations           3919904
      

NOTE: Fileref SRC has been deassigned.

NOTE: Missing values were generated as a result of performing an operation on missing values.
      Each place is given by: (Number of times) at (Line):(Column).
      3397 at 69:2   
NOTE: There were 8344168 observations read from the data set WORK._MONTHLY.
NOTE: The data set FNMAE.LOAN2000Q2 has 274339 observations and 44 variables.
NOTE: Compressing data set FNMAE.LOAN2000Q2 decreased size by 33.43 percent. 
      Compressed is 458 pages; un-compressed would require 688 pages.
NOTE: DATA statement used (Total process time):
      real time           2.00 seconds
      user cpu time       1.50 seconds
      system cpu time     0.34 seconds
      memory              4059.37k
      OS Memory           27816.00k
      Timestamp           08/04/2026 12:59:27 AM
      Step Count                        168  Switch Count  2
      Page Faults                       0
      Page Reclaims                     564
      Page Swaps                        0
      Voluntary Context Switches        1059
      Involuntary Context Switches      4
      Block Input Operations            0
      Block Output Operations           117256
      

NOTE: PROCEDURE SQL used (Total process time):
      real time           0.19 seconds
      user cpu time       0.15 seconds
2                                                          The SAS System                        Monday, August  3, 2026 05:59:27 PM

      system cpu time     0.03 seconds
      memory              7251.03k
      OS Memory           30632.00k
      Timestamp           08/04/2026 12:59:27 AM
      Step Count                        169  Switch Count  1
      Page Faults                       0
      Page Reclaims                     244
      Page Swaps                        0
      Voluntary Context Switches        677
      Involuntary Context Switches      3
      Block Input Operations            0
      Block Output Operations           0
      

NOTE: PROCEDURE SQL used (Total process time):
      real time           0.00 seconds
      user cpu time       0.00 seconds
      system cpu time     0.00 seconds
      memory              5605.46k
      OS Memory           29864.00k
      Timestamp           08/04/2026 12:59:27 AM
      Step Count                        170  Switch Count  0
      Page Faults                       0
      Page Reclaims                     52
      Page Swaps                        0
      Voluntary Context Switches        5
      Involuntary Context Switches      0
      Block Input Operations            0
      Block Output Operations           0
      


NOTE: Appending FNMAE.LOAN2000Q2 to FNMAE.LOANMASTER.
NOTE: There were 274339 observations read from the data set FNMAE.LOAN2000Q2.
NOTE: 274339 observations added.
NOTE: The data set FNMAE.LOANMASTER has 521201 observations and 44 variables.
NOTE: PROCEDURE APPEND used (Total process time):
      real time           0.60 seconds
      user cpu time       0.40 seconds
      system cpu time     0.05 seconds
      memory              4448.84k
      OS Memory           28332.00k
      Timestamp           08/04/2026 12:59:28 AM
      Step Count                        171  Switch Count  0
      Page Faults                       0
      Page Reclaims                     710
      Page Swaps                        0
      Voluntary Context Switches        1282
      Involuntary Context Switches      5
      Block Input Operations            0
      Block Output Operations           117776
      


NOTE: The data set WORK._LOGROW has 1 observations and 8 variables.
NOTE: DATA statement used (Total process time):
      real time           0.00 seconds
      user cpu time       0.00 seconds
3                                                          The SAS System                        Monday, August  3, 2026 05:59:28 PM

      system cpu time     0.00 seconds
      memory              523.40k
      OS Memory           24740.00k
      Timestamp           08/04/2026 12:59:28 AM
      Step Count                        172  Switch Count  2
      Page Faults                       0
      Page Reclaims                     87
      Page Swaps                        0
      Voluntary Context Switches        11
      Involuntary Context Switches      1
      Block Input Operations            0
      Block Output Operations           264
      


NOTE: Appending WORK._LOGROW to FNMAE.RUNLOG.
NOTE: There were 1 observations read from the data set WORK._LOGROW.
NOTE: 1 observations added.
NOTE: The data set FNMAE.RUNLOG has 2 observations and 8 variables.
NOTE: PROCEDURE APPEND used (Total process time):
      real time           0.00 seconds
      user cpu time       0.00 seconds
      system cpu time     0.00 seconds
      memory              1113.46k
      OS Memory           25260.00k
      Timestamp           08/04/2026 12:59:28 AM
      Step Count                        173  Switch Count  0
      Page Faults                       0
      Page Reclaims                     116
      Page Swaps                        0
      Voluntary Context Switches        20
      Involuntary Context Switches      0
      Block Input Operations            0
      Block Output Operations           528
      


NOTE: There were 2 observations read from the data set FNMAE.RUNLOG.
NOTE: The data set FNMAE.RUNLOG has 2 observations and 8 variables.
NOTE: Compressing data set FNMAE.RUNLOG increased size by 100.00 percent. 
      Compressed is 2 pages; un-compressed would require 1 pages.
NOTE: PROCEDURE SORT used (Total process time):
      real time           0.02 seconds
      user cpu time       0.00 seconds
      system cpu time     0.00 seconds
      memory              923.90k
      OS Memory           25000.00k
      Timestamp           08/04/2026 12:59:28 AM
      Step Count                        174  Switch Count  2
      Page Faults                       0
      Page Reclaims                     113
      Page Swaps                        0
      Voluntary Context Switches        48
      Involuntary Context Switches      0
      Block Input Operations            0
      Block Output Operations           520
      

4                                                          The SAS System                        Monday, August  3, 2026 05:59:28 PM


NOTE: There were 2 observations read from the data set FNMAE.RUNLOG.
NOTE: The data set FNMAE.RUNLOG has 2 observations and 8 variables.
NOTE: Compressing data set FNMAE.RUNLOG increased size by 100.00 percent. 
      Compressed is 2 pages; un-compressed would require 1 pages.
NOTE: DATA statement used (Total process time):
      real time           0.02 seconds
      user cpu time       0.00 seconds
      system cpu time     0.00 seconds
      memory              1061.75k
      OS Memory           25000.00k
      Timestamp           08/04/2026 12:59:28 AM
      Step Count                        175  Switch Count  2
      Page Faults                       0
      Page Reclaims                     121
      Page Swaps                        0
      Voluntary Context Switches        51
      Involuntary Context Switches      0
      Block Input Operations            0
      Block Output Operations           520
      

NOTE: PROCEDURE SQL used (Total process time):
      real time           0.00 seconds
      user cpu time       0.01 seconds
      system cpu time     0.01 seconds
      memory              5605.56k
      OS Memory           29864.00k
      Timestamp           08/04/2026 12:59:28 AM
      Step Count                        176  Switch Count  0
      Page Faults                       0
      Page Reclaims                     52
      Page Swaps                        0
      Voluntary Context Switches        10
      Involuntary Context Switches      0
      Block Input Operations            0
      Block Output Operations           0
      


NOTE: Deleting FNMAE.LOAN2000Q2 (memtype=DATA).
NOTE: PROCEDURE DATASETS used (Total process time):
      real time           0.01 seconds
      user cpu time       0.00 seconds
      system cpu time     0.00 seconds
      memory              348.31k
      OS Memory           24740.00k
      Timestamp           08/04/2026 12:59:28 AM
      Step Count                        177  Switch Count  2
      Page Faults                       0
      Page Reclaims                     48
      Page Swaps                        0
      Voluntary Context Switches        22
      Involuntary Context Switches      0
      Block Input Operations            0
      Block Output Operations           8
      

5                                                          The SAS System                        Monday, August  3, 2026 05:59:28 PM


NOTE: Deleting WORK._MONTHLY (memtype=DATA).
NOTE: Deleting WORK._LOGROW (memtype=DATA).
NOTE: PROCEDURE DATASETS used (Total process time):
      real time           0.13 seconds
      user cpu time       0.00 seconds
      system cpu time     0.13 seconds
      memory              347.25k
      OS Memory           24740.00k
      Timestamp           08/04/2026 12:59:28 AM
      Step Count                        178  Switch Count  4
      Page Faults                       0
      Page Reclaims                     48
      Page Swaps                        0
      Voluntary Context Switches        18
      Involuntary Context Switches      19
      Block Input Operations            0
      Block Output Operations           8
      

NOTE: 2000Q2 complete - records read        8,344,168          - loans          274,339          - Defaults            3,556        
  - Elapsed   0:00:53.35          - CUMULATIVE RECORDS       17,580,262
NOTE: 2000Q2.csv.gz removed from RAW
70         
71         OPTIONS NONOTES NOSTIMER NOSOURCE NOSYNTAXCHECK;
81         
6                                                          The SAS System                        Monday, August  3, 2026 06:08:27 PM


1                                                          The SAS System                        Monday, August  3, 2026 06:08:27 PM

1          OPTIONS NONOTES NOSTIMER NOSOURCE NOSYNTAXCHECK;
68         
69         %ProcessYearlyQuarter(YearQtr=2000Q3);
NOTE: Processing data for the yearly quarter: 2000Q3

NOTE: The infile SRC is:
      Filename=/home/bvsierrap0/RAW/2000Q3.csv.gz

NOTE: 8869382 records were read from the infile SRC.
      The minimum record length was 212.
      The maximum record length was 374.
NOTE: The data set WORK._MONTHLY has 8869382 observations and 36 variables.
NOTE: DATA statement used (Total process time):
      real time           53.79 seconds
      user cpu time       52.47 seconds
      system cpu time     0.94 seconds
      memory              2246.15k
      OS Memory           24996.00k
      Timestamp           08/04/2026 01:09:21 AM
      Step Count                        184  Switch Count  2
      Page Faults                       0
      Page Reclaims                     217
      Page Swaps                        0
      Voluntary Context Switches        37
      Involuntary Context Switches      496
      Block Input Operations            0
      Block Output Operations           4166688
      

NOTE: Fileref SRC has been deassigned.

NOTE: Missing values were generated as a result of performing an operation on missing values.
      Each place is given by: (Number of times) at (Line):(Column).
      3989 at 69:2   
NOTE: There were 8869382 observations read from the data set WORK._MONTHLY.
NOTE: The data set FNMAE.LOAN2000Q3 has 333498 observations and 44 variables.
NOTE: Compressing data set FNMAE.LOAN2000Q3 decreased size by 33.49 percent. 
      Compressed is 556 pages; un-compressed would require 836 pages.
NOTE: DATA statement used (Total process time):
      real time           2.18 seconds
      user cpu time       1.61 seconds
      system cpu time     0.39 seconds
      memory              4073.50k
      OS Memory           27816.00k
      Timestamp           08/04/2026 01:09:23 AM
      Step Count                        185  Switch Count  2
      Page Faults                       0
      Page Reclaims                     564
      Page Swaps                        0
      Voluntary Context Switches        1985
      Involuntary Context Switches      8
      Block Input Operations            0
      Block Output Operations           142344
      

NOTE: PROCEDURE SQL used (Total process time):
      real time           0.24 seconds
      user cpu time       0.20 seconds
2                                                          The SAS System                        Monday, August  3, 2026 06:09:23 PM

      system cpu time     0.02 seconds
      memory              7251.03k
      OS Memory           30632.00k
      Timestamp           08/04/2026 01:09:23 AM
      Step Count                        186  Switch Count  1
      Page Faults                       0
      Page Reclaims                     246
      Page Swaps                        0
      Voluntary Context Switches        640
      Involuntary Context Switches      8
      Block Input Operations            0
      Block Output Operations           0
      

NOTE: PROCEDURE SQL used (Total process time):
      real time           0.00 seconds
      user cpu time       0.00 seconds
      system cpu time     0.00 seconds
      memory              5605.53k
      OS Memory           29864.00k
      Timestamp           08/04/2026 01:09:23 AM
      Step Count                        187  Switch Count  0
      Page Faults                       0
      Page Reclaims                     52
      Page Swaps                        0
      Voluntary Context Switches        5
      Involuntary Context Switches      0
      Block Input Operations            0
      Block Output Operations           0
      


NOTE: Appending FNMAE.LOAN2000Q3 to FNMAE.LOANMASTER.
NOTE: There were 333498 observations read from the data set FNMAE.LOAN2000Q3.
NOTE: 333498 observations added.
NOTE: The data set FNMAE.LOANMASTER has 854699 observations and 44 variables.
NOTE: PROCEDURE APPEND used (Total process time):
      real time           0.72 seconds
      user cpu time       0.49 seconds
      system cpu time     0.07 seconds
      memory              4448.96k
      OS Memory           28332.00k
      Timestamp           08/04/2026 01:09:24 AM
      Step Count                        188  Switch Count  0
      Page Faults                       0
      Page Reclaims                     710
      Page Swaps                        0
      Voluntary Context Switches        1673
      Involuntary Context Switches      4
      Block Input Operations            0
      Block Output Operations           142608
      


NOTE: The data set WORK._LOGROW has 1 observations and 8 variables.
NOTE: DATA statement used (Total process time):
      real time           0.00 seconds
      user cpu time       0.00 seconds
3                                                          The SAS System                        Monday, August  3, 2026 06:09:24 PM

      system cpu time     0.00 seconds
      memory              520.71k
      OS Memory           24740.00k
      Timestamp           08/04/2026 01:09:24 AM
      Step Count                        189  Switch Count  2
      Page Faults                       0
      Page Reclaims                     87
      Page Swaps                        0
      Voluntary Context Switches        10
      Involuntary Context Switches      0
      Block Input Operations            0
      Block Output Operations           264
      


NOTE: Appending WORK._LOGROW to FNMAE.RUNLOG.
NOTE: There were 1 observations read from the data set WORK._LOGROW.
NOTE: 1 observations added.
NOTE: The data set FNMAE.RUNLOG has 3 observations and 8 variables.
NOTE: PROCEDURE APPEND used (Total process time):
      real time           0.00 seconds
      user cpu time       0.01 seconds
      system cpu time     0.00 seconds
      memory              1114.25k
      OS Memory           25260.00k
      Timestamp           08/04/2026 01:09:24 AM
      Step Count                        190  Switch Count  0
      Page Faults                       0
      Page Reclaims                     116
      Page Swaps                        0
      Voluntary Context Switches        20
      Involuntary Context Switches      0
      Block Input Operations            0
      Block Output Operations           528
      


NOTE: There were 3 observations read from the data set FNMAE.RUNLOG.
NOTE: The data set FNMAE.RUNLOG has 3 observations and 8 variables.
NOTE: Compressing data set FNMAE.RUNLOG increased size by 100.00 percent. 
      Compressed is 2 pages; un-compressed would require 1 pages.
NOTE: PROCEDURE SORT used (Total process time):
      real time           0.02 seconds
      user cpu time       0.00 seconds
      system cpu time     0.00 seconds
      memory              924.15k
      OS Memory           25000.00k
      Timestamp           08/04/2026 01:09:24 AM
      Step Count                        191  Switch Count  2
      Page Faults                       0
      Page Reclaims                     113
      Page Swaps                        0
      Voluntary Context Switches        45
      Involuntary Context Switches      0
      Block Input Operations            0
      Block Output Operations           520
      

4                                                          The SAS System                        Monday, August  3, 2026 06:09:24 PM


NOTE: There were 3 observations read from the data set FNMAE.RUNLOG.
NOTE: The data set FNMAE.RUNLOG has 3 observations and 8 variables.
NOTE: Compressing data set FNMAE.RUNLOG increased size by 100.00 percent. 
      Compressed is 2 pages; un-compressed would require 1 pages.
NOTE: DATA statement used (Total process time):
      real time           0.02 seconds
      user cpu time       0.00 seconds
      system cpu time     0.00 seconds
      memory              1059.34k
      OS Memory           25000.00k
      Timestamp           08/04/2026 01:09:24 AM
      Step Count                        192  Switch Count  2
      Page Faults                       0
      Page Reclaims                     121
      Page Swaps                        0
      Voluntary Context Switches        50
      Involuntary Context Switches      2
      Block Input Operations            0
      Block Output Operations           520
      

NOTE: PROCEDURE SQL used (Total process time):
      real time           0.00 seconds
      user cpu time       0.00 seconds
      system cpu time     0.01 seconds
      memory              5605.53k
      OS Memory           29864.00k
      Timestamp           08/04/2026 01:09:24 AM
      Step Count                        193  Switch Count  0
      Page Faults                       0
      Page Reclaims                     52
      Page Swaps                        0
      Voluntary Context Switches        11
      Involuntary Context Switches      0
      Block Input Operations            0
      Block Output Operations           0
      


NOTE: Deleting FNMAE.LOAN2000Q3 (memtype=DATA).
NOTE: PROCEDURE DATASETS used (Total process time):
      real time           0.01 seconds
      user cpu time       0.00 seconds
      system cpu time     0.00 seconds
      memory              346.18k
      OS Memory           24740.00k
      Timestamp           08/04/2026 01:09:24 AM
      Step Count                        194  Switch Count  2
      Page Faults                       0
      Page Reclaims                     48
      Page Swaps                        0
      Voluntary Context Switches        22
      Involuntary Context Switches      0
      Block Input Operations            0
      Block Output Operations           8
      

5                                                          The SAS System                        Monday, August  3, 2026 06:09:24 PM


NOTE: Deleting WORK._MONTHLY (memtype=DATA).
NOTE: Deleting WORK._LOGROW (memtype=DATA).
NOTE: PROCEDURE DATASETS used (Total process time):
      real time           0.13 seconds
      user cpu time       0.00 seconds
      system cpu time     0.13 seconds
      memory              347.18k
      OS Memory           24740.00k
      Timestamp           08/04/2026 01:09:24 AM
      Step Count                        195  Switch Count  4
      Page Faults                       0
      Page Reclaims                     48
      Page Swaps                        0
      Voluntary Context Switches        18
      Involuntary Context Switches      17
      Block Input Operations            0
      Block Output Operations           8
      

NOTE: 2000Q3 complete - records read        8,869,382          - loans          333,498          - Defaults            3,691        
  - Elapsed   0:00:56.99          - CUMULATIVE RECORDS       26,449,644
NOTE: 2000Q3.csv.gz removed from RAW
70         
71         OPTIONS NONOTES NOSTIMER NOSOURCE NOSYNTAXCHECK;
81         
6                                                          The SAS System                        Monday, August  3, 2026 06:14:28 PM


1                                                          The SAS System                        Monday, August  3, 2026 06:14:28 PM

1          OPTIONS NONOTES NOSTIMER NOSOURCE NOSYNTAXCHECK;
68         
69         %ProcessYearlyQuarter(YearQtr=2000Q4);
NOTE: Processing data for the yearly quarter: 2000Q4

NOTE: The infile SRC is:
      Filename=/home/bvsierrap0/RAW/2000Q4.csv.gz

NOTE: 10358630 records were read from the infile SRC.
      The minimum record length was 212.
      The maximum record length was 374.
NOTE: The data set WORK._MONTHLY has 10358630 observations and 36 variables.
NOTE: DATA statement used (Total process time):
      real time           1:03.28
      user cpu time       1:01.79
      system cpu time     1.06 seconds
      memory              2245.50k
      OS Memory           24996.00k
      Timestamp           08/04/2026 01:15:32 AM
      Step Count                        201  Switch Count  2
      Page Faults                       0
      Page Reclaims                     1287
      Page Swaps                        0
      Voluntary Context Switches        35
      Involuntary Context Switches      850
      Block Input Operations            0
      Block Output Operations           4866080
      

NOTE: Fileref SRC has been deassigned.

NOTE: Missing values were generated as a result of performing an operation on missing values.
      Each place is given by: (Number of times) at (Line):(Column).
      5090 at 69:2   
NOTE: There were 10358630 observations read from the data set WORK._MONTHLY.
NOTE: The data set FNMAE.LOAN2000Q4 has 363892 observations and 44 variables.
NOTE: Compressing data set FNMAE.LOAN2000Q4 decreased size by 33.73 percent. 
      Compressed is 605 pages; un-compressed would require 913 pages.
NOTE: DATA statement used (Total process time):
      real time           2.56 seconds
      user cpu time       1.95 seconds
      system cpu time     0.41 seconds
      memory              4038.71k
      OS Memory           27816.00k
      Timestamp           08/04/2026 01:15:34 AM
      Step Count                        202  Switch Count  2
      Page Faults                       0
      Page Reclaims                     563
      Page Swaps                        0
      Voluntary Context Switches        2422
      Involuntary Context Switches      14
      Block Input Operations            0
      Block Output Operations           154888
      

NOTE: PROCEDURE SQL used (Total process time):
      real time           0.27 seconds
      user cpu time       0.22 seconds
2                                                          The SAS System                        Monday, August  3, 2026 06:15:34 PM

      system cpu time     0.03 seconds
      memory              7250.96k
      OS Memory           30632.00k
      Timestamp           08/04/2026 01:15:34 AM
      Step Count                        203  Switch Count  1
      Page Faults                       0
      Page Reclaims                     244
      Page Swaps                        0
      Voluntary Context Switches        676
      Involuntary Context Switches      6
      Block Input Operations            0
      Block Output Operations           0
      

NOTE: PROCEDURE SQL used (Total process time):
      real time           0.00 seconds
      user cpu time       0.00 seconds
      system cpu time     0.00 seconds
      memory              5605.50k
      OS Memory           29864.00k
      Timestamp           08/04/2026 01:15:34 AM
      Step Count                        204  Switch Count  0
      Page Faults                       0
      Page Reclaims                     52
      Page Swaps                        0
      Voluntary Context Switches        5
      Involuntary Context Switches      0
      Block Input Operations            0
      Block Output Operations           0
      


NOTE: Appending FNMAE.LOAN2000Q4 to FNMAE.LOANMASTER.
NOTE: There were 363892 observations read from the data set FNMAE.LOAN2000Q4.
NOTE: 363892 observations added.
NOTE: The data set FNMAE.LOANMASTER has 1218591 observations and 44 variables.
NOTE: PROCEDURE APPEND used (Total process time):
      real time           0.83 seconds
      user cpu time       0.56 seconds
      system cpu time     0.08 seconds
      memory              4449.90k
      OS Memory           28332.00k
      Timestamp           08/04/2026 01:15:35 AM
      Step Count                        205  Switch Count  0
      Page Faults                       0
      Page Reclaims                     710
      Page Swaps                        0
      Voluntary Context Switches        2416
      Involuntary Context Switches      4
      Block Input Operations            0
      Block Output Operations           156960
      


NOTE: The data set WORK._LOGROW has 1 observations and 8 variables.
NOTE: DATA statement used (Total process time):
      real time           0.00 seconds
      user cpu time       0.00 seconds
3                                                          The SAS System                        Monday, August  3, 2026 06:15:35 PM

      system cpu time     0.00 seconds
      memory              519.00k
      OS Memory           24740.00k
      Timestamp           08/04/2026 01:15:35 AM
      Step Count                        206  Switch Count  2
      Page Faults                       0
      Page Reclaims                     87
      Page Swaps                        0
      Voluntary Context Switches        11
      Involuntary Context Switches      0
      Block Input Operations            0
      Block Output Operations           264
      


NOTE: Appending WORK._LOGROW to FNMAE.RUNLOG.
NOTE: There were 1 observations read from the data set WORK._LOGROW.
NOTE: 1 observations added.
NOTE: The data set FNMAE.RUNLOG has 4 observations and 8 variables.
NOTE: PROCEDURE APPEND used (Total process time):
      real time           0.00 seconds
      user cpu time       0.00 seconds
      system cpu time     0.00 seconds
      memory              1114.65k
      OS Memory           25260.00k
      Timestamp           08/04/2026 01:15:35 AM
      Step Count                        207  Switch Count  0
      Page Faults                       0
      Page Reclaims                     116
      Page Swaps                        0
      Voluntary Context Switches        19
      Involuntary Context Switches      0
      Block Input Operations            0
      Block Output Operations           528
      


NOTE: There were 4 observations read from the data set FNMAE.RUNLOG.
NOTE: The data set FNMAE.RUNLOG has 4 observations and 8 variables.
NOTE: Compressing data set FNMAE.RUNLOG increased size by 100.00 percent. 
      Compressed is 2 pages; un-compressed would require 1 pages.
NOTE: PROCEDURE SORT used (Total process time):
      real time           0.02 seconds
      user cpu time       0.00 seconds
      system cpu time     0.00 seconds
      memory              925.59k
      OS Memory           25000.00k
      Timestamp           08/04/2026 01:15:35 AM
      Step Count                        208  Switch Count  2
      Page Faults                       0
      Page Reclaims                     113
      Page Swaps                        0
      Voluntary Context Switches        49
      Involuntary Context Switches      0
      Block Input Operations            0
      Block Output Operations           528
      

4                                                          The SAS System                        Monday, August  3, 2026 06:15:35 PM


NOTE: There were 4 observations read from the data set FNMAE.RUNLOG.
NOTE: The data set FNMAE.RUNLOG has 4 observations and 8 variables.
NOTE: Compressing data set FNMAE.RUNLOG increased size by 100.00 percent. 
      Compressed is 2 pages; un-compressed would require 1 pages.
NOTE: DATA statement used (Total process time):
      real time           0.02 seconds
      user cpu time       0.00 seconds
      system cpu time     0.00 seconds
      memory              1062.50k
      OS Memory           25000.00k
      Timestamp           08/04/2026 01:15:35 AM
      Step Count                        209  Switch Count  2
      Page Faults                       0
      Page Reclaims                     121
      Page Swaps                        0
      Voluntary Context Switches        55
      Involuntary Context Switches      0
      Block Input Operations            0
      Block Output Operations           520
      

NOTE: PROCEDURE SQL used (Total process time):
      real time           0.00 seconds
      user cpu time       0.00 seconds
      system cpu time     0.00 seconds
      memory              5605.25k
      OS Memory           29864.00k
      Timestamp           08/04/2026 01:15:35 AM
      Step Count                        210  Switch Count  0
      Page Faults                       0
      Page Reclaims                     52
      Page Swaps                        0
      Voluntary Context Switches        9
      Involuntary Context Switches      0
      Block Input Operations            0
      Block Output Operations           0
      


NOTE: Deleting FNMAE.LOAN2000Q4 (memtype=DATA).
NOTE: PROCEDURE DATASETS used (Total process time):
      real time           0.01 seconds
      user cpu time       0.00 seconds
      system cpu time     0.01 seconds
      memory              348.25k
      OS Memory           24740.00k
      Timestamp           08/04/2026 01:15:35 AM
      Step Count                        211  Switch Count  2
      Page Faults                       0
      Page Reclaims                     48
      Page Swaps                        0
      Voluntary Context Switches        22
      Involuntary Context Switches      1
      Block Input Operations            0
      Block Output Operations           8
      

5                                                          The SAS System                        Monday, August  3, 2026 06:15:35 PM


NOTE: Deleting WORK._MONTHLY (memtype=DATA).
NOTE: Deleting WORK._LOGROW (memtype=DATA).
NOTE: PROCEDURE DATASETS used (Total process time):
      real time           0.18 seconds
      user cpu time       0.00 seconds
      system cpu time     0.18 seconds
      memory              348.25k
      OS Memory           24740.00k
      Timestamp           08/04/2026 01:15:36 AM
      Step Count                        212  Switch Count  4
      Page Faults                       0
      Page Reclaims                     48
      Page Swaps                        0
      Voluntary Context Switches        18
      Involuntary Context Switches      20
      Block Input Operations            0
      Block Output Operations           8
      

NOTE: 2000Q4 complete - records read       10,358,630          - loans          363,892          - Defaults            4,824        
  - Elapsed   0:01:06.98          - CUMULATIVE RECORDS       36,808,274
NOTE: 2000Q4.csv.gz removed from RAW
70         
71         OPTIONS NONOTES NOSTIMER NOSOURCE NOSYNTAXCHECK;
81         
6                                                          The SAS System                        Monday, August  3, 2026 06:22:15 PM


1                                                          The SAS System                        Monday, August  3, 2026 06:22:15 PM

1          OPTIONS NONOTES NOSTIMER NOSOURCE NOSYNTAXCHECK;
68         
69         %ProcessYearlyQuarter(YearQtr=2001Q1);
NOTE: Processing data for the yearly quarter: 2001Q1

NOTE: The infile SRC is:
      Filename=/home/bvsierrap0/RAW/2001Q1.csv.gz

NOTE: 15838528 records were read from the infile SRC.
      The minimum record length was 212.
      The maximum record length was 374.
NOTE: The data set WORK._MONTHLY has 15838528 observations and 36 variables.
NOTE: DATA statement used (Total process time):
      real time           1:36.81
      user cpu time       1:34.58
      system cpu time     1.53 seconds
      memory              2261.37k
      OS Memory           24996.00k
      Timestamp           08/04/2026 01:23:52 AM
      Step Count                        218  Switch Count  2
      Page Faults                       1
      Page Reclaims                     219
      Page Swaps                        0
      Voluntary Context Switches        38
      Involuntary Context Switches      1090
      Block Input Operations            16
      Block Output Operations           7440160
      

NOTE: Fileref SRC has been deassigned.

NOTE: Missing values were generated as a result of performing an operation on missing values.
      Each place is given by: (Number of times) at (Line):(Column).
      5215 at 69:2   
NOTE: There were 15838528 observations read from the data set WORK._MONTHLY.
NOTE: The data set FNMAE.LOAN2001Q1 has 471277 observations and 44 variables.
NOTE: Compressing data set FNMAE.LOAN2001Q1 decreased size by 33.76 percent. 
      Compressed is 783 pages; un-compressed would require 1182 pages.
NOTE: DATA statement used (Total process time):
      real time           3.72 seconds
      user cpu time       2.74 seconds
      system cpu time     0.71 seconds
      memory              4062.93k
      OS Memory           27816.00k
      Timestamp           08/04/2026 01:23:56 AM
      Step Count                        219  Switch Count  2
      Page Faults                       0
      Page Reclaims                     564
      Page Swaps                        0
      Voluntary Context Switches        2669
      Involuntary Context Switches      8
      Block Input Operations            0
      Block Output Operations           200456
      

NOTE: PROCEDURE SQL used (Total process time):
      real time           0.34 seconds
      user cpu time       0.28 seconds
2                                                          The SAS System                        Monday, August  3, 2026 06:23:56 PM

      system cpu time     0.04 seconds
      memory              7251.46k
      OS Memory           30632.00k
      Timestamp           08/04/2026 01:23:56 AM
      Step Count                        220  Switch Count  1
      Page Faults                       0
      Page Reclaims                     244
      Page Swaps                        0
      Voluntary Context Switches        999
      Involuntary Context Switches      2
      Block Input Operations            0
      Block Output Operations           0
      

NOTE: PROCEDURE SQL used (Total process time):
      real time           0.00 seconds
      user cpu time       0.00 seconds
      system cpu time     0.00 seconds
      memory              5606.00k
      OS Memory           29864.00k
      Timestamp           08/04/2026 01:23:56 AM
      Step Count                        221  Switch Count  0
      Page Faults                       0
      Page Reclaims                     52
      Page Swaps                        0
      Voluntary Context Switches        5
      Involuntary Context Switches      0
      Block Input Operations            0
      Block Output Operations           0
      


NOTE: Appending FNMAE.LOAN2001Q1 to FNMAE.LOANMASTER.
NOTE: There were 471277 observations read from the data set FNMAE.LOAN2001Q1.
NOTE: 471277 observations added.
NOTE: The data set FNMAE.LOANMASTER has 1689868 observations and 44 variables.
NOTE: PROCEDURE APPEND used (Total process time):
      real time           1.01 seconds
      user cpu time       0.68 seconds
      system cpu time     0.09 seconds
      memory              4448.93k
      OS Memory           28332.00k
      Timestamp           08/04/2026 01:23:57 AM
      Step Count                        222  Switch Count  0
      Page Faults                       0
      Page Reclaims                     710
      Page Swaps                        0
      Voluntary Context Switches        2250
      Involuntary Context Switches      5
      Block Input Operations            0
      Block Output Operations           201232
      


NOTE: The data set WORK._LOGROW has 1 observations and 8 variables.
NOTE: DATA statement used (Total process time):
      real time           0.00 seconds
      user cpu time       0.00 seconds
3                                                          The SAS System                        Monday, August  3, 2026 06:23:57 PM

      system cpu time     0.00 seconds
      memory              520.40k
      OS Memory           24740.00k
      Timestamp           08/04/2026 01:23:57 AM
      Step Count                        223  Switch Count  2
      Page Faults                       0
      Page Reclaims                     87
      Page Swaps                        0
      Voluntary Context Switches        12
      Involuntary Context Switches      1
      Block Input Operations            0
      Block Output Operations           264
      


NOTE: Appending WORK._LOGROW to FNMAE.RUNLOG.
NOTE: There were 1 observations read from the data set WORK._LOGROW.
NOTE: 1 observations added.
NOTE: The data set FNMAE.RUNLOG has 5 observations and 8 variables.
NOTE: PROCEDURE APPEND used (Total process time):
      real time           0.00 seconds
      user cpu time       0.00 seconds
      system cpu time     0.00 seconds
      memory              1114.62k
      OS Memory           25260.00k
      Timestamp           08/04/2026 01:23:57 AM
      Step Count                        224  Switch Count  0
      Page Faults                       0
      Page Reclaims                     116
      Page Swaps                        0
      Voluntary Context Switches        18
      Involuntary Context Switches      0
      Block Input Operations            0
      Block Output Operations           528
      


NOTE: There were 5 observations read from the data set FNMAE.RUNLOG.
NOTE: The data set FNMAE.RUNLOG has 5 observations and 8 variables.
NOTE: Compressing data set FNMAE.RUNLOG increased size by 100.00 percent. 
      Compressed is 2 pages; un-compressed would require 1 pages.
NOTE: PROCEDURE SORT used (Total process time):
      real time           0.02 seconds
      user cpu time       0.00 seconds
      system cpu time     0.00 seconds
      memory              923.31k
      OS Memory           25000.00k
      Timestamp           08/04/2026 01:23:57 AM
      Step Count                        225  Switch Count  2
      Page Faults                       0
      Page Reclaims                     113
      Page Swaps                        0
      Voluntary Context Switches        47
      Involuntary Context Switches      0
      Block Input Operations            0
      Block Output Operations           520
      

4                                                          The SAS System                        Monday, August  3, 2026 06:23:57 PM


NOTE: There were 5 observations read from the data set FNMAE.RUNLOG.
NOTE: The data set FNMAE.RUNLOG has 5 observations and 8 variables.
NOTE: Compressing data set FNMAE.RUNLOG increased size by 100.00 percent. 
      Compressed is 2 pages; un-compressed would require 1 pages.
NOTE: DATA statement used (Total process time):
      real time           0.02 seconds
      user cpu time       0.00 seconds
      system cpu time     0.00 seconds
      memory              1062.65k
      OS Memory           25000.00k
      Timestamp           08/04/2026 01:23:57 AM
      Step Count                        226  Switch Count  2
      Page Faults                       0
      Page Reclaims                     121
      Page Swaps                        0
      Voluntary Context Switches        56
      Involuntary Context Switches      0
      Block Input Operations            0
      Block Output Operations           520
      

NOTE: PROCEDURE SQL used (Total process time):
      real time           0.00 seconds
      user cpu time       0.00 seconds
      system cpu time     0.01 seconds
      memory              5605.65k
      OS Memory           29864.00k
      Timestamp           08/04/2026 01:23:57 AM
      Step Count                        227  Switch Count  0
      Page Faults                       0
      Page Reclaims                     52
      Page Swaps                        0
      Voluntary Context Switches        11
      Involuntary Context Switches      0
      Block Input Operations            0
      Block Output Operations           0
      


NOTE: Deleting FNMAE.LOAN2001Q1 (memtype=DATA).
NOTE: PROCEDURE DATASETS used (Total process time):
      real time           0.01 seconds
      user cpu time       0.00 seconds
      system cpu time     0.00 seconds
      memory              347.18k
      OS Memory           24740.00k
      Timestamp           08/04/2026 01:23:57 AM
      Step Count                        228  Switch Count  2
      Page Faults                       0
      Page Reclaims                     48
      Page Swaps                        0
      Voluntary Context Switches        22
      Involuntary Context Switches      2
      Block Input Operations            0
      Block Output Operations           8
      

5                                                          The SAS System                        Monday, August  3, 2026 06:23:57 PM


NOTE: Deleting WORK._MONTHLY (memtype=DATA).
NOTE: Deleting WORK._LOGROW (memtype=DATA).
NOTE: PROCEDURE DATASETS used (Total process time):
      real time           0.29 seconds
      user cpu time       0.00 seconds
      system cpu time     0.29 seconds
      memory              348.06k
      OS Memory           24740.00k
      Timestamp           08/04/2026 01:23:58 AM
      Step Count                        229  Switch Count  4
      Page Faults                       0
      Page Reclaims                     48
      Page Swaps                        0
      Voluntary Context Switches        18
      Involuntary Context Switches      42
      Block Input Operations            0
      Block Output Operations           8
      

NOTE: 2001Q1 complete - records read       15,838,528          - loans          471,277          - Defaults            6,228        
  - Elapsed   0:01:41.93          - CUMULATIVE RECORDS       52,646,802
NOTE: 2001Q1.csv.gz removed from RAW
70         
71         OPTIONS NONOTES NOSTIMER NOSOURCE NOSYNTAXCHECK;
81         
6                                                          The SAS System                        Monday, August  3, 2026 06:57:15 PM


1                                                          The SAS System                        Monday, August  3, 2026 06:57:15 PM

1          OPTIONS NONOTES NOSTIMER NOSOURCE NOSYNTAXCHECK;
68         
69         %ProcessYearlyQuarter(YearQtr=2001Q2);
NOTE: Processing data for the yearly quarter: 2001Q2

NOTE: The infile SRC is:
      Filename=/home/bvsierrap0/RAW/2001Q2.csv.gz

NOTE: 32114758 records were read from the infile SRC.
      The minimum record length was 214.
      The maximum record length was 377.
NOTE: The data set WORK._MONTHLY has 32114758 observations and 36 variables.
NOTE: DATA statement used (Total process time):
      real time           3:15.34
      user cpu time       3:10.59
      system cpu time     3.31 seconds
      memory              2269.56k
      OS Memory           24996.00k
      Timestamp           08/04/2026 02:00:30 AM
      Step Count                        235  Switch Count  2
      Page Faults                       0
      Page Reclaims                     216
      Page Swaps                        0
      Voluntary Context Switches        40
      Involuntary Context Switches      2221
      Block Input Operations            0
      Block Output Operations           15085600
      

NOTE: Fileref SRC has been deassigned.

NOTE: Missing values were generated as a result of performing an operation on missing values.
      Each place is given by: (Number of times) at (Line):(Column).
      7264 at 69:2   
NOTE: There were 32114758 observations read from the data set WORK._MONTHLY.
NOTE: The data set FNMAE.LOAN2001Q2 has 847128 observations and 44 variables.
NOTE: Compressing data set FNMAE.LOAN2001Q2 decreased size by 33.85 percent. 
      Compressed is 1405 pages; un-compressed would require 2124 pages.
NOTE: DATA statement used (Total process time):
      real time           7.33 seconds
      user cpu time       5.48 seconds
      system cpu time     1.39 seconds
      memory              4072.00k
      OS Memory           27816.00k
      Timestamp           08/04/2026 02:00:37 AM
      Step Count                        236  Switch Count  10
      Page Faults                       0
      Page Reclaims                     563
      Page Swaps                        0
      Voluntary Context Switches        4017
      Involuntary Context Switches      221
      Block Input Operations            0
      Block Output Operations           360208
      

NOTE: PROCEDURE SQL used (Total process time):
      real time           0.54 seconds
      user cpu time       0.45 seconds
2                                                          The SAS System                        Monday, August  3, 2026 07:00:38 PM

      system cpu time     0.08 seconds
      memory              7250.87k
      OS Memory           30632.00k
      Timestamp           08/04/2026 02:00:38 AM
      Step Count                        237  Switch Count  1
      Page Faults                       0
      Page Reclaims                     244
      Page Swaps                        0
      Voluntary Context Switches        853
      Involuntary Context Switches      54
      Block Input Operations            0
      Block Output Operations           8
      

NOTE: PROCEDURE SQL used (Total process time):
      real time           0.00 seconds
      user cpu time       0.00 seconds
      system cpu time     0.00 seconds
      memory              5605.40k
      OS Memory           29864.00k
      Timestamp           08/04/2026 02:00:38 AM
      Step Count                        238  Switch Count  0
      Page Faults                       0
      Page Reclaims                     52
      Page Swaps                        0
      Voluntary Context Switches        5
      Involuntary Context Switches      1
      Block Input Operations            0
      Block Output Operations           0
      


NOTE: Appending FNMAE.LOAN2001Q2 to FNMAE.LOANMASTER.
NOTE: There were 847128 observations read from the data set FNMAE.LOAN2001Q2.
NOTE: 847128 observations added.
NOTE: The data set FNMAE.LOANMASTER has 2536996 observations and 44 variables.
NOTE: PROCEDURE APPEND used (Total process time):
      real time           1.77 seconds
      user cpu time       1.19 seconds
      system cpu time     0.16 seconds
      memory              4450.37k
      OS Memory           28332.00k
      Timestamp           08/04/2026 02:00:40 AM
      Step Count                        239  Switch Count  0
      Page Faults                       0
      Page Reclaims                     710
      Page Swaps                        0
      Voluntary Context Switches        4621
      Involuntary Context Switches      11
      Block Input Operations            0
      Block Output Operations           361496
      


NOTE: The data set WORK._LOGROW has 1 observations and 8 variables.
NOTE: DATA statement used (Total process time):
      real time           0.00 seconds
      user cpu time       0.00 seconds
3                                                          The SAS System                        Monday, August  3, 2026 07:00:40 PM

      system cpu time     0.00 seconds
      memory              529.40k
      OS Memory           24740.00k
      Timestamp           08/04/2026 02:00:40 AM
      Step Count                        240  Switch Count  2
      Page Faults                       0
      Page Reclaims                     87
      Page Swaps                        0
      Voluntary Context Switches        10
      Involuntary Context Switches      0
      Block Input Operations            0
      Block Output Operations           264
      


NOTE: Appending WORK._LOGROW to FNMAE.RUNLOG.
NOTE: There were 1 observations read from the data set WORK._LOGROW.
NOTE: 1 observations added.
NOTE: The data set FNMAE.RUNLOG has 6 observations and 8 variables.
NOTE: PROCEDURE APPEND used (Total process time):
      real time           0.00 seconds
      user cpu time       0.00 seconds
      system cpu time     0.00 seconds
      memory              1114.93k
      OS Memory           25260.00k
      Timestamp           08/04/2026 02:00:40 AM
      Step Count                        241  Switch Count  0
      Page Faults                       0
      Page Reclaims                     116
      Page Swaps                        0
      Voluntary Context Switches        20
      Involuntary Context Switches      0
      Block Input Operations            0
      Block Output Operations           528
      


NOTE: There were 6 observations read from the data set FNMAE.RUNLOG.
NOTE: The data set FNMAE.RUNLOG has 6 observations and 8 variables.
NOTE: Compressing data set FNMAE.RUNLOG increased size by 100.00 percent. 
      Compressed is 2 pages; un-compressed would require 1 pages.
NOTE: PROCEDURE SORT used (Total process time):
      real time           0.01 seconds
      user cpu time       0.00 seconds
      system cpu time     0.00 seconds
      memory              924.03k
      OS Memory           25000.00k
      Timestamp           08/04/2026 02:00:40 AM
      Step Count                        242  Switch Count  2
      Page Faults                       0
      Page Reclaims                     113
      Page Swaps                        0
      Voluntary Context Switches        49
      Involuntary Context Switches      1
      Block Input Operations            0
      Block Output Operations           520
      

4                                                          The SAS System                        Monday, August  3, 2026 07:00:40 PM


NOTE: There were 6 observations read from the data set FNMAE.RUNLOG.
NOTE: The data set FNMAE.RUNLOG has 6 observations and 8 variables.
NOTE: Compressing data set FNMAE.RUNLOG increased size by 100.00 percent. 
      Compressed is 2 pages; un-compressed would require 1 pages.
NOTE: DATA statement used (Total process time):
      real time           0.02 seconds
      user cpu time       0.00 seconds
      system cpu time     0.00 seconds
      memory              1071.40k
      OS Memory           25000.00k
      Timestamp           08/04/2026 02:00:40 AM
      Step Count                        243  Switch Count  2
      Page Faults                       0
      Page Reclaims                     121
      Page Swaps                        0
      Voluntary Context Switches        51
      Involuntary Context Switches      0
      Block Input Operations            0
      Block Output Operations           520
      

NOTE: PROCEDURE SQL used (Total process time):
      real time           0.00 seconds
      user cpu time       0.00 seconds
      system cpu time     0.00 seconds
      memory              5605.40k
      OS Memory           29864.00k
      Timestamp           08/04/2026 02:00:40 AM
      Step Count                        244  Switch Count  0
      Page Faults                       0
      Page Reclaims                     52
      Page Swaps                        0
      Voluntary Context Switches        9
      Involuntary Context Switches      1
      Block Input Operations            0
      Block Output Operations           0
      


NOTE: Deleting FNMAE.LOAN2001Q2 (memtype=DATA).
NOTE: PROCEDURE DATASETS used (Total process time):
      real time           0.02 seconds
      user cpu time       0.00 seconds
      system cpu time     0.01 seconds
      memory              350.50k
      OS Memory           24740.00k
      Timestamp           08/04/2026 02:00:40 AM
      Step Count                        245  Switch Count  2
      Page Faults                       0
      Page Reclaims                     48
      Page Swaps                        0
      Voluntary Context Switches        22
      Involuntary Context Switches      1
      Block Input Operations            0
      Block Output Operations           8
      

5                                                          The SAS System                        Monday, August  3, 2026 07:00:40 PM


NOTE: Deleting WORK._MONTHLY (memtype=DATA).
NOTE: Deleting WORK._LOGROW (memtype=DATA).
NOTE: PROCEDURE DATASETS used (Total process time):
      real time           0.59 seconds
      user cpu time       0.00 seconds
      system cpu time     0.59 seconds
      memory              347.62k
      OS Memory           24740.00k
      Timestamp           08/04/2026 02:00:40 AM
      Step Count                        246  Switch Count  4
      Page Faults                       0
      Page Reclaims                     48
      Page Swaps                        0
      Voluntary Context Switches        28
      Involuntary Context Switches      77
      Block Input Operations            0
      Block Output Operations           8
      

NOTE: 2001Q2 complete - records read       32,114,758          - loans          847,128          - Defaults            9,606        
  - Elapsed   0:03:25.03          - CUMULATIVE RECORDS       84,761,560
NOTE: 2001Q2.csv.gz removed from RAW
70         
71         OPTIONS NONOTES NOSTIMER NOSOURCE NOSYNTAXCHECK;
81         
6                                                          The SAS System                        Monday, August  3, 2026 07:23:15 PM


1                                                          The SAS System                        Monday, August  3, 2026 07:23:15 PM

1          OPTIONS NONOTES NOSTIMER NOSOURCE NOSYNTAXCHECK;
68         
69         %ProcessYearlyQuarter(YearQtr=2001Q3);
NOTE: Processing data for the yearly quarter: 2001Q3

NOTE: The infile SRC is:
      Filename=/home/bvsierrap0/RAW/2001Q3.csv.gz

NOTE: 28527792 records were read from the infile SRC.
      The minimum record length was 214.
      The maximum record length was 372.
NOTE: The data set WORK._MONTHLY has 28527792 observations and 36 variables.
NOTE: DATA statement used (Total process time):
      real time           2:53.09
      user cpu time       2:49.09
      system cpu time     2.82 seconds
      memory              2257.40k
      OS Memory           24996.00k
      Timestamp           08/04/2026 02:26:08 AM
      Step Count                        252  Switch Count  2
      Page Faults                       0
      Page Reclaims                     252
      Page Swaps                        0
      Voluntary Context Switches        41
      Involuntary Context Switches      2994
      Block Input Operations            0
      Block Output Operations           13400608
      

NOTE: Fileref SRC has been deassigned.

NOTE: Missing values were generated as a result of performing an operation on missing values.
      Each place is given by: (Number of times) at (Line):(Column).
      7932 at 69:2   
NOTE: There were 28527792 observations read from the data set WORK._MONTHLY.
NOTE: The data set FNMAE.LOAN2001Q3 has 790095 observations and 44 variables.
NOTE: Compressing data set FNMAE.LOAN2001Q3 decreased size by 33.87 percent. 
      Compressed is 1310 pages; un-compressed would require 1981 pages.
NOTE: DATA statement used (Total process time):
      real time           6.39 seconds
      user cpu time       4.89 seconds
      system cpu time     1.21 seconds
      memory              4032.93k
      OS Memory           27816.00k
      Timestamp           08/04/2026 02:26:15 AM
      Step Count                        253  Switch Count  10
      Page Faults                       0
      Page Reclaims                     563
      Page Swaps                        0
      Voluntary Context Switches        2158
      Involuntary Context Switches      21
      Block Input Operations            0
      Block Output Operations           335888
      

NOTE: PROCEDURE SQL used (Total process time):
      real time           0.51 seconds
      user cpu time       0.42 seconds
2                                                          The SAS System                        Monday, August  3, 2026 07:26:15 PM

      system cpu time     0.07 seconds
      memory              7251.03k
      OS Memory           30632.00k
      Timestamp           08/04/2026 02:26:15 AM
      Step Count                        254  Switch Count  1
      Page Faults                       0
      Page Reclaims                     244
      Page Swaps                        0
      Voluntary Context Switches        460
      Involuntary Context Switches      6
      Block Input Operations            0
      Block Output Operations           0
      

NOTE: PROCEDURE SQL used (Total process time):
      real time           0.00 seconds
      user cpu time       0.00 seconds
      system cpu time     0.01 seconds
      memory              5605.56k
      OS Memory           29864.00k
      Timestamp           08/04/2026 02:26:15 AM
      Step Count                        255  Switch Count  0
      Page Faults                       0
      Page Reclaims                     52
      Page Swaps                        0
      Voluntary Context Switches        5
      Involuntary Context Switches      0
      Block Input Operations            0
      Block Output Operations           0
      


NOTE: Appending FNMAE.LOAN2001Q3 to FNMAE.LOANMASTER.
NOTE: There were 790095 observations read from the data set FNMAE.LOAN2001Q3.
NOTE: 790095 observations added.
NOTE: The data set FNMAE.LOANMASTER has 3327091 observations and 44 variables.
NOTE: PROCEDURE APPEND used (Total process time):
      real time           1.65 seconds
      user cpu time       1.12 seconds
      system cpu time     0.13 seconds
      memory              4449.28k
      OS Memory           28332.00k
      Timestamp           08/04/2026 02:26:17 AM
      Step Count                        256  Switch Count  0
      Page Faults                       0
      Page Reclaims                     710
      Page Swaps                        0
      Voluntary Context Switches        3997
      Involuntary Context Switches      4
      Block Input Operations            0
      Block Output Operations           337176
      


NOTE: The data set WORK._LOGROW has 1 observations and 8 variables.
NOTE: DATA statement used (Total process time):
      real time           0.00 seconds
      user cpu time       0.00 seconds
3                                                          The SAS System                        Monday, August  3, 2026 07:26:17 PM

      system cpu time     0.00 seconds
      memory              519.15k
      OS Memory           24740.00k
      Timestamp           08/04/2026 02:26:17 AM
      Step Count                        257  Switch Count  2
      Page Faults                       0
      Page Reclaims                     87
      Page Swaps                        0
      Voluntary Context Switches        11
      Involuntary Context Switches      0
      Block Input Operations            0
      Block Output Operations           264
      


NOTE: Appending WORK._LOGROW to FNMAE.RUNLOG.
NOTE: There were 1 observations read from the data set WORK._LOGROW.
NOTE: 1 observations added.
NOTE: The data set FNMAE.RUNLOG has 7 observations and 8 variables.
NOTE: PROCEDURE APPEND used (Total process time):
      real time           0.00 seconds
      user cpu time       0.00 seconds
      system cpu time     0.00 seconds
      memory              1114.09k
      OS Memory           25260.00k
      Timestamp           08/04/2026 02:26:17 AM
      Step Count                        258  Switch Count  0
      Page Faults                       0
      Page Reclaims                     116
      Page Swaps                        0
      Voluntary Context Switches        21
      Involuntary Context Switches      0
      Block Input Operations            0
      Block Output Operations           528
      


NOTE: There were 7 observations read from the data set FNMAE.RUNLOG.
NOTE: The data set FNMAE.RUNLOG has 7 observations and 8 variables.
NOTE: Compressing data set FNMAE.RUNLOG increased size by 100.00 percent. 
      Compressed is 2 pages; un-compressed would require 1 pages.
NOTE: PROCEDURE SORT used (Total process time):
      real time           0.01 seconds
      user cpu time       0.00 seconds
      system cpu time     0.00 seconds
      memory              923.15k
      OS Memory           25000.00k
      Timestamp           08/04/2026 02:26:17 AM
      Step Count                        259  Switch Count  2
      Page Faults                       0
      Page Reclaims                     113
      Page Swaps                        0
      Voluntary Context Switches        48
      Involuntary Context Switches      0
      Block Input Operations            0
      Block Output Operations           520
      

4                                                          The SAS System                        Monday, August  3, 2026 07:26:17 PM


NOTE: There were 7 observations read from the data set FNMAE.RUNLOG.
NOTE: The data set FNMAE.RUNLOG has 7 observations and 8 variables.
NOTE: Compressing data set FNMAE.RUNLOG increased size by 100.00 percent. 
      Compressed is 2 pages; un-compressed would require 1 pages.
NOTE: DATA statement used (Total process time):
      real time           0.01 seconds
      user cpu time       0.00 seconds
      system cpu time     0.00 seconds
      memory              1060.50k
      OS Memory           25000.00k
      Timestamp           08/04/2026 02:26:17 AM
      Step Count                        260  Switch Count  2
      Page Faults                       0
      Page Reclaims                     121
      Page Swaps                        0
      Voluntary Context Switches        52
      Involuntary Context Switches      0
      Block Input Operations            0
      Block Output Operations           520
      

NOTE: PROCEDURE SQL used (Total process time):
      real time           0.00 seconds
      user cpu time       0.00 seconds
      system cpu time     0.00 seconds
      memory              5605.56k
      OS Memory           29864.00k
      Timestamp           08/04/2026 02:26:17 AM
      Step Count                        261  Switch Count  0
      Page Faults                       0
      Page Reclaims                     52
      Page Swaps                        0
      Voluntary Context Switches        11
      Involuntary Context Switches      0
      Block Input Operations            0
      Block Output Operations           0
      


NOTE: Deleting FNMAE.LOAN2001Q3 (memtype=DATA).
NOTE: PROCEDURE DATASETS used (Total process time):
      real time           0.03 seconds
      user cpu time       0.00 seconds
      system cpu time     0.01 seconds
      memory              346.62k
      OS Memory           24740.00k
      Timestamp           08/04/2026 02:26:17 AM
      Step Count                        262  Switch Count  2
      Page Faults                       0
      Page Reclaims                     48
      Page Swaps                        0
      Voluntary Context Switches        22
      Involuntary Context Switches      2
      Block Input Operations            0
      Block Output Operations           8
      

5                                                          The SAS System                        Monday, August  3, 2026 07:26:17 PM


NOTE: Deleting WORK._MONTHLY (memtype=DATA).
NOTE: Deleting WORK._LOGROW (memtype=DATA).
NOTE: PROCEDURE DATASETS used (Total process time):
      real time           0.56 seconds
      user cpu time       0.00 seconds
      system cpu time     0.56 seconds
      memory              346.62k
      OS Memory           24740.00k
      Timestamp           08/04/2026 02:26:17 AM
      Step Count                        263  Switch Count  4
      Page Faults                       0
      Page Reclaims                     48
      Page Swaps                        0
      Voluntary Context Switches        18
      Involuntary Context Switches      127
      Block Input Operations            0
      Block Output Operations           8
      

NOTE: 2001Q3 complete - records read       28,527,792          - loans          790,095          - Defaults            9,278        
  - Elapsed   0:03:01.70          - CUMULATIVE RECORDS      113,290,000
NOTE: 2001Q3.csv.gz removed from RAW
70         
71         OPTIONS NONOTES NOSTIMER NOSOURCE NOSYNTAXCHECK;
81         
6                                                          The SAS System                        Monday, August  3, 2026 07:43:41 PM


1                                                          The SAS System                        Monday, August  3, 2026 07:43:41 PM

1          OPTIONS NONOTES NOSTIMER NOSOURCE NOSYNTAXCHECK;
68         
69         %ProcessYearlyQuarter(YearQtr=2001Q4);
NOTE: Processing data for the yearly quarter: 2001Q4

NOTE: The infile SRC is:
      Filename=/home/bvsierrap0/RAW/2001Q4.csv.gz

NOTE: 38135841 records were read from the infile SRC.
      The minimum record length was 212.
      The maximum record length was 376.
NOTE: The data set WORK._MONTHLY has 38135841 observations and 36 variables.
NOTE: DATA statement used (Total process time):
      real time           3:50.63
      user cpu time       3:45.30
      system cpu time     3.74 seconds
      memory              2257.68k
      OS Memory           24996.00k
      Timestamp           08/04/2026 02:47:32 AM
      Step Count                        269  Switch Count  2
      Page Faults                       0
      Page Reclaims                     272
      Page Swaps                        0
      Voluntary Context Switches        42
      Involuntary Context Switches      1944
      Block Input Operations            0
      Block Output Operations           17913896
      

NOTE: Fileref SRC has been deassigned.

NOTE: Missing values were generated as a result of performing an operation on missing values.
      Each place is given by: (Number of times) at (Line):(Column).
      6987 at 69:2   
NOTE: There were 38135841 observations read from the data set WORK._MONTHLY.
NOTE: The data set FNMAE.LOAN2001Q4 has 896643 observations and 44 variables.
NOTE: Compressing data set FNMAE.LOAN2001Q4 decreased size by 33.99 percent. 
      Compressed is 1484 pages; un-compressed would require 2248 pages.
NOTE: DATA statement used (Total process time):
      real time           8.50 seconds
      user cpu time       6.46 seconds
      system cpu time     1.53 seconds
      memory              4062.15k
      OS Memory           27816.00k
      Timestamp           08/04/2026 02:47:40 AM
      Step Count                        270  Switch Count  10
      Page Faults                       0
      Page Reclaims                     564
      Page Swaps                        0
      Voluntary Context Switches        4421
      Involuntary Context Switches      38
      Block Input Operations            0
      Block Output Operations           379912
      

NOTE: PROCEDURE SQL used (Total process time):
      real time           0.58 seconds
      user cpu time       0.46 seconds
2                                                          The SAS System                        Monday, August  3, 2026 07:47:41 PM

      system cpu time     0.10 seconds
      memory              7251.09k
      OS Memory           30632.00k
      Timestamp           08/04/2026 02:47:41 AM
      Step Count                        271  Switch Count  1
      Page Faults                       0
      Page Reclaims                     244
      Page Swaps                        0
      Voluntary Context Switches        1033
      Involuntary Context Switches      9
      Block Input Operations            0
      Block Output Operations           0
      

NOTE: PROCEDURE SQL used (Total process time):
      real time           0.00 seconds
      user cpu time       0.00 seconds
      system cpu time     0.00 seconds
      memory              5605.62k
      OS Memory           29864.00k
      Timestamp           08/04/2026 02:47:41 AM
      Step Count                        272  Switch Count  0
      Page Faults                       0
      Page Reclaims                     52
      Page Swaps                        0
      Voluntary Context Switches        5
      Involuntary Context Switches      0
      Block Input Operations            0
      Block Output Operations           0
      


NOTE: Appending FNMAE.LOAN2001Q4 to FNMAE.LOANMASTER.
NOTE: There were 896643 observations read from the data set FNMAE.LOAN2001Q4.
NOTE: 896643 observations added.
NOTE: The data set FNMAE.LOANMASTER has 4223734 observations and 44 variables.
NOTE: PROCEDURE APPEND used (Total process time):
      real time           1.90 seconds
      user cpu time       1.26 seconds
      system cpu time     0.19 seconds
      memory              4448.84k
      OS Memory           28332.00k
      Timestamp           08/04/2026 02:47:43 AM
      Step Count                        273  Switch Count  8
      Page Faults                       0
      Page Reclaims                     710
      Page Swaps                        0
      Voluntary Context Switches        4744
      Involuntary Context Switches      3
      Block Input Operations            0
      Block Output Operations           380688
      


NOTE: The data set WORK._LOGROW has 1 observations and 8 variables.
NOTE: DATA statement used (Total process time):
      real time           0.00 seconds
      user cpu time       0.01 seconds
3                                                          The SAS System                        Monday, August  3, 2026 07:47:43 PM

      system cpu time     0.00 seconds
      memory              524.46k
      OS Memory           24740.00k
      Timestamp           08/04/2026 02:47:43 AM
      Step Count                        274  Switch Count  2
      Page Faults                       0
      Page Reclaims                     87
      Page Swaps                        0
      Voluntary Context Switches        11
      Involuntary Context Switches      0
      Block Input Operations            0
      Block Output Operations           264
      


NOTE: Appending WORK._LOGROW to FNMAE.RUNLOG.
NOTE: There were 1 observations read from the data set WORK._LOGROW.
NOTE: 1 observations added.
NOTE: The data set FNMAE.RUNLOG has 8 observations and 8 variables.
NOTE: PROCEDURE APPEND used (Total process time):
      real time           0.00 seconds
      user cpu time       0.00 seconds
      system cpu time     0.00 seconds
      memory              1113.78k
      OS Memory           25260.00k
      Timestamp           08/04/2026 02:47:43 AM
      Step Count                        275  Switch Count  0
      Page Faults                       0
      Page Reclaims                     116
      Page Swaps                        0
      Voluntary Context Switches        20
      Involuntary Context Switches      0
      Block Input Operations            0
      Block Output Operations           528
      


NOTE: There were 8 observations read from the data set FNMAE.RUNLOG.
NOTE: The data set FNMAE.RUNLOG has 8 observations and 8 variables.
NOTE: Compressing data set FNMAE.RUNLOG increased size by 100.00 percent. 
      Compressed is 2 pages; un-compressed would require 1 pages.
NOTE: PROCEDURE SORT used (Total process time):
      real time           0.01 seconds
      user cpu time       0.00 seconds
      system cpu time     0.00 seconds
      memory              924.31k
      OS Memory           25000.00k
      Timestamp           08/04/2026 02:47:43 AM
      Step Count                        276  Switch Count  2
      Page Faults                       0
      Page Reclaims                     113
      Page Swaps                        0
      Voluntary Context Switches        47
      Involuntary Context Switches      0
      Block Input Operations            0
      Block Output Operations           520
      

4                                                          The SAS System                        Monday, August  3, 2026 07:47:43 PM


NOTE: There were 8 observations read from the data set FNMAE.RUNLOG.
NOTE: The data set FNMAE.RUNLOG has 8 observations and 8 variables.
NOTE: Compressing data set FNMAE.RUNLOG increased size by 100.00 percent. 
      Compressed is 2 pages; un-compressed would require 1 pages.
NOTE: DATA statement used (Total process time):
      real time           0.02 seconds
      user cpu time       0.00 seconds
      system cpu time     0.00 seconds
      memory              1059.21k
      OS Memory           25000.00k
      Timestamp           08/04/2026 02:47:43 AM
      Step Count                        277  Switch Count  2
      Page Faults                       0
      Page Reclaims                     121
      Page Swaps                        0
      Voluntary Context Switches        49
      Involuntary Context Switches      0
      Block Input Operations            0
      Block Output Operations           520
      

NOTE: PROCEDURE SQL used (Total process time):
      real time           0.00 seconds
      user cpu time       0.01 seconds
      system cpu time     0.00 seconds
      memory              5605.62k
      OS Memory           29864.00k
      Timestamp           08/04/2026 02:47:43 AM
      Step Count                        278  Switch Count  0
      Page Faults                       0
      Page Reclaims                     52
      Page Swaps                        0
      Voluntary Context Switches        9
      Involuntary Context Switches      0
      Block Input Operations            0
      Block Output Operations           0
      


NOTE: Deleting FNMAE.LOAN2001Q4 (memtype=DATA).
NOTE: PROCEDURE DATASETS used (Total process time):
      real time           0.03 seconds
      user cpu time       0.00 seconds
      system cpu time     0.02 seconds
      memory              346.18k
      OS Memory           24740.00k
      Timestamp           08/04/2026 02:47:43 AM
      Step Count                        279  Switch Count  2
      Page Faults                       0
      Page Reclaims                     48
      Page Swaps                        0
      Voluntary Context Switches        22
      Involuntary Context Switches      1
      Block Input Operations            0
      Block Output Operations           8
      

5                                                          The SAS System                        Monday, August  3, 2026 07:47:43 PM


NOTE: Deleting WORK._MONTHLY (memtype=DATA).
NOTE: Deleting WORK._LOGROW (memtype=DATA).
NOTE: PROCEDURE DATASETS used (Total process time):
      real time           0.69 seconds
      user cpu time       0.00 seconds
      system cpu time     0.68 seconds
      memory              347.18k
      OS Memory           24740.00k
      Timestamp           08/04/2026 02:47:43 AM
      Step Count                        280  Switch Count  4
      Page Faults                       0
      Page Reclaims                     48
      Page Swaps                        0
      Voluntary Context Switches        18
      Involuntary Context Switches      119
      Block Input Operations            0
      Block Output Operations           8
      

NOTE: 2001Q4 complete - records read       38,135,841          - loans          896,643          - Defaults           10,576        
  - Elapsed   0:04:01.68          - CUMULATIVE RECORDS      151,430,000
NOTE: 2001Q4.csv.gz removed from RAW
70         
71         OPTIONS NONOTES NOSTIMER NOSOURCE NOSYNTAXCHECK;
81         
6                                                          The SAS System                        Monday, August  3, 2026 08:14:34 PM


1                                                          The SAS System                        Monday, August  3, 2026 08:14:34 PM

1          OPTIONS NONOTES NOSTIMER NOSOURCE NOSYNTAXCHECK;
68         
69         %ProcessYearlyQuarter(YearQtr=2002Q1);
NOTE: Processing data for the yearly quarter: 2002Q1

NOTE: The infile SRC is:
      Filename=/home/bvsierrap0/RAW/2002Q1.csv.gz

NOTE: 42663862 records were read from the infile SRC.
      The minimum record length was 213.
      The maximum record length was 379.
NOTE: The data set WORK._MONTHLY has 42663862 observations and 36 variables.
NOTE: DATA statement used (Total process time):
      real time           4:19.18
      user cpu time       4:13.03
      system cpu time     4.23 seconds
      memory              2267.09k
      OS Memory           24996.00k
      Timestamp           08/04/2026 03:18:54 AM
      Step Count                        286  Switch Count  2
      Page Faults                       0
      Page Reclaims                     289
      Page Swaps                        0
      Voluntary Context Switches        41
      Involuntary Context Switches      2375
      Block Input Operations            0
      Block Output Operations           20040736
      

NOTE: Fileref SRC has been deassigned.

NOTE: Missing values were generated as a result of performing an operation on missing values.
      Each place is given by: (Number of times) at (Line):(Column).
      6593 at 69:2   
NOTE: There were 42663862 observations read from the data set WORK._MONTHLY.
NOTE: The data set FNMAE.LOAN2002Q1 has 968761 observations and 44 variables.
NOTE: Compressing data set FNMAE.LOAN2002Q1 decreased size by 33.80 percent. 
      Compressed is 1608 pages; un-compressed would require 2429 pages.
NOTE: DATA statement used (Total process time):
      real time           9.59 seconds
      user cpu time       7.59 seconds
      system cpu time     1.75 seconds
      memory              4057.50k
      OS Memory           27816.00k
      Timestamp           08/04/2026 03:19:03 AM
      Step Count                        287  Switch Count  10
      Page Faults                       0
      Page Reclaims                     565
      Page Swaps                        0
      Voluntary Context Switches        840
      Involuntary Context Switches      84
      Block Input Operations            0
      Block Output Operations           412184
      

NOTE: PROCEDURE SQL used (Total process time):
      real time           0.59 seconds
      user cpu time       0.48 seconds
2                                                          The SAS System                        Monday, August  3, 2026 08:19:04 PM

      system cpu time     0.07 seconds
      memory              7250.71k
      OS Memory           30632.00k
      Timestamp           08/04/2026 03:19:04 AM
      Step Count                        288  Switch Count  9
      Page Faults                       0
      Page Reclaims                     244
      Page Swaps                        0
      Voluntary Context Switches        2004
      Involuntary Context Switches      1
      Block Input Operations            0
      Block Output Operations           0
      

NOTE: PROCEDURE SQL used (Total process time):
      real time           0.00 seconds
      user cpu time       0.00 seconds
      system cpu time     0.01 seconds
      memory              5605.25k
      OS Memory           29864.00k
      Timestamp           08/04/2026 03:19:04 AM
      Step Count                        289  Switch Count  0
      Page Faults                       0
      Page Reclaims                     52
      Page Swaps                        0
      Voluntary Context Switches        5
      Involuntary Context Switches      0
      Block Input Operations            0
      Block Output Operations           0
      


NOTE: Appending FNMAE.LOAN2002Q1 to FNMAE.LOANMASTER.
NOTE: There were 968761 observations read from the data set FNMAE.LOAN2002Q1.
NOTE: 968761 observations added.
NOTE: The data set FNMAE.LOANMASTER has 5192495 observations and 44 variables.
NOTE: PROCEDURE APPEND used (Total process time):
      real time           2.02 seconds
      user cpu time       1.35 seconds
      system cpu time     0.17 seconds
      memory              4448.81k
      OS Memory           28332.00k
      Timestamp           08/04/2026 03:19:06 AM
      Step Count                        290  Switch Count  0
      Page Faults                       0
      Page Reclaims                     710
      Page Swaps                        0
      Voluntary Context Switches        4928
      Involuntary Context Switches      19
      Block Input Operations            0
      Block Output Operations           413464
      


NOTE: The data set WORK._LOGROW has 1 observations and 8 variables.
NOTE: DATA statement used (Total process time):
      real time           0.00 seconds
      user cpu time       0.00 seconds
3                                                          The SAS System                        Monday, August  3, 2026 08:19:06 PM

      system cpu time     0.00 seconds
      memory              525.59k
      OS Memory           24740.00k
      Timestamp           08/04/2026 03:19:06 AM
      Step Count                        291  Switch Count  2
      Page Faults                       0
      Page Reclaims                     87
      Page Swaps                        0
      Voluntary Context Switches        12
      Involuntary Context Switches      0
      Block Input Operations            0
      Block Output Operations           264
      


NOTE: Appending WORK._LOGROW to FNMAE.RUNLOG.
NOTE: There were 1 observations read from the data set WORK._LOGROW.
NOTE: 1 observations added.
NOTE: The data set FNMAE.RUNLOG has 9 observations and 8 variables.
NOTE: PROCEDURE APPEND used (Total process time):
      real time           0.00 seconds
      user cpu time       0.00 seconds
      system cpu time     0.00 seconds
      memory              1114.50k
      OS Memory           25260.00k
      Timestamp           08/04/2026 03:19:06 AM
      Step Count                        292  Switch Count  0
      Page Faults                       0
      Page Reclaims                     116
      Page Swaps                        0
      Voluntary Context Switches        22
      Involuntary Context Switches      0
      Block Input Operations            0
      Block Output Operations           528
      


NOTE: There were 9 observations read from the data set FNMAE.RUNLOG.
NOTE: The data set FNMAE.RUNLOG has 9 observations and 8 variables.
NOTE: Compressing data set FNMAE.RUNLOG increased size by 100.00 percent. 
      Compressed is 2 pages; un-compressed would require 1 pages.
NOTE: PROCEDURE SORT used (Total process time):
      real time           0.01 seconds
      user cpu time       0.00 seconds
      system cpu time     0.00 seconds
      memory              923.90k
      OS Memory           25000.00k
      Timestamp           08/04/2026 03:19:06 AM
      Step Count                        293  Switch Count  2
      Page Faults                       0
      Page Reclaims                     113
      Page Swaps                        0
      Voluntary Context Switches        51
      Involuntary Context Switches      0
      Block Input Operations            0
      Block Output Operations           520
      

4                                                          The SAS System                        Monday, August  3, 2026 08:19:06 PM


NOTE: There were 9 observations read from the data set FNMAE.RUNLOG.
NOTE: The data set FNMAE.RUNLOG has 9 observations and 8 variables.
NOTE: Compressing data set FNMAE.RUNLOG increased size by 100.00 percent. 
      Compressed is 2 pages; un-compressed would require 1 pages.
NOTE: DATA statement used (Total process time):
      real time           0.02 seconds
      user cpu time       0.00 seconds
      system cpu time     0.00 seconds
      memory              1064.12k
      OS Memory           25000.00k
      Timestamp           08/04/2026 03:19:06 AM
      Step Count                        294  Switch Count  2
      Page Faults                       0
      Page Reclaims                     121
      Page Swaps                        0
      Voluntary Context Switches        49
      Involuntary Context Switches      0
      Block Input Operations            0
      Block Output Operations           528
      

NOTE: PROCEDURE SQL used (Total process time):
      real time           0.00 seconds
      user cpu time       0.00 seconds
      system cpu time     0.00 seconds
      memory              5605.25k
      OS Memory           29864.00k
      Timestamp           08/04/2026 03:19:06 AM
      Step Count                        295  Switch Count  0
      Page Faults                       0
      Page Reclaims                     52
      Page Swaps                        0
      Voluntary Context Switches        11
      Involuntary Context Switches      0
      Block Input Operations            0
      Block Output Operations           0
      


NOTE: Deleting FNMAE.LOAN2002Q1 (memtype=DATA).
NOTE: PROCEDURE DATASETS used (Total process time):
      real time           0.03 seconds
      user cpu time       0.00 seconds
      system cpu time     0.02 seconds
      memory              347.15k
      OS Memory           24740.00k
      Timestamp           08/04/2026 03:19:06 AM
      Step Count                        296  Switch Count  2
      Page Faults                       0
      Page Reclaims                     48
      Page Swaps                        0
      Voluntary Context Switches        22
      Involuntary Context Switches      1
      Block Input Operations            0
      Block Output Operations           8
      

5                                                          The SAS System                        Monday, August  3, 2026 08:19:06 PM


NOTE: Deleting WORK._MONTHLY (memtype=DATA).
NOTE: Deleting WORK._LOGROW (memtype=DATA).
NOTE: PROCEDURE DATASETS used (Total process time):
      real time           0.71 seconds
      user cpu time       0.00 seconds
      system cpu time     0.70 seconds
      memory              349.28k
      OS Memory           24740.00k
      Timestamp           08/04/2026 03:19:07 AM
      Step Count                        297  Switch Count  4
      Page Faults                       0
      Page Reclaims                     48
      Page Swaps                        0
      Voluntary Context Switches        19
      Involuntary Context Switches      116
      Block Input Operations            0
      Block Output Operations           8
      

NOTE: 2002Q1 complete - records read       42,663,862          - loans          968,761          - Defaults           11,277        
  - Elapsed   0:04:31.44          - CUMULATIVE RECORDS      194,090,000
NOTE: 2002Q1.csv.gz removed from RAW
70         
71         OPTIONS NONOTES NOSTIMER NOSOURCE NOSYNTAXCHECK;
81         
6                                                          The SAS System                        Monday, August  3, 2026 08:39:15 PM


1                                                          The SAS System                        Monday, August  3, 2026 08:39:15 PM

1          OPTIONS NONOTES NOSTIMER NOSOURCE NOSYNTAXCHECK;
68         
69         %ProcessYearlyQuarter(YearQtr=2002Q2);
NOTE: Processing data for the yearly quarter: 2002Q2

NOTE: The infile SRC is:
      Filename=/home/bvsierrap0/RAW/2002Q2.csv.gz

NOTE: 27092919 records were read from the infile SRC.
      The minimum record length was 213.
      The maximum record length was 383.
NOTE: The data set WORK._MONTHLY has 27092919 observations and 36 variables.
NOTE: DATA statement used (Total process time):
      real time           2:44.46
      user cpu time       2:40.80
      system cpu time     2.55 seconds
      memory              2256.37k
      OS Memory           24996.00k
      Timestamp           08/04/2026 03:41:59 AM
      Step Count                        303  Switch Count  2
      Page Faults                       0
      Page Reclaims                     287
      Page Swaps                        0
      Voluntary Context Switches        39
      Involuntary Context Switches      1984
      Block Input Operations            0
      Block Output Operations           12726560
      

NOTE: Fileref SRC has been deassigned.

NOTE: Missing values were generated as a result of performing an operation on missing values.
      Each place is given by: (Number of times) at (Line):(Column).
      4186 at 69:2   
NOTE: There were 27092919 observations read from the data set WORK._MONTHLY.
NOTE: The data set FNMAE.LOAN2002Q2 has 669494 observations and 44 variables.
NOTE: Compressing data set FNMAE.LOAN2002Q2 decreased size by 33.67 percent. 
      Compressed is 1113 pages; un-compressed would require 1678 pages.
NOTE: DATA statement used (Total process time):
      real time           6.01 seconds
      user cpu time       4.59 seconds
      system cpu time     1.09 seconds
      memory              4055.37k
      OS Memory           27816.00k
      Timestamp           08/04/2026 03:42:06 AM
      Step Count                        304  Switch Count  10
      Page Faults                       0
      Page Reclaims                     563
      Page Swaps                        0
      Voluntary Context Switches        2654
      Involuntary Context Switches      10
      Block Input Operations            0
      Block Output Operations           285456
      

NOTE: PROCEDURE SQL used (Total process time):
      real time           0.43 seconds
      user cpu time       0.32 seconds
2                                                          The SAS System                        Monday, August  3, 2026 08:42:06 PM

      system cpu time     0.08 seconds
      memory              7251.50k
      OS Memory           30632.00k
      Timestamp           08/04/2026 03:42:06 AM
      Step Count                        305  Switch Count  1
      Page Faults                       0
      Page Reclaims                     244
      Page Swaps                        0
      Voluntary Context Switches        94
      Involuntary Context Switches      79
      Block Input Operations            0
      Block Output Operations           0
      

NOTE: PROCEDURE SQL used (Total process time):
      real time           0.00 seconds
      user cpu time       0.00 seconds
      system cpu time     0.01 seconds
      memory              5606.15k
      OS Memory           29864.00k
      Timestamp           08/04/2026 03:42:06 AM
      Step Count                        306  Switch Count  0
      Page Faults                       0
      Page Reclaims                     52
      Page Swaps                        0
      Voluntary Context Switches        5
      Involuntary Context Switches      0
      Block Input Operations            0
      Block Output Operations           0
      


NOTE: Appending FNMAE.LOAN2002Q2 to FNMAE.LOANMASTER.
NOTE: There were 669494 observations read from the data set FNMAE.LOAN2002Q2.
NOTE: 669494 observations added.
NOTE: The data set FNMAE.LOANMASTER has 5861989 observations and 44 variables.
NOTE: PROCEDURE APPEND used (Total process time):
      real time           1.40 seconds
      user cpu time       0.92 seconds
      system cpu time     0.13 seconds
      memory              4449.34k
      OS Memory           28332.00k
      Timestamp           08/04/2026 03:42:07 AM
      Step Count                        307  Switch Count  0
      Page Faults                       0
      Page Reclaims                     710
      Page Swaps                        0
      Voluntary Context Switches        3718
      Involuntary Context Switches      4
      Block Input Operations            0
      Block Output Operations           287000
      


NOTE: The data set WORK._LOGROW has 1 observations and 8 variables.
NOTE: DATA statement used (Total process time):
      real time           0.00 seconds
      user cpu time       0.00 seconds
3                                                          The SAS System                        Monday, August  3, 2026 08:42:07 PM

      system cpu time     0.00 seconds
      memory              525.68k
      OS Memory           24740.00k
      Timestamp           08/04/2026 03:42:07 AM
      Step Count                        308  Switch Count  2
      Page Faults                       0
      Page Reclaims                     87
      Page Swaps                        0
      Voluntary Context Switches        10
      Involuntary Context Switches      0
      Block Input Operations            0
      Block Output Operations           264
      


NOTE: Appending WORK._LOGROW to FNMAE.RUNLOG.
NOTE: There were 1 observations read from the data set WORK._LOGROW.
NOTE: 1 observations added.
NOTE: The data set FNMAE.RUNLOG has 10 observations and 8 variables.
NOTE: PROCEDURE APPEND used (Total process time):
      real time           0.00 seconds
      user cpu time       0.00 seconds
      system cpu time     0.00 seconds
      memory              1113.68k
      OS Memory           25260.00k
      Timestamp           08/04/2026 03:42:07 AM
      Step Count                        309  Switch Count  0
      Page Faults                       0
      Page Reclaims                     116
      Page Swaps                        0
      Voluntary Context Switches        22
      Involuntary Context Switches      0
      Block Input Operations            0
      Block Output Operations           528
      


NOTE: There were 10 observations read from the data set FNMAE.RUNLOG.
NOTE: The data set FNMAE.RUNLOG has 10 observations and 8 variables.
NOTE: Compressing data set FNMAE.RUNLOG increased size by 100.00 percent. 
      Compressed is 2 pages; un-compressed would require 1 pages.
NOTE: PROCEDURE SORT used (Total process time):
      real time           0.02 seconds
      user cpu time       0.00 seconds
      system cpu time     0.00 seconds
      memory              924.53k
      OS Memory           25000.00k
      Timestamp           08/04/2026 03:42:07 AM
      Step Count                        310  Switch Count  2
      Page Faults                       0
      Page Reclaims                     113
      Page Swaps                        0
      Voluntary Context Switches        48
      Involuntary Context Switches      1
      Block Input Operations            0
      Block Output Operations           528
      

4                                                          The SAS System                        Monday, August  3, 2026 08:42:07 PM


NOTE: There were 10 observations read from the data set FNMAE.RUNLOG.
NOTE: The data set FNMAE.RUNLOG has 10 observations and 8 variables.
NOTE: Compressing data set FNMAE.RUNLOG increased size by 100.00 percent. 
      Compressed is 2 pages; un-compressed would require 1 pages.
NOTE: DATA statement used (Total process time):
      real time           0.01 seconds
      user cpu time       0.00 seconds
      system cpu time     0.00 seconds
      memory              1061.62k
      OS Memory           25000.00k
      Timestamp           08/04/2026 03:42:07 AM
      Step Count                        311  Switch Count  2
      Page Faults                       0
      Page Reclaims                     121
      Page Swaps                        0
      Voluntary Context Switches        54
      Involuntary Context Switches      0
      Block Input Operations            0
      Block Output Operations           520
      

NOTE: PROCEDURE SQL used (Total process time):
      real time           0.00 seconds
      user cpu time       0.00 seconds
      system cpu time     0.00 seconds
      memory              5606.03k
      OS Memory           29864.00k
      Timestamp           08/04/2026 03:42:07 AM
      Step Count                        312  Switch Count  0
      Page Faults                       0
      Page Reclaims                     52
      Page Swaps                        0
      Voluntary Context Switches        9
      Involuntary Context Switches      0
      Block Input Operations            0
      Block Output Operations           0
      


NOTE: Deleting FNMAE.LOAN2002Q2 (memtype=DATA).
NOTE: PROCEDURE DATASETS used (Total process time):
      real time           0.02 seconds
      user cpu time       0.00 seconds
      system cpu time     0.01 seconds
      memory              349.37k
      OS Memory           24740.00k
      Timestamp           08/04/2026 03:42:07 AM
      Step Count                        313  Switch Count  2
      Page Faults                       0
      Page Reclaims                     48
      Page Swaps                        0
      Voluntary Context Switches        22
      Involuntary Context Switches      2
      Block Input Operations            0
      Block Output Operations           8
      

5                                                          The SAS System                        Monday, August  3, 2026 08:42:07 PM


NOTE: Deleting WORK._MONTHLY (memtype=DATA).
NOTE: Deleting WORK._LOGROW (memtype=DATA).
NOTE: PROCEDURE DATASETS used (Total process time):
      real time           0.44 seconds
      user cpu time       0.00 seconds
      system cpu time     0.43 seconds
      memory              347.50k
      OS Memory           24740.00k
      Timestamp           08/04/2026 03:42:08 AM
      Step Count                        314  Switch Count  4
      Page Faults                       0
      Page Reclaims                     48
      Page Swaps                        0
      Voluntary Context Switches        19
      Involuntary Context Switches      59
      Block Input Operations            0
      Block Output Operations           8
      

NOTE: 2002Q2 complete - records read       27,092,919          - loans          669,494          - Defaults            9,807        
  - Elapsed   0:02:52.36          - CUMULATIVE RECORDS      221,180,000
NOTE: 2002Q2.csv.gz removed from RAW
70         
71         OPTIONS NONOTES NOSTIMER NOSOURCE NOSYNTAXCHECK;
81         
6                                                          The SAS System                        Monday, August  3, 2026 08:58:55 PM


1                                                          The SAS System                        Monday, August  3, 2026 08:58:55 PM

1          OPTIONS NONOTES NOSTIMER NOSOURCE NOSYNTAXCHECK;
68         
69         %ProcessYearlyQuarter(YearQtr=2002Q3);
NOTE: Processing data for the yearly quarter: 2002Q3

NOTE: The infile SRC is:
      Filename=/home/bvsierrap0/RAW/2002Q3.csv.gz

NOTE: 33649174 records were read from the infile SRC.
      The minimum record length was 214.
      The maximum record length was 375.
NOTE: The data set WORK._MONTHLY has 33649174 observations and 36 variables.
NOTE: DATA statement used (Total process time):
      real time           3:23.52
      user cpu time       3:19.03
      system cpu time     3.26 seconds
      memory              2258.84k
      OS Memory           24996.00k
      Timestamp           08/04/2026 04:02:18 AM
      Step Count                        320  Switch Count  2
      Page Faults                       0
      Page Reclaims                     271
      Page Swaps                        0
      Voluntary Context Switches        41
      Involuntary Context Switches      1492
      Block Input Operations            0
      Block Output Operations           15806240
      

NOTE: Fileref SRC has been deassigned.

NOTE: Missing values were generated as a result of performing an operation on missing values.
      Each place is given by: (Number of times) at (Line):(Column).
      3724 at 69:2   
NOTE: There were 33649174 observations read from the data set WORK._MONTHLY.
NOTE: The data set FNMAE.LOAN2002Q3 has 751084 observations and 44 variables.
NOTE: Compressing data set FNMAE.LOAN2002Q3 decreased size by 33.83 percent. 
      Compressed is 1246 pages; un-compressed would require 1883 pages.
NOTE: DATA statement used (Total process time):
      real time           7.40 seconds
      user cpu time       5.54 seconds
      system cpu time     1.43 seconds
      memory              4055.09k
      OS Memory           27816.00k
      Timestamp           08/04/2026 04:02:26 AM
      Step Count                        321  Switch Count  10
      Page Faults                       0
      Page Reclaims                     564
      Page Swaps                        0
      Voluntary Context Switches        3856
      Involuntary Context Switches      29
      Block Input Operations            0
      Block Output Operations           318984
      

NOTE: PROCEDURE SQL used (Total process time):
      real time           0.46 seconds
      user cpu time       0.37 seconds
2                                                          The SAS System                        Monday, August  3, 2026 09:02:26 PM

      system cpu time     0.06 seconds
      memory              7250.71k
      OS Memory           30632.00k
      Timestamp           08/04/2026 04:02:26 AM
      Step Count                        322  Switch Count  1
      Page Faults                       0
      Page Reclaims                     245
      Page Swaps                        0
      Voluntary Context Switches        1406
      Involuntary Context Switches      3
      Block Input Operations            0
      Block Output Operations           8
      

NOTE: PROCEDURE SQL used (Total process time):
      real time           0.00 seconds
      user cpu time       0.00 seconds
      system cpu time     0.00 seconds
      memory              5605.25k
      OS Memory           29864.00k
      Timestamp           08/04/2026 04:02:26 AM
      Step Count                        323  Switch Count  0
      Page Faults                       0
      Page Reclaims                     52
      Page Swaps                        0
      Voluntary Context Switches        5
      Involuntary Context Switches      0
      Block Input Operations            0
      Block Output Operations           0
      


NOTE: Appending FNMAE.LOAN2002Q3 to FNMAE.LOANMASTER.
NOTE: There were 751084 observations read from the data set FNMAE.LOAN2002Q3.
NOTE: 751084 observations added.
NOTE: The data set FNMAE.LOANMASTER has 6613073 observations and 44 variables.
NOTE: PROCEDURE APPEND used (Total process time):
      real time           1.57 seconds
      user cpu time       1.05 seconds
      system cpu time     0.14 seconds
      memory              4449.18k
      OS Memory           28332.00k
      Timestamp           08/04/2026 04:02:28 AM
      Step Count                        324  Switch Count  0
      Page Faults                       0
      Page Reclaims                     710
      Page Swaps                        0
      Voluntary Context Switches        3570
      Involuntary Context Switches      5
      Block Input Operations            0
      Block Output Operations           320792
      


NOTE: The data set WORK._LOGROW has 1 observations and 8 variables.
NOTE: DATA statement used (Total process time):
      real time           0.00 seconds
      user cpu time       0.00 seconds
3                                                          The SAS System                        Monday, August  3, 2026 09:02:28 PM

      system cpu time     0.00 seconds
      memory              525.71k
      OS Memory           24740.00k
      Timestamp           08/04/2026 04:02:28 AM
      Step Count                        325  Switch Count  2
      Page Faults                       0
      Page Reclaims                     87
      Page Swaps                        0
      Voluntary Context Switches        11
      Involuntary Context Switches      0
      Block Input Operations            0
      Block Output Operations           264
      


NOTE: Appending WORK._LOGROW to FNMAE.RUNLOG.
NOTE: There were 1 observations read from the data set WORK._LOGROW.
NOTE: 1 observations added.
NOTE: The data set FNMAE.RUNLOG has 11 observations and 8 variables.
NOTE: PROCEDURE APPEND used (Total process time):
      real time           0.00 seconds
      user cpu time       0.00 seconds
      system cpu time     0.00 seconds
      memory              1113.71k
      OS Memory           25260.00k
      Timestamp           08/04/2026 04:02:28 AM
      Step Count                        326  Switch Count  0
      Page Faults                       0
      Page Reclaims                     116
      Page Swaps                        0
      Voluntary Context Switches        20
      Involuntary Context Switches      0
      Block Input Operations            0
      Block Output Operations           528
      


NOTE: There were 11 observations read from the data set FNMAE.RUNLOG.
NOTE: The data set FNMAE.RUNLOG has 11 observations and 8 variables.
NOTE: Compressing data set FNMAE.RUNLOG increased size by 100.00 percent. 
      Compressed is 2 pages; un-compressed would require 1 pages.
NOTE: PROCEDURE SORT used (Total process time):
      real time           0.01 seconds
      user cpu time       0.01 seconds
      system cpu time     0.00 seconds
      memory              923.90k
      OS Memory           25000.00k
      Timestamp           08/04/2026 04:02:28 AM
      Step Count                        327  Switch Count  2
      Page Faults                       0
      Page Reclaims                     113
      Page Swaps                        0
      Voluntary Context Switches        47
      Involuntary Context Switches      1
      Block Input Operations            0
      Block Output Operations           520
      

4                                                          The SAS System                        Monday, August  3, 2026 09:02:28 PM


NOTE: There were 11 observations read from the data set FNMAE.RUNLOG.
NOTE: The data set FNMAE.RUNLOG has 11 observations and 8 variables.
NOTE: Compressing data set FNMAE.RUNLOG increased size by 100.00 percent. 
      Compressed is 2 pages; un-compressed would require 1 pages.
NOTE: DATA statement used (Total process time):
      real time           0.01 seconds
      user cpu time       0.00 seconds
      system cpu time     0.00 seconds
      memory              1060.53k
      OS Memory           25000.00k
      Timestamp           08/04/2026 04:02:28 AM
      Step Count                        328  Switch Count  2
      Page Faults                       0
      Page Reclaims                     121
      Page Swaps                        0
      Voluntary Context Switches        51
      Involuntary Context Switches      0
      Block Input Operations            0
      Block Output Operations           528
      

NOTE: PROCEDURE SQL used (Total process time):
      real time           0.00 seconds
      user cpu time       0.00 seconds
      system cpu time     0.00 seconds
      memory              5605.25k
      OS Memory           29864.00k
      Timestamp           08/04/2026 04:02:28 AM
      Step Count                        329  Switch Count  0
      Page Faults                       0
      Page Reclaims                     52
      Page Swaps                        0
      Voluntary Context Switches        11
      Involuntary Context Switches      0
      Block Input Operations            0
      Block Output Operations           0
      


NOTE: Deleting FNMAE.LOAN2002Q3 (memtype=DATA).
NOTE: PROCEDURE DATASETS used (Total process time):
      real time           0.03 seconds
      user cpu time       0.00 seconds
      system cpu time     0.02 seconds
      memory              347.53k
      OS Memory           24740.00k
      Timestamp           08/04/2026 04:02:28 AM
      Step Count                        330  Switch Count  2
      Page Faults                       0
      Page Reclaims                     48
      Page Swaps                        0
      Voluntary Context Switches        22
      Involuntary Context Switches      2
      Block Input Operations            0
      Block Output Operations           8
      

5                                                          The SAS System                        Monday, August  3, 2026 09:02:28 PM


NOTE: Deleting WORK._MONTHLY (memtype=DATA).
NOTE: Deleting WORK._LOGROW (memtype=DATA).
NOTE: PROCEDURE DATASETS used (Total process time):
      real time           0.68 seconds
      user cpu time       0.00 seconds
      system cpu time     0.55 seconds
      memory              347.53k
      OS Memory           24740.00k
      Timestamp           08/04/2026 04:02:29 AM
      Step Count                        331  Switch Count  4
      Page Faults                       0
      Page Reclaims                     48
      Page Swaps                        0
      Voluntary Context Switches        29
      Involuntary Context Switches      116
      Block Input Operations            0
      Block Output Operations           8
      

NOTE: 2002Q3 complete - records read       33,649,174          - loans          751,084          - Defaults           10,919        
  - Elapsed   0:03:33.01          - CUMULATIVE RECORDS      254,830,000
NOTE: 2002Q3.csv.gz removed from RAW
70         
71         OPTIONS NONOTES NOSTIMER NOSOURCE NOSYNTAXCHECK;
81         
NOTE: PROCEDURE PRINTTO used (Total process time):
      real time           0.00 seconds
      user cpu time       0.00 seconds
      system cpu time     0.00 seconds
      memory              257.46k
      OS Memory           19360.00k
      Timestamp           08/04/2026 04:41:03 AM
      Step Count                        34  Switch Count  0
      Page Faults                       0
      Page Reclaims                     20
      Page Swaps                        0
      Voluntary Context Switches        4
      Involuntary Context Switches      0
      Block Input Operations            0
      Block Output Operations           0
      

72         
73         OPTIONS NONOTES NOSTIMER NOSOURCE NOSYNTAXCHECK;
83         
2                                                          The SAS System                        Monday, August  3, 2026 09:42:02 PM


1                                                          The SAS System                        Monday, August  3, 2026 09:42:02 PM

1          OPTIONS NONOTES NOSTIMER NOSOURCE NOSYNTAXCHECK;
68         
69         %ProcessYearlyQuarter(YearQtr=2002Q4_01);
NOTE: Processing data for the yearly quarter: 2002Q4_01

NOTE: The infile SRC is:
      Filename=/home/bvsierrap0/RAW/2002Q4_01.csv.gz

NOTE: 30000009 records were read from the infile SRC.
      The minimum record length was 215.
      The maximum record length was 377.
NOTE: The data set WORK._MONTHLY has 30000009 observations and 36 variables.
NOTE: DATA statement used (Total process time):
      real time           3:00.81
      user cpu time       2:56.72
      system cpu time     2.95 seconds
      memory              2262.06k
      OS Memory           22436.00k
      Timestamp           08/04/2026 04:45:02 AM
      Step Count                        40  Switch Count  2
      Page Faults                       0
      Page Reclaims                     1222
      Page Swaps                        0
      Voluntary Context Switches        42
      Involuntary Context Switches      1341
      Block Input Operations            0
      Block Output Operations           14092072
      

NOTE: Fileref SRC has been deassigned.

NOTE: Missing values were generated as a result of performing an operation on missing values.
      Each place is given by: (Number of times) at (Line):(Column).
      1553 at 69:2   
NOTE: There were 30000009 observations read from the data set WORK._MONTHLY.
NOTE: The data set FNMAE.LOAN2002Q4_01 has 514243 observations and 44 variables.
NOTE: Compressing data set FNMAE.LOAN2002Q4_01 decreased size by 32.97 percent. 
      Compressed is 864 pages; un-compressed would require 1289 pages.
NOTE: DATA statement used (Total process time):
      real time           6.25 seconds
      user cpu time       4.69 seconds
      system cpu time     1.22 seconds
      memory              4067.81k
      OS Memory           25256.00k
      Timestamp           08/04/2026 04:45:09 AM
      Step Count                        41  Switch Count  9
      Page Faults                       0
      Page Reclaims                     634
      Page Swaps                        0
      Voluntary Context Switches        1627
      Involuntary Context Switches      12
      Block Input Operations            0
      Block Output Operations           221712
      

NOTE: PROCEDURE SQL used (Total process time):
      real time           0.33 seconds
      user cpu time       0.27 seconds
2                                                          The SAS System                        Monday, August  3, 2026 09:45:09 PM

      system cpu time     0.04 seconds
      memory              7252.12k
      OS Memory           27816.00k
      Timestamp           08/04/2026 04:45:09 AM
      Step Count                        42  Switch Count  1
      Page Faults                       0
      Page Reclaims                     258
      Page Swaps                        0
      Voluntary Context Switches        628
      Involuntary Context Switches      3
      Block Input Operations            0
      Block Output Operations           0
      

NOTE: PROCEDURE SQL used (Total process time):
      real time           0.00 seconds
      user cpu time       0.00 seconds
      system cpu time     0.00 seconds
      memory              5606.34k
      OS Memory           27048.00k
      Timestamp           08/04/2026 04:45:09 AM
      Step Count                        43  Switch Count  0
      Page Faults                       0
      Page Reclaims                     52
      Page Swaps                        0
      Voluntary Context Switches        5
      Involuntary Context Switches      0
      Block Input Operations            0
      Block Output Operations           0
      


NOTE: Appending FNMAE.LOAN2002Q4_01 to FNMAE.LOANMASTER.
NOTE: There were 514243 observations read from the data set FNMAE.LOAN2002Q4_01.
NOTE: 514243 observations added.
NOTE: The data set FNMAE.LOANMASTER has 7127316 observations and 44 variables.
NOTE: PROCEDURE APPEND used (Total process time):
      real time           1.08 seconds
      user cpu time       0.73 seconds
      system cpu time     0.08 seconds
      memory              4609.62k
      OS Memory           26028.00k
      Timestamp           08/04/2026 04:45:10 AM
      Step Count                        44  Switch Count  0
      Page Faults                       0
      Page Reclaims                     799
      Page Swaps                        0
      Voluntary Context Switches        2256
      Involuntary Context Switches      4
      Block Input Operations            0
      Block Output Operations           221968
      


NOTE: The data set WORK._LOGROW has 1 observations and 8 variables.
NOTE: DATA statement used (Total process time):
      real time           0.00 seconds
      user cpu time       0.00 seconds
3                                                          The SAS System                        Monday, August  3, 2026 09:45:10 PM

      system cpu time     0.00 seconds
      memory              518.81k
      OS Memory           22180.00k
      Timestamp           08/04/2026 04:45:10 AM
      Step Count                        45  Switch Count  2
      Page Faults                       0
      Page Reclaims                     87
      Page Swaps                        0
      Voluntary Context Switches        10
      Involuntary Context Switches      0
      Block Input Operations            0
      Block Output Operations           264
      


NOTE: Appending WORK._LOGROW to FNMAE.RUNLOG.
NOTE: There were 1 observations read from the data set WORK._LOGROW.
NOTE: 1 observations added.
NOTE: The data set FNMAE.RUNLOG has 12 observations and 8 variables.
NOTE: PROCEDURE APPEND used (Total process time):
      real time           0.00 seconds
      user cpu time       0.00 seconds
      system cpu time     0.00 seconds
      memory              1113.40k
      OS Memory           22700.00k
      Timestamp           08/04/2026 04:45:10 AM
      Step Count                        46  Switch Count  0
      Page Faults                       0
      Page Reclaims                     116
      Page Swaps                        0
      Voluntary Context Switches        20
      Involuntary Context Switches      0
      Block Input Operations            0
      Block Output Operations           528
      


NOTE: There were 12 observations read from the data set FNMAE.RUNLOG.
NOTE: The data set FNMAE.RUNLOG has 12 observations and 8 variables.
NOTE: Compressing data set FNMAE.RUNLOG increased size by 100.00 percent. 
      Compressed is 2 pages; un-compressed would require 1 pages.
NOTE: PROCEDURE SORT used (Total process time):
      real time           0.01 seconds
      user cpu time       0.00 seconds
      system cpu time     0.00 seconds
      memory              924.25k
      OS Memory           22440.00k
      Timestamp           08/04/2026 04:45:10 AM
      Step Count                        47  Switch Count  1
      Page Faults                       0
      Page Reclaims                     132
      Page Swaps                        0
      Voluntary Context Switches        45
      Involuntary Context Switches      0
      Block Input Operations            0
      Block Output Operations           520
      

4                                                          The SAS System                        Monday, August  3, 2026 09:45:10 PM


NOTE: There were 12 observations read from the data set FNMAE.RUNLOG.
NOTE: The data set FNMAE.RUNLOG has 12 observations and 8 variables.
NOTE: Compressing data set FNMAE.RUNLOG increased size by 100.00 percent. 
      Compressed is 2 pages; un-compressed would require 1 pages.
NOTE: DATA statement used (Total process time):
      real time           0.02 seconds
      user cpu time       0.00 seconds
      system cpu time     0.00 seconds
      memory              1060.15k
      OS Memory           22440.00k
      Timestamp           08/04/2026 04:45:10 AM
      Step Count                        48  Switch Count  1
      Page Faults                       0
      Page Reclaims                     121
      Page Swaps                        0
      Voluntary Context Switches        46
      Involuntary Context Switches      0
      Block Input Operations            0
      Block Output Operations           520
      

NOTE: PROCEDURE SQL used (Total process time):
      real time           0.00 seconds
      user cpu time       0.00 seconds
      system cpu time     0.00 seconds
      memory              5606.96k
      OS Memory           27304.00k
      Timestamp           08/04/2026 04:45:10 AM
      Step Count                        49  Switch Count  0
      Page Faults                       0
      Page Reclaims                     52
      Page Swaps                        0
      Voluntary Context Switches        11
      Involuntary Context Switches      0
      Block Input Operations            0
      Block Output Operations           0
      


NOTE: Deleting FNMAE.LOAN2002Q4_01 (memtype=DATA).
NOTE: PROCEDURE DATASETS used (Total process time):
      real time           0.02 seconds
      user cpu time       0.00 seconds
      system cpu time     0.01 seconds
      memory              347.15k
      OS Memory           22180.00k
      Timestamp           08/04/2026 04:45:10 AM
      Step Count                        50  Switch Count  1
      Page Faults                       0
      Page Reclaims                     48
      Page Swaps                        0
      Voluntary Context Switches        18
      Involuntary Context Switches      0
      Block Input Operations            0
      Block Output Operations           8
      

5                                                          The SAS System                        Monday, August  3, 2026 09:45:10 PM


NOTE: Deleting WORK._MONTHLY (memtype=DATA).
NOTE: Deleting WORK._LOGROW (memtype=DATA).
NOTE: PROCEDURE DATASETS used (Total process time):
      real time           0.52 seconds
      user cpu time       0.00 seconds
      system cpu time     0.52 seconds
      memory              348.15k
      OS Memory           22180.00k
      Timestamp           08/04/2026 04:45:11 AM
      Step Count                        51  Switch Count  4
      Page Faults                       0
      Page Reclaims                     48
      Page Swaps                        0
      Voluntary Context Switches        18
      Involuntary Context Switches      74
      Block Input Operations            0
      Block Output Operations           8
      

NOTE: 2002Q4_01 complete - records read       30,000,009          - loans          514,243          - Defaults            5,560     
     - Elapsed   0:03:08.52          - CUMULATIVE RECORDS      284,830,000
NOTE: 2002Q4_01.csv.gz removed from RAW
70         
71         OPTIONS NONOTES NOSTIMER NOSOURCE NOSYNTAXCHECK;
81         
6                                                          The SAS System                        Monday, August  3, 2026 10:28:20 PM


1                                                          The SAS System                        Monday, August  3, 2026 10:28:20 PM

1          OPTIONS NONOTES NOSTIMER NOSOURCE NOSYNTAXCHECK;
68         
69         %ProcessYearlyQuarter(YearQtr=2002Q4_02);
NOTE: Processing data for the yearly quarter: 2002Q4_02

NOTE: The infile SRC is:
      Filename=/home/bvsierrap0/RAW/2002Q4_02.csv.gz

NOTE: 30000088 records were read from the infile SRC.
      The minimum record length was 214.
      The maximum record length was 381.
NOTE: The data set WORK._MONTHLY has 30000088 observations and 36 variables.
NOTE: DATA statement used (Total process time):
      real time           3:03.16
      user cpu time       2:58.84
      system cpu time     3.02 seconds
      memory              2250.71k
      OS Memory           22948.00k
      Timestamp           08/04/2026 05:31:23 AM
      Step Count                        57  Switch Count  2
      Page Faults                       0
      Page Reclaims                     1407
      Page Swaps                        0
      Voluntary Context Switches        42
      Involuntary Context Switches      1884
      Block Input Operations            0
      Block Output Operations           14092320
      

NOTE: Fileref SRC has been deassigned.

NOTE: Missing values were generated as a result of performing an operation on missing values.
      Each place is given by: (Number of times) at (Line):(Column).
      1523 at 69:2   
NOTE: There were 30000088 observations read from the data set WORK._MONTHLY.
NOTE: The data set FNMAE.LOAN2002Q4_02 has 514894 observations and 44 variables.
NOTE: Compressing data set FNMAE.LOAN2002Q4_02 decreased size by 33.00 percent. 
      Compressed is 865 pages; un-compressed would require 1291 pages.
NOTE: DATA statement used (Total process time):
      real time           6.14 seconds
      user cpu time       4.78 seconds
      system cpu time     1.17 seconds
      memory              4069.18k
      OS Memory           25768.00k
      Timestamp           08/04/2026 05:31:29 AM
      Step Count                        58  Switch Count  10
      Page Faults                       0
      Page Reclaims                     603
      Page Swaps                        0
      Voluntary Context Switches        1387
      Involuntary Context Switches      13
      Block Input Operations            0
      Block Output Operations           221976
      

NOTE: PROCEDURE SQL used (Total process time):
      real time           0.39 seconds
      user cpu time       0.32 seconds
2                                                          The SAS System                        Monday, August  3, 2026 10:31:30 PM

      system cpu time     0.04 seconds
      memory              7250.87k
      OS Memory           28328.00k
      Timestamp           08/04/2026 05:31:30 AM
      Step Count                        59  Switch Count  1
      Page Faults                       0
      Page Reclaims                     255
      Page Swaps                        0
      Voluntary Context Switches        717
      Involuntary Context Switches      3
      Block Input Operations            0
      Block Output Operations           8
      

NOTE: PROCEDURE SQL used (Total process time):
      real time           0.00 seconds
      user cpu time       0.00 seconds
      system cpu time     0.01 seconds
      memory              5605.40k
      OS Memory           27560.00k
      Timestamp           08/04/2026 05:31:30 AM
      Step Count                        60  Switch Count  0
      Page Faults                       0
      Page Reclaims                     52
      Page Swaps                        0
      Voluntary Context Switches        5
      Involuntary Context Switches      0
      Block Input Operations            0
      Block Output Operations           0
      


NOTE: Appending FNMAE.LOAN2002Q4_02 to FNMAE.LOANMASTER.
NOTE: There were 514894 observations read from the data set FNMAE.LOAN2002Q4_02.
NOTE: 514894 observations added.
NOTE: The data set FNMAE.LOANMASTER has 7642210 observations and 44 variables.
NOTE: PROCEDURE APPEND used (Total process time):
      real time           1.07 seconds
      user cpu time       0.71 seconds
      system cpu time     0.09 seconds
      memory              4448.90k
      OS Memory           26284.00k
      Timestamp           08/04/2026 05:31:31 AM
      Step Count                        61  Switch Count  0
      Page Faults                       0
      Page Reclaims                     745
      Page Swaps                        0
      Voluntary Context Switches        1879
      Involuntary Context Switches      3
      Block Input Operations            0
      Block Output Operations           221968
      


NOTE: The data set WORK._LOGROW has 1 observations and 8 variables.
NOTE: DATA statement used (Total process time):
      real time           0.00 seconds
      user cpu time       0.00 seconds
3                                                          The SAS System                        Monday, August  3, 2026 10:31:31 PM

      system cpu time     0.00 seconds
      memory              524.84k
      OS Memory           22436.00k
      Timestamp           08/04/2026 05:31:31 AM
      Step Count                        62  Switch Count  2
      Page Faults                       0
      Page Reclaims                     87
      Page Swaps                        0
      Voluntary Context Switches        10
      Involuntary Context Switches      0
      Block Input Operations            0
      Block Output Operations           264
      


NOTE: Appending WORK._LOGROW to FNMAE.RUNLOG.
NOTE: There were 1 observations read from the data set WORK._LOGROW.
NOTE: 1 observations added.
NOTE: The data set FNMAE.RUNLOG has 13 observations and 8 variables.
NOTE: PROCEDURE APPEND used (Total process time):
      real time           0.00 seconds
      user cpu time       0.00 seconds
      system cpu time     0.01 seconds
      memory              1115.09k
      OS Memory           22956.00k
      Timestamp           08/04/2026 05:31:31 AM
      Step Count                        63  Switch Count  0
      Page Faults                       0
      Page Reclaims                     116
      Page Swaps                        0
      Voluntary Context Switches        20
      Involuntary Context Switches      0
      Block Input Operations            0
      Block Output Operations           528
      


NOTE: There were 13 observations read from the data set FNMAE.RUNLOG.
NOTE: The data set FNMAE.RUNLOG has 13 observations and 8 variables.
NOTE: Compressing data set FNMAE.RUNLOG increased size by 100.00 percent. 
      Compressed is 2 pages; un-compressed would require 1 pages.
NOTE: PROCEDURE SORT used (Total process time):
      real time           0.02 seconds
      user cpu time       0.00 seconds
      system cpu time     0.00 seconds
      memory              926.03k
      OS Memory           22696.00k
      Timestamp           08/04/2026 05:31:31 AM
      Step Count                        64  Switch Count  2
      Page Faults                       0
      Page Reclaims                     113
      Page Swaps                        0
      Voluntary Context Switches        43
      Involuntary Context Switches      1
      Block Input Operations            0
      Block Output Operations           520
      

4                                                          The SAS System                        Monday, August  3, 2026 10:31:31 PM


NOTE: There were 13 observations read from the data set FNMAE.RUNLOG.
NOTE: The data set FNMAE.RUNLOG has 13 observations and 8 variables.
NOTE: Compressing data set FNMAE.RUNLOG increased size by 100.00 percent. 
      Compressed is 2 pages; un-compressed would require 1 pages.
NOTE: DATA statement used (Total process time):
      real time           0.02 seconds
      user cpu time       0.00 seconds
      system cpu time     0.00 seconds
      memory              1061.56k
      OS Memory           22696.00k
      Timestamp           08/04/2026 05:31:31 AM
      Step Count                        65  Switch Count  2
      Page Faults                       0
      Page Reclaims                     121
      Page Swaps                        0
      Voluntary Context Switches        54
      Involuntary Context Switches      1
      Block Input Operations            0
      Block Output Operations           520
      

NOTE: PROCEDURE SQL used (Total process time):
      real time           0.00 seconds
      user cpu time       0.00 seconds
      system cpu time     0.00 seconds
      memory              5605.25k
      OS Memory           27560.00k
      Timestamp           08/04/2026 05:31:31 AM
      Step Count                        66  Switch Count  0
      Page Faults                       0
      Page Reclaims                     52
      Page Swaps                        0
      Voluntary Context Switches        11
      Involuntary Context Switches      0
      Block Input Operations            0
      Block Output Operations           0
      


NOTE: Deleting FNMAE.LOAN2002Q4_02 (memtype=DATA).
NOTE: PROCEDURE DATASETS used (Total process time):
      real time           0.01 seconds
      user cpu time       0.00 seconds
      system cpu time     0.01 seconds
      memory              349.90k
      OS Memory           22436.00k
      Timestamp           08/04/2026 05:31:31 AM
      Step Count                        67  Switch Count  2
      Page Faults                       0
      Page Reclaims                     48
      Page Swaps                        0
      Voluntary Context Switches        22
      Involuntary Context Switches      0
      Block Input Operations            0
      Block Output Operations           8
      

5                                                          The SAS System                        Monday, August  3, 2026 10:31:31 PM


NOTE: Deleting WORK._MONTHLY (memtype=DATA).
NOTE: Deleting WORK._LOGROW (memtype=DATA).
NOTE: PROCEDURE DATASETS used (Total process time):
      real time           0.50 seconds
      user cpu time       0.00 seconds
      system cpu time     0.49 seconds
      memory              348.90k
      OS Memory           22436.00k
      Timestamp           08/04/2026 05:31:31 AM
      Step Count                        68  Switch Count  4
      Page Faults                       0
      Page Reclaims                     48
      Page Swaps                        0
      Voluntary Context Switches        18
      Involuntary Context Switches      78
      Block Input Operations            0
      Block Output Operations           8
      

NOTE: 2002Q4_02 complete - records read       30,000,088          - loans          514,894          - Defaults            5,558     
     - Elapsed   0:03:10.83          - CUMULATIVE RECORDS      314,830,000
NOTE: 2002Q4_02.csv.gz removed from RAW
70         
71         OPTIONS NONOTES NOSTIMER NOSOURCE NOSYNTAXCHECK;
81         
6                                                          The SAS System                        Monday, August  3, 2026 10:33:14 PM


1                                                          The SAS System                        Monday, August  3, 2026 10:33:14 PM

1          OPTIONS NONOTES NOSTIMER NOSOURCE NOSYNTAXCHECK;
68         
69         PROC SQL;
70             TITLE "FNMAE storage";
71             SELECT Memname, Filesize FORMAT=SIZEKMG12.1, Nobs FORMAT=COMMA14.
72             FROM DICTIONARY.Tables
73             WHERE Libname = 'FNMAE'
74             ORDER BY Filesize DESC;
75         QUIT;
NOTE: PROCEDURE SQL used (Total process time):
      real time           0.01 seconds
      user cpu time       0.01 seconds
      system cpu time     0.01 seconds
      memory              8983.71k
      OS Memory           30128.00k
      Timestamp           08/04/2026 05:33:14 AM
      Step Count                        74  Switch Count  1
      Page Faults                       0
      Page Reclaims                     862
      Page Swaps                        0
      Voluntary Context Switches        35
      Involuntary Context Switches      1
      Block Input Operations            0
      Block Output Operations           8
      

76         
77         TITLE;
78         
79         OPTIONS NONOTES NOSTIMER NOSOURCE NOSYNTAXCHECK;
89         
2                                                          The SAS System                        Monday, August  3, 2026 10:45:59 PM


1                                                          The SAS System                        Monday, August  3, 2026 10:45:59 PM

1          OPTIONS NONOTES NOSTIMER NOSOURCE NOSYNTAXCHECK;
68         
69         %ProcessYearlyQuarter(YearQtr=2002Q4_03);
NOTE: Processing data for the yearly quarter: 2002Q4_03

NOTE: The infile SRC is:
      Filename=/home/bvsierrap0/RAW/2002Q4_03.csv.gz

NOTE: 12843706 records were read from the infile SRC.
      The minimum record length was 213.
      The maximum record length was 380.
NOTE: The data set WORK._MONTHLY has 12843706 observations and 36 variables.
NOTE: DATA statement used (Total process time):
      real time           1:17.69
      user cpu time       1:15.94
      system cpu time     1.22 seconds
      memory              2257.37k
      OS Memory           25252.00k
      Timestamp           08/04/2026 05:47:17 AM
      Step Count                        80  Switch Count  2
      Page Faults                       0
      Page Reclaims                     362
      Page Swaps                        0
      Voluntary Context Switches        37
      Involuntary Context Switches      740
      Block Input Operations            0
      Block Output Operations           6033440
      

NOTE: Fileref SRC has been deassigned.

NOTE: Missing values were generated as a result of performing an operation on missing values.
      Each place is given by: (Number of times) at (Line):(Column).
      648 at 69:2   
NOTE: There were 12843706 observations read from the data set WORK._MONTHLY.
NOTE: The data set FNMAE.LOAN2002Q4_03 has 219803 observations and 44 variables.
NOTE: Compressing data set FNMAE.LOAN2002Q4_03 decreased size by 32.85 percent. 
      Compressed is 370 pages; un-compressed would require 551 pages.
NOTE: DATA statement used (Total process time):
      real time           2.67 seconds
      user cpu time       2.05 seconds
      system cpu time     0.49 seconds
      memory              4066.21k
      OS Memory           28072.00k
      Timestamp           08/04/2026 05:47:20 AM
      Step Count                        81  Switch Count  2
      Page Faults                       0
      Page Reclaims                     635
      Page Swaps                        0
      Voluntary Context Switches        1242
      Involuntary Context Switches      10
      Block Input Operations            0
      Block Output Operations           94728
      

NOTE: PROCEDURE SQL used (Total process time):
      real time           0.15 seconds
      user cpu time       0.11 seconds
2                                                          The SAS System                        Monday, August  3, 2026 10:47:20 PM

      system cpu time     0.02 seconds
      memory              7250.71k
      OS Memory           30632.00k
      Timestamp           08/04/2026 05:47:20 AM
      Step Count                        82  Switch Count  1
      Page Faults                       0
      Page Reclaims                     279
      Page Swaps                        0
      Voluntary Context Switches        557
      Involuntary Context Switches      2
      Block Input Operations            0
      Block Output Operations           0
      

NOTE: PROCEDURE SQL used (Total process time):
      real time           0.00 seconds
      user cpu time       0.00 seconds
      system cpu time     0.00 seconds
      memory              5606.03k
      OS Memory           29608.00k
      Timestamp           08/04/2026 05:47:20 AM
      Step Count                        83  Switch Count  0
      Page Faults                       0
      Page Reclaims                     52
      Page Swaps                        0
      Voluntary Context Switches        5
      Involuntary Context Switches      0
      Block Input Operations            0
      Block Output Operations           0
      


NOTE: Appending FNMAE.LOAN2002Q4_03 to FNMAE.LOANMASTER.
NOTE: There were 219803 observations read from the data set FNMAE.LOAN2002Q4_03.
NOTE: 219803 observations added.
NOTE: The data set FNMAE.LOANMASTER has 7862013 observations and 44 variables.
NOTE: PROCEDURE APPEND used (Total process time):
      real time           0.47 seconds
      user cpu time       0.31 seconds
      system cpu time     0.03 seconds
      memory              4435.81k
      OS Memory           28588.00k
      Timestamp           08/04/2026 05:47:20 AM
      Step Count                        84  Switch Count  0
      Page Faults                       0
      Page Reclaims                     780
      Page Swaps                        0
      Voluntary Context Switches        907
      Involuntary Context Switches      4
      Block Input Operations            0
      Block Output Operations           96792
      


NOTE: The data set WORK._LOGROW has 1 observations and 8 variables.
NOTE: DATA statement used (Total process time):
      real time           0.00 seconds
      user cpu time       0.00 seconds
3                                                          The SAS System                        Monday, August  3, 2026 10:47:20 PM

      system cpu time     0.00 seconds
      memory              515.21k
      OS Memory           24484.00k
      Timestamp           08/04/2026 05:47:20 AM
      Step Count                        85  Switch Count  2
      Page Faults                       0
      Page Reclaims                     87
      Page Swaps                        0
      Voluntary Context Switches        10
      Involuntary Context Switches      0
      Block Input Operations            0
      Block Output Operations           264
      


NOTE: Appending WORK._LOGROW to FNMAE.RUNLOG.
NOTE: There were 1 observations read from the data set WORK._LOGROW.
NOTE: 1 observations added.
NOTE: The data set FNMAE.RUNLOG has 14 observations and 8 variables.
NOTE: PROCEDURE APPEND used (Total process time):
      real time           0.00 seconds
      user cpu time       0.00 seconds
      system cpu time     0.00 seconds
      memory              1100.78k
      OS Memory           25004.00k
      Timestamp           08/04/2026 05:47:20 AM
      Step Count                        86  Switch Count  0
      Page Faults                       0
      Page Reclaims                     116
      Page Swaps                        0
      Voluntary Context Switches        14
      Involuntary Context Switches      0
      Block Input Operations            0
      Block Output Operations           528
      


NOTE: There were 14 observations read from the data set FNMAE.RUNLOG.
NOTE: The data set FNMAE.RUNLOG has 14 observations and 8 variables.
NOTE: Compressing data set FNMAE.RUNLOG increased size by 100.00 percent. 
      Compressed is 2 pages; un-compressed would require 1 pages.
NOTE: PROCEDURE SORT used (Total process time):
      real time           0.02 seconds
      user cpu time       0.00 seconds
      system cpu time     0.00 seconds
      memory              925.00k
      OS Memory           24744.00k
      Timestamp           08/04/2026 05:47:20 AM
      Step Count                        87  Switch Count  2
      Page Faults                       0
      Page Reclaims                     113
      Page Swaps                        0
      Voluntary Context Switches        45
      Involuntary Context Switches      0
      Block Input Operations            0
      Block Output Operations           520
      

4                                                          The SAS System                        Monday, August  3, 2026 10:47:20 PM


NOTE: There were 14 observations read from the data set FNMAE.RUNLOG.
NOTE: The data set FNMAE.RUNLOG has 14 observations and 8 variables.
NOTE: Compressing data set FNMAE.RUNLOG increased size by 100.00 percent. 
      Compressed is 2 pages; un-compressed would require 1 pages.
NOTE: DATA statement used (Total process time):
      real time           0.02 seconds
      user cpu time       0.00 seconds
      system cpu time     0.00 seconds
      memory              1059.34k
      OS Memory           24744.00k
      Timestamp           08/04/2026 05:47:20 AM
      Step Count                        88  Switch Count  2
      Page Faults                       0
      Page Reclaims                     121
      Page Swaps                        0
      Voluntary Context Switches        49
      Involuntary Context Switches      0
      Block Input Operations            0
      Block Output Operations           520
      

NOTE: PROCEDURE SQL used (Total process time):
      real time           0.00 seconds
      user cpu time       0.00 seconds
      system cpu time     0.00 seconds
      memory              5606.03k
      OS Memory           29608.00k
      Timestamp           08/04/2026 05:47:20 AM
      Step Count                        89  Switch Count  0
      Page Faults                       0
      Page Reclaims                     52
      Page Swaps                        0
      Voluntary Context Switches        10
      Involuntary Context Switches      0
      Block Input Operations            0
      Block Output Operations           0
      


NOTE: Deleting FNMAE.LOAN2002Q4_03 (memtype=DATA).
NOTE: PROCEDURE DATASETS used (Total process time):
      real time           0.01 seconds
      user cpu time       0.00 seconds
      system cpu time     0.01 seconds
      memory              332.90k
      OS Memory           24484.00k
      Timestamp           08/04/2026 05:47:20 AM
      Step Count                        90  Switch Count  2
      Page Faults                       0
      Page Reclaims                     48
      Page Swaps                        0
      Voluntary Context Switches        22
      Involuntary Context Switches      0
      Block Input Operations            0
      Block Output Operations           8
      

5                                                          The SAS System                        Monday, August  3, 2026 10:47:20 PM


NOTE: Deleting WORK._MONTHLY (memtype=DATA).
NOTE: Deleting WORK._LOGROW (memtype=DATA).
NOTE: PROCEDURE DATASETS used (Total process time):
      real time           0.19 seconds
      user cpu time       0.00 seconds
      system cpu time     0.19 seconds
      memory              334.90k
      OS Memory           24484.00k
      Timestamp           08/04/2026 05:47:21 AM
      Step Count                        91  Switch Count  4
      Page Faults                       0
      Page Reclaims                     48
      Page Swaps                        0
      Voluntary Context Switches        18
      Involuntary Context Switches      29
      Block Input Operations            0
      Block Output Operations           8
      

NOTE: 2002Q4_03 complete - records read       12,843,706          - loans          219,803          - Defaults            2,388     
     - Elapsed   0:01:21.02          - CUMULATIVE RECORDS      327,670,000
NOTE: 2002Q4_03.csv.gz removed from RAW
70         
71         OPTIONS NONOTES NOSTIMER NOSOURCE NOSYNTAXCHECK;
81         
6                                                          The SAS System                        Monday, August  3, 2026 11:12:00 PM


1                                                          The SAS System                        Monday, August  3, 2026 11:12:00 PM

1          OPTIONS NONOTES NOSTIMER NOSOURCE NOSYNTAXCHECK;
68         
69         %ProcessYearlyQuarter(YearQtr=2003Q1_01);
NOTE: Processing data for the yearly quarter: 2003Q1_01

NOTE: The infile SRC is:
      Filename=/home/bvsierrap0/RAW/2003Q1_01.csv.gz

NOTE: 30000015 records were read from the infile SRC.
      The minimum record length was 215.
      The maximum record length was 378.
NOTE: The data set WORK._MONTHLY has 30000015 observations and 36 variables.
NOTE: DATA statement used (Total process time):
      real time           3:02.21
      user cpu time       2:58.33
      system cpu time     2.78 seconds
      memory              2262.40k
      OS Memory           25252.00k
      Timestamp           08/04/2026 06:15:02 AM
      Step Count                        97  Switch Count  2
      Page Faults                       0
      Page Reclaims                     406
      Page Swaps                        0
      Voluntary Context Switches        40
      Involuntary Context Switches      1902
      Block Input Operations            0
      Block Output Operations           14092064
      

NOTE: Fileref SRC has been deassigned.

NOTE: Missing values were generated as a result of performing an operation on missing values.
      Each place is given by: (Number of times) at (Line):(Column).
      1178 at 69:2   
NOTE: There were 30000015 observations read from the data set WORK._MONTHLY.
NOTE: The data set FNMAE.LOAN2003Q1_01 has 450411 observations and 44 variables.
NOTE: Compressing data set FNMAE.LOAN2003Q1_01 decreased size by 32.68 percent. 
      Compressed is 760 pages; un-compressed would require 1129 pages.
NOTE: DATA statement used (Total process time):
      real time           6.30 seconds
      user cpu time       4.71 seconds
      system cpu time     1.26 seconds
      memory              4066.18k
      OS Memory           28072.00k
      Timestamp           08/04/2026 06:15:08 AM
      Step Count                        98  Switch Count  10
      Page Faults                       0
      Page Reclaims                     646
      Page Swaps                        0
      Voluntary Context Switches        1817
      Involuntary Context Switches      12
      Block Input Operations            0
      Block Output Operations           195088
      

NOTE: PROCEDURE SQL used (Total process time):
      real time           0.33 seconds
      user cpu time       0.26 seconds
2                                                          The SAS System                        Monday, August  3, 2026 11:15:09 PM

      system cpu time     0.04 seconds
      memory              7251.59k
      OS Memory           30632.00k
      Timestamp           08/04/2026 06:15:09 AM
      Step Count                        99  Switch Count  1
      Page Faults                       0
      Page Reclaims                     288
      Page Swaps                        0
      Voluntary Context Switches        1038
      Involuntary Context Switches      4
      Block Input Operations            0
      Block Output Operations           0
      

NOTE: PROCEDURE SQL used (Total process time):
      real time           0.00 seconds
      user cpu time       0.01 seconds
      system cpu time     0.00 seconds
      memory              5606.09k
      OS Memory           29608.00k
      Timestamp           08/04/2026 06:15:09 AM
      Step Count                        100  Switch Count  0
      Page Faults                       0
      Page Reclaims                     52
      Page Swaps                        0
      Voluntary Context Switches        5
      Involuntary Context Switches      0
      Block Input Operations            0
      Block Output Operations           0
      


NOTE: Appending FNMAE.LOAN2003Q1_01 to FNMAE.LOANMASTER.
NOTE: There were 450411 observations read from the data set FNMAE.LOAN2003Q1_01.
NOTE: 450411 observations added.
NOTE: The data set FNMAE.LOANMASTER has 8312424 observations and 44 variables.
NOTE: PROCEDURE APPEND used (Total process time):
      real time           0.95 seconds
      user cpu time       0.63 seconds
      system cpu time     0.08 seconds
      memory              4436.03k
      OS Memory           28588.00k
      Timestamp           08/04/2026 06:15:10 AM
      Step Count                        101  Switch Count  0
      Page Faults                       0
      Page Reclaims                     780
      Page Swaps                        0
      Voluntary Context Switches        2258
      Involuntary Context Switches      5
      Block Input Operations            0
      Block Output Operations           195344
      


NOTE: The data set WORK._LOGROW has 1 observations and 8 variables.
NOTE: DATA statement used (Total process time):
      real time           0.00 seconds
      user cpu time       0.00 seconds
3                                                          The SAS System                        Monday, August  3, 2026 11:15:10 PM

      system cpu time     0.00 seconds
      memory              517.87k
      OS Memory           24484.00k
      Timestamp           08/04/2026 06:15:10 AM
      Step Count                        102  Switch Count  2
      Page Faults                       0
      Page Reclaims                     87
      Page Swaps                        0
      Voluntary Context Switches        11
      Involuntary Context Switches      0
      Block Input Operations            0
      Block Output Operations           264
      


NOTE: Appending WORK._LOGROW to FNMAE.RUNLOG.
NOTE: There were 1 observations read from the data set WORK._LOGROW.
NOTE: 1 observations added.
NOTE: The data set FNMAE.RUNLOG has 15 observations and 8 variables.
NOTE: PROCEDURE APPEND used (Total process time):
      real time           0.00 seconds
      user cpu time       0.00 seconds
      system cpu time     0.00 seconds
      memory              1100.06k
      OS Memory           25004.00k
      Timestamp           08/04/2026 06:15:10 AM
      Step Count                        103  Switch Count  0
      Page Faults                       0
      Page Reclaims                     116
      Page Swaps                        0
      Voluntary Context Switches        19
      Involuntary Context Switches      0
      Block Input Operations            0
      Block Output Operations           528
      


NOTE: There were 15 observations read from the data set FNMAE.RUNLOG.
NOTE: The data set FNMAE.RUNLOG has 15 observations and 8 variables.
NOTE: Compressing data set FNMAE.RUNLOG increased size by 100.00 percent. 
      Compressed is 2 pages; un-compressed would require 1 pages.
NOTE: PROCEDURE SORT used (Total process time):
      real time           0.02 seconds
      user cpu time       0.00 seconds
      system cpu time     0.01 seconds
      memory              924.90k
      OS Memory           24744.00k
      Timestamp           08/04/2026 06:15:10 AM
      Step Count                        104  Switch Count  2
      Page Faults                       0
      Page Reclaims                     113
      Page Swaps                        0
      Voluntary Context Switches        48
      Involuntary Context Switches      0
      Block Input Operations            0
      Block Output Operations           520
      

4                                                          The SAS System                        Monday, August  3, 2026 11:15:10 PM


NOTE: There were 15 observations read from the data set FNMAE.RUNLOG.
NOTE: The data set FNMAE.RUNLOG has 15 observations and 8 variables.
NOTE: Compressing data set FNMAE.RUNLOG increased size by 100.00 percent. 
      Compressed is 2 pages; un-compressed would require 1 pages.
NOTE: DATA statement used (Total process time):
      real time           0.02 seconds
      user cpu time       0.01 seconds
      system cpu time     0.00 seconds
      memory              1060.12k
      OS Memory           24744.00k
      Timestamp           08/04/2026 06:15:10 AM
      Step Count                        105  Switch Count  2
      Page Faults                       0
      Page Reclaims                     121
      Page Swaps                        0
      Voluntary Context Switches        49
      Involuntary Context Switches      0
      Block Input Operations            0
      Block Output Operations           520
      

NOTE: PROCEDURE SQL used (Total process time):
      real time           0.00 seconds
      user cpu time       0.00 seconds
      system cpu time     0.00 seconds
      memory              5606.31k
      OS Memory           29608.00k
      Timestamp           08/04/2026 06:15:10 AM
      Step Count                        106  Switch Count  0
      Page Faults                       0
      Page Reclaims                     52
      Page Swaps                        0
      Voluntary Context Switches        11
      Involuntary Context Switches      0
      Block Input Operations            0
      Block Output Operations           0
      


NOTE: Deleting FNMAE.LOAN2003Q1_01 (memtype=DATA).
NOTE: PROCEDURE DATASETS used (Total process time):
      real time           0.01 seconds
      user cpu time       0.00 seconds
      system cpu time     0.01 seconds
      memory              334.87k
      OS Memory           24484.00k
      Timestamp           08/04/2026 06:15:10 AM
      Step Count                        107  Switch Count  2
      Page Faults                       0
      Page Reclaims                     48
      Page Swaps                        0
      Voluntary Context Switches        23
      Involuntary Context Switches      0
      Block Input Operations            0
      Block Output Operations           8
      

5                                                          The SAS System                        Monday, August  3, 2026 11:15:10 PM


NOTE: Deleting WORK._MONTHLY (memtype=DATA).
NOTE: Deleting WORK._LOGROW (memtype=DATA).
NOTE: PROCEDURE DATASETS used (Total process time):
      real time           0.53 seconds
      user cpu time       0.00 seconds
      system cpu time     0.53 seconds
      memory              333.87k
      OS Memory           24484.00k
      Timestamp           08/04/2026 06:15:10 AM
      Step Count                        108  Switch Count  4
      Page Faults                       0
      Page Reclaims                     48
      Page Swaps                        0
      Voluntary Context Switches        18
      Involuntary Context Switches      74
      Block Input Operations            0
      Block Output Operations           8
      

NOTE: 2003Q1_01 complete - records read       30,000,015          - loans          450,411          - Defaults            5,435     
     - Elapsed   0:03:09.84          - CUMULATIVE RECORDS      357,670,000
NOTE: 2003Q1_01.csv.gz removed from RAW
70         
71         OPTIONS NONOTES NOSTIMER NOSOURCE NOSYNTAXCHECK;
81         
6                                                          The SAS System                        Monday, August  3, 2026 11:39:12 PM


1                                                          The SAS System                        Monday, August  3, 2026 11:39:12 PM

1          OPTIONS NONOTES NOSTIMER NOSOURCE NOSYNTAXCHECK;
68         
69         %ProcessYearlyQuarter(YearQtr=2003Q1_02);
NOTE: Processing data for the yearly quarter: 2003Q1_02

NOTE: The infile SRC is:
      Filename=/home/bvsierrap0/RAW/2003Q1_02.csv.gz

NOTE: 30000062 records were read from the infile SRC.
      The minimum record length was 213.
      The maximum record length was 376.
NOTE: The data set WORK._MONTHLY has 30000062 observations and 36 variables.
NOTE: DATA statement used (Total process time):
      real time           3:02.83
      user cpu time       2:58.87
      system cpu time     2.86 seconds
      memory              2245.06k
      OS Memory           25252.00k
      Timestamp           08/04/2026 06:42:15 AM
      Step Count                        114  Switch Count  2
      Page Faults                       0
      Page Reclaims                     356
      Page Swaps                        0
      Voluntary Context Switches        42
      Involuntary Context Switches      1161
      Block Input Operations            0
      Block Output Operations           14092320
      

NOTE: Fileref SRC has been deassigned.

NOTE: Missing values were generated as a result of performing an operation on missing values.
      Each place is given by: (Number of times) at (Line):(Column).
      1241 at 69:2   
NOTE: There were 30000062 observations read from the data set WORK._MONTHLY.
NOTE: The data set FNMAE.LOAN2003Q1_02 has 451483 observations and 44 variables.
NOTE: Compressing data set FNMAE.LOAN2003Q1_02 decreased size by 32.69 percent. 
      Compressed is 762 pages; un-compressed would require 1132 pages.
NOTE: DATA statement used (Total process time):
      real time           6.20 seconds
      user cpu time       4.69 seconds
      system cpu time     1.26 seconds
      memory              4068.00k
      OS Memory           28072.00k
      Timestamp           08/04/2026 06:42:21 AM
      Step Count                        115  Switch Count  10
      Page Faults                       0
      Page Reclaims                     635
      Page Swaps                        0
      Voluntary Context Switches        1696
      Involuntary Context Switches      10
      Block Input Operations            0
      Block Output Operations           195600
      

NOTE: PROCEDURE SQL used (Total process time):
      real time           0.30 seconds
      user cpu time       0.26 seconds
2                                                          The SAS System                        Monday, August  3, 2026 11:42:22 PM

      system cpu time     0.03 seconds
      memory              7250.81k
      OS Memory           30632.00k
      Timestamp           08/04/2026 06:42:22 AM
      Step Count                        116  Switch Count  1
      Page Faults                       0
      Page Reclaims                     279
      Page Swaps                        0
      Voluntary Context Switches        92
      Involuntary Context Switches      2
      Block Input Operations            0
      Block Output Operations           0
      

NOTE: PROCEDURE SQL used (Total process time):
      real time           0.00 seconds
      user cpu time       0.00 seconds
      system cpu time     0.00 seconds
      memory              5605.34k
      OS Memory           29608.00k
      Timestamp           08/04/2026 06:42:22 AM
      Step Count                        117  Switch Count  0
      Page Faults                       0
      Page Reclaims                     52
      Page Swaps                        0
      Voluntary Context Switches        5
      Involuntary Context Switches      0
      Block Input Operations            0
      Block Output Operations           0
      


NOTE: Appending FNMAE.LOAN2003Q1_02 to FNMAE.LOANMASTER.
NOTE: There were 451483 observations read from the data set FNMAE.LOAN2003Q1_02.
NOTE: 451483 observations added.
NOTE: The data set FNMAE.LOANMASTER has 8763907 observations and 44 variables.
NOTE: PROCEDURE APPEND used (Total process time):
      real time           0.95 seconds
      user cpu time       0.64 seconds
      system cpu time     0.08 seconds
      memory              4449.75k
      OS Memory           28588.00k
      Timestamp           08/04/2026 06:42:23 AM
      Step Count                        118  Switch Count  0
      Page Faults                       0
      Page Reclaims                     780
      Page Swaps                        0
      Voluntary Context Switches        2026
      Involuntary Context Switches      3
      Block Input Operations            0
      Block Output Operations           197144
      


NOTE: The data set WORK._LOGROW has 1 observations and 8 variables.
NOTE: DATA statement used (Total process time):
      real time           0.00 seconds
      user cpu time       0.00 seconds
3                                                          The SAS System                        Monday, August  3, 2026 11:42:23 PM

      system cpu time     0.00 seconds
      memory              517.78k
      OS Memory           24484.00k
      Timestamp           08/04/2026 06:42:23 AM
      Step Count                        119  Switch Count  2
      Page Faults                       0
      Page Reclaims                     87
      Page Swaps                        0
      Voluntary Context Switches        10
      Involuntary Context Switches      1
      Block Input Operations            0
      Block Output Operations           264
      


NOTE: Appending WORK._LOGROW to FNMAE.RUNLOG.
NOTE: There were 1 observations read from the data set WORK._LOGROW.
NOTE: 1 observations added.
NOTE: The data set FNMAE.RUNLOG has 16 observations and 8 variables.
NOTE: PROCEDURE APPEND used (Total process time):
      real time           0.00 seconds
      user cpu time       0.00 seconds
      system cpu time     0.00 seconds
      memory              1114.68k
      OS Memory           25004.00k
      Timestamp           08/04/2026 06:42:23 AM
      Step Count                        120  Switch Count  0
      Page Faults                       0
      Page Reclaims                     116
      Page Swaps                        0
      Voluntary Context Switches        22
      Involuntary Context Switches      0
      Block Input Operations            0
      Block Output Operations           528
      


NOTE: There were 16 observations read from the data set FNMAE.RUNLOG.
NOTE: The data set FNMAE.RUNLOG has 16 observations and 8 variables.
NOTE: Compressing data set FNMAE.RUNLOG increased size by 100.00 percent. 
      Compressed is 2 pages; un-compressed would require 1 pages.
NOTE: PROCEDURE SORT used (Total process time):
      real time           0.01 seconds
      user cpu time       0.00 seconds
      system cpu time     0.01 seconds
      memory              924.96k
      OS Memory           24744.00k
      Timestamp           08/04/2026 06:42:23 AM
      Step Count                        121  Switch Count  2
      Page Faults                       0
      Page Reclaims                     113
      Page Swaps                        0
      Voluntary Context Switches        47
      Involuntary Context Switches      0
      Block Input Operations            0
      Block Output Operations           520
      

4                                                          The SAS System                        Monday, August  3, 2026 11:42:23 PM


NOTE: There were 16 observations read from the data set FNMAE.RUNLOG.
NOTE: The data set FNMAE.RUNLOG has 16 observations and 8 variables.
NOTE: Compressing data set FNMAE.RUNLOG increased size by 100.00 percent. 
      Compressed is 2 pages; un-compressed would require 1 pages.
NOTE: DATA statement used (Total process time):
      real time           0.01 seconds
      user cpu time       0.00 seconds
      system cpu time     0.00 seconds
      memory              1059.84k
      OS Memory           24744.00k
      Timestamp           08/04/2026 06:42:23 AM
      Step Count                        122  Switch Count  2
      Page Faults                       0
      Page Reclaims                     121
      Page Swaps                        0
      Voluntary Context Switches        50
      Involuntary Context Switches      0
      Block Input Operations            0
      Block Output Operations           520
      

NOTE: PROCEDURE SQL used (Total process time):
      real time           0.00 seconds
      user cpu time       0.00 seconds
      system cpu time     0.00 seconds
      memory              5605.25k
      OS Memory           29608.00k
      Timestamp           08/04/2026 06:42:23 AM
      Step Count                        123  Switch Count  0
      Page Faults                       0
      Page Reclaims                     52
      Page Swaps                        0
      Voluntary Context Switches        10
      Involuntary Context Switches      0
      Block Input Operations            0
      Block Output Operations           0
      


NOTE: Deleting FNMAE.LOAN2003Q1_02 (memtype=DATA).
NOTE: PROCEDURE DATASETS used (Total process time):
      real time           0.01 seconds
      user cpu time       0.00 seconds
      system cpu time     0.01 seconds
      memory              348.50k
      OS Memory           24484.00k
      Timestamp           08/04/2026 06:42:23 AM
      Step Count                        124  Switch Count  2
      Page Faults                       0
      Page Reclaims                     48
      Page Swaps                        0
      Voluntary Context Switches        22
      Involuntary Context Switches      0
      Block Input Operations            0
      Block Output Operations           8
      

5                                                          The SAS System                        Monday, August  3, 2026 11:42:23 PM


NOTE: Deleting WORK._MONTHLY (memtype=DATA).
NOTE: Deleting WORK._LOGROW (memtype=DATA).
NOTE: PROCEDURE DATASETS used (Total process time):
      real time           0.57 seconds
      user cpu time       0.00 seconds
      system cpu time     0.56 seconds
      memory              348.50k
      OS Memory           24484.00k
      Timestamp           08/04/2026 06:42:23 AM
      Step Count                        125  Switch Count  4
      Page Faults                       0
      Page Reclaims                     48
      Page Swaps                        0
      Voluntary Context Switches        18
      Involuntary Context Switches      119
      Block Input Operations            0
      Block Output Operations           8
      

NOTE: 2003Q1_02 complete - records read       30,000,062          - loans          451,483          - Defaults            5,512     
     - Elapsed   0:03:10.33          - CUMULATIVE RECORDS      387,680,000
NOTE: 2003Q1_02.csv.gz removed from RAW
70         
71         OPTIONS NONOTES NOSTIMER NOSOURCE NOSYNTAXCHECK;
81         
NOTE: PROCEDURE PRINTTO used (Total process time):
      real time           0.00 seconds
      user cpu time       0.00 seconds
      system cpu time     0.00 seconds
      memory              258.59k
      OS Memory           19616.00k
      Timestamp           08/04/2026 02:58:15 PM
      Step Count                        29  Switch Count  0
      Page Faults                       0
      Page Reclaims                     23
      Page Swaps                        0
      Voluntary Context Switches        3
      Involuntary Context Switches      0
      Block Input Operations            0
      Block Output Operations           8
      

72         
73         OPTIONS NONOTES NOSTIMER NOSOURCE NOSYNTAXCHECK;
83         
2                                                          The SAS System                       Tuesday, August  4, 2026 08:02:34 AM


1                                                          The SAS System                       Tuesday, August  4, 2026 08:02:34 AM

1          OPTIONS NONOTES NOSTIMER NOSOURCE NOSYNTAXCHECK;
68         
69         %ProcessYearlyQuarter(YearQtr=2003Q1_03);
NOTE: Processing data for the yearly quarter: 2003Q1_03

NOTE: The infile SRC is:
      Filename=/home/bvsierrap0/RAW/2003Q1_03.csv.gz

NOTE: 30000001 records were read from the infile SRC.
      The minimum record length was 215.
      The maximum record length was 377.
NOTE: The data set WORK._MONTHLY has 30000001 observations and 36 variables.
NOTE: DATA statement used (Total process time):
      real time           3:02.77
      user cpu time       2:58.34
      system cpu time     3.03 seconds
      memory              2262.46k
      OS Memory           23204.00k
      Timestamp           08/04/2026 03:38:28 PM
      Step Count                        53  Switch Count  2
      Page Faults                       0
      Page Reclaims                     922
      Page Swaps                        0
      Voluntary Context Switches        47
      Involuntary Context Switches      2477
      Block Input Operations            0
      Block Output Operations           14092072
      

NOTE: Fileref SRC has been deassigned.

NOTE: Missing values were generated as a result of performing an operation on missing values.
      Each place is given by: (Number of times) at (Line):(Column).
      1187 at 69:2   
NOTE: There were 30000001 observations read from the data set WORK._MONTHLY.
NOTE: The data set FNMAE.LOAN2003Q1_03 has 450636 observations and 44 variables.
NOTE: Compressing data set FNMAE.LOAN2003Q1_03 decreased size by 32.65 percent. 
      Compressed is 761 pages; un-compressed would require 1130 pages.
NOTE: DATA statement used (Total process time):
      real time           6.14 seconds
      user cpu time       4.77 seconds
      system cpu time     1.12 seconds
      memory              4070.31k
      OS Memory           26024.00k
      Timestamp           08/04/2026 03:38:34 PM
      Step Count                        54  Switch Count  9
      Page Faults                       0
      Page Reclaims                     628
      Page Swaps                        0
      Voluntary Context Switches        1961
      Involuntary Context Switches      30
      Block Input Operations            0
      Block Output Operations           195344
      

NOTE: PROCEDURE SQL used (Total process time):
      real time           0.31 seconds
      user cpu time       0.22 seconds
2                                                          The SAS System                       Tuesday, August  4, 2026 08:38:35 AM

      system cpu time     0.04 seconds
      memory              7250.71k
      OS Memory           28584.00k
      Timestamp           08/04/2026 03:38:35 PM
      Step Count                        55  Switch Count  1
      Page Faults                       0
      Page Reclaims                     247
      Page Swaps                        0
      Voluntary Context Switches        1123
      Involuntary Context Switches      1
      Block Input Operations            0
      Block Output Operations           0
      

NOTE: PROCEDURE SQL used (Total process time):
      real time           0.00 seconds
      user cpu time       0.00 seconds
      system cpu time     0.00 seconds
      memory              5605.25k
      OS Memory           27816.00k
      Timestamp           08/04/2026 03:38:35 PM
      Step Count                        56  Switch Count  0
      Page Faults                       0
      Page Reclaims                     52
      Page Swaps                        0
      Voluntary Context Switches        8
      Involuntary Context Switches      0
      Block Input Operations            0
      Block Output Operations           0
      


NOTE: Appending FNMAE.LOAN2003Q1_03 to FNMAE.LOANMASTER.
NOTE: There were 450636 observations read from the data set FNMAE.LOAN2003Q1_03.
NOTE: 450636 observations added.
NOTE: The data set FNMAE.LOANMASTER has 9214543 observations and 44 variables.
NOTE: PROCEDURE APPEND used (Total process time):
      real time           0.95 seconds
      user cpu time       0.63 seconds
      system cpu time     0.09 seconds
      memory              4610.62k
      OS Memory           26540.00k
      Timestamp           08/04/2026 03:38:36 PM
      Step Count                        57  Switch Count  0
      Page Faults                       0
      Page Reclaims                     761
      Page Swaps                        0
      Voluntary Context Switches        2323
      Involuntary Context Switches      7
      Block Input Operations            0
      Block Output Operations           195344
      


NOTE: The data set WORK._LOGROW has 1 observations and 8 variables.
NOTE: DATA statement used (Total process time):
      real time           0.00 seconds
      user cpu time       0.00 seconds
3                                                          The SAS System                       Tuesday, August  4, 2026 08:38:36 AM

      system cpu time     0.00 seconds
      memory              520.68k
      OS Memory           22692.00k
      Timestamp           08/04/2026 03:38:36 PM
      Step Count                        58  Switch Count  2
      Page Faults                       0
      Page Reclaims                     87
      Page Swaps                        0
      Voluntary Context Switches        10
      Involuntary Context Switches      0
      Block Input Operations            0
      Block Output Operations           264
      


NOTE: Appending WORK._LOGROW to FNMAE.RUNLOG.
NOTE: There were 1 observations read from the data set WORK._LOGROW.
NOTE: 1 observations added.
NOTE: The data set FNMAE.RUNLOG has 17 observations and 8 variables.
NOTE: PROCEDURE APPEND used (Total process time):
      real time           0.00 seconds
      user cpu time       0.00 seconds
      system cpu time     0.00 seconds
      memory              1113.34k
      OS Memory           23212.00k
      Timestamp           08/04/2026 03:38:36 PM
      Step Count                        59  Switch Count  0
      Page Faults                       0
      Page Reclaims                     116
      Page Swaps                        0
      Voluntary Context Switches        19
      Involuntary Context Switches      0
      Block Input Operations            0
      Block Output Operations           528
      


NOTE: There were 17 observations read from the data set FNMAE.RUNLOG.
NOTE: The data set FNMAE.RUNLOG has 17 observations and 8 variables.
NOTE: Compressing data set FNMAE.RUNLOG increased size by 100.00 percent. 
      Compressed is 2 pages; un-compressed would require 1 pages.
NOTE: PROCEDURE SORT used (Total process time):
      real time           0.02 seconds
      user cpu time       0.00 seconds
      system cpu time     0.00 seconds
      memory              924.84k
      OS Memory           22952.00k
      Timestamp           08/04/2026 03:38:36 PM
      Step Count                        60  Switch Count  1
      Page Faults                       0
      Page Reclaims                     132
      Page Swaps                        0
      Voluntary Context Switches        40
      Involuntary Context Switches      0
      Block Input Operations            0
      Block Output Operations           528
      

4                                                          The SAS System                       Tuesday, August  4, 2026 08:38:36 AM


NOTE: There were 17 observations read from the data set FNMAE.RUNLOG.
NOTE: The data set FNMAE.RUNLOG has 17 observations and 8 variables.
NOTE: Compressing data set FNMAE.RUNLOG increased size by 100.00 percent. 
      Compressed is 2 pages; un-compressed would require 1 pages.
NOTE: DATA statement used (Total process time):
      real time           0.02 seconds
      user cpu time       0.00 seconds
      system cpu time     0.01 seconds
      memory              1060.78k
      OS Memory           22952.00k
      Timestamp           08/04/2026 03:38:36 PM
      Step Count                        61  Switch Count  1
      Page Faults                       0
      Page Reclaims                     121
      Page Swaps                        0
      Voluntary Context Switches        46
      Involuntary Context Switches      0
      Block Input Operations            0
      Block Output Operations           520
      

NOTE: PROCEDURE SQL used (Total process time):
      real time           0.00 seconds
      user cpu time       0.00 seconds
      system cpu time     0.00 seconds
      memory              5605.25k
      OS Memory           27816.00k
      Timestamp           08/04/2026 03:38:36 PM
      Step Count                        62  Switch Count  0
      Page Faults                       0
      Page Reclaims                     52
      Page Swaps                        0
      Voluntary Context Switches        10
      Involuntary Context Switches      0
      Block Input Operations            0
      Block Output Operations           0
      


NOTE: Deleting FNMAE.LOAN2003Q1_03 (memtype=DATA).
NOTE: PROCEDURE DATASETS used (Total process time):
      real time           0.02 seconds
      user cpu time       0.00 seconds
      system cpu time     0.01 seconds
      memory              347.15k
      OS Memory           22692.00k
      Timestamp           08/04/2026 03:38:36 PM
      Step Count                        63  Switch Count  1
      Page Faults                       0
      Page Reclaims                     48
      Page Swaps                        0
      Voluntary Context Switches        18
      Involuntary Context Switches      0
      Block Input Operations            0
      Block Output Operations           8
      

5                                                          The SAS System                       Tuesday, August  4, 2026 08:38:36 AM


NOTE: Deleting WORK._MONTHLY (memtype=DATA).
NOTE: Deleting WORK._LOGROW (memtype=DATA).
NOTE: PROCEDURE DATASETS used (Total process time):
      real time           0.50 seconds
      user cpu time       0.00 seconds
      system cpu time     0.49 seconds
      memory              348.15k
      OS Memory           22692.00k
      Timestamp           08/04/2026 03:38:36 PM
      Step Count                        64  Switch Count  4
      Page Faults                       0
      Page Reclaims                     48
      Page Swaps                        0
      Voluntary Context Switches        18
      Involuntary Context Switches      65
      Block Input Operations            0
      Block Output Operations           8
      

NOTE: 2003Q1_03 complete - records read       30,000,001          - loans          450,636          - Defaults            5,597     
     - Elapsed   0:03:10.23          - CUMULATIVE RECORDS      417,680,000
NOTE: 2003Q1_03.csv.gz removed from RAW
70         
71         OPTIONS NONOTES NOSTIMER NOSOURCE NOSYNTAXCHECK;
81         
6                                                          The SAS System                       Tuesday, August  4, 2026 09:10:33 AM


1                                                          The SAS System                       Tuesday, August  4, 2026 09:10:33 AM

1          OPTIONS NONOTES NOSTIMER NOSOURCE NOSYNTAXCHECK;
68         
69         %ProcessYearlyQuarter(YearQtr=2003Q1_04);
NOTE: Processing data for the yearly quarter: 2003Q1_04

NOTE: The infile SRC is:
      Filename=/home/bvsierrap0/RAW/2003Q1_04.csv.gz

NOTE: 5011897 records were read from the infile SRC.
      The minimum record length was 215.
      The maximum record length was 373.
NOTE: The data set WORK._MONTHLY has 5011897 observations and 36 variables.
NOTE: DATA statement used (Total process time):
      real time           30.52 seconds
      user cpu time       29.81 seconds
      system cpu time     0.52 seconds
      memory              2251.18k
      OS Memory           23460.00k
      Timestamp           08/04/2026 04:11:04 PM
      Step Count                        70  Switch Count  2
      Page Faults                       0
      Page Reclaims                     2353
      Page Swaps                        0
      Voluntary Context Switches        38
      Involuntary Context Switches      78
      Block Input Operations            0
      Block Output Operations           2354440
      

NOTE: Fileref SRC has been deassigned.

NOTE: Missing values were generated as a result of performing an operation on missing values.
      Each place is given by: (Number of times) at (Line):(Column).
      192 at 69:2   
NOTE: There were 5011897 observations read from the data set WORK._MONTHLY.
NOTE: The data set FNMAE.LOAN2003Q1_04 has 75328 observations and 44 variables.
NOTE: Compressing data set FNMAE.LOAN2003Q1_04 decreased size by 32.28 percent. 
      Compressed is 128 pages; un-compressed would require 189 pages.
NOTE: DATA statement used (Total process time):
      real time           1.05 seconds
      user cpu time       0.79 seconds
      system cpu time     0.22 seconds
      memory              4065.00k
      OS Memory           26280.00k
      Timestamp           08/04/2026 04:11:05 PM
      Step Count                        71  Switch Count  2
      Page Faults                       0
      Page Reclaims                     603
      Page Swaps                        0
      Voluntary Context Switches        492
      Involuntary Context Switches      4
      Block Input Operations            0
      Block Output Operations           32784
      

NOTE: PROCEDURE SQL used (Total process time):
      real time           0.05 seconds
      user cpu time       0.03 seconds
2                                                          The SAS System                       Tuesday, August  4, 2026 09:11:05 AM

      system cpu time     0.01 seconds
      memory              7251.06k
      OS Memory           28840.00k
      Timestamp           08/04/2026 04:11:05 PM
      Step Count                        72  Switch Count  1
      Page Faults                       0
      Page Reclaims                     244
      Page Swaps                        0
      Voluntary Context Switches        192
      Involuntary Context Switches      1
      Block Input Operations            0
      Block Output Operations           0
      

NOTE: PROCEDURE SQL used (Total process time):
      real time           0.00 seconds
      user cpu time       0.01 seconds
      system cpu time     0.00 seconds
      memory              5605.53k
      OS Memory           28072.00k
      Timestamp           08/04/2026 04:11:05 PM
      Step Count                        73  Switch Count  0
      Page Faults                       0
      Page Reclaims                     52
      Page Swaps                        0
      Voluntary Context Switches        5
      Involuntary Context Switches      0
      Block Input Operations            0
      Block Output Operations           0
      


NOTE: Appending FNMAE.LOAN2003Q1_04 to FNMAE.LOANMASTER.
NOTE: There were 75328 observations read from the data set FNMAE.LOAN2003Q1_04.
NOTE: 75328 observations added.
NOTE: The data set FNMAE.LOANMASTER has 9289871 observations and 44 variables.
NOTE: PROCEDURE APPEND used (Total process time):
      real time           0.18 seconds
      user cpu time       0.12 seconds
      system cpu time     0.02 seconds
      memory              4449.46k
      OS Memory           26796.00k
      Timestamp           08/04/2026 04:11:05 PM
      Step Count                        74  Switch Count  0
      Page Faults                       0
      Page Reclaims                     745
      Page Swaps                        0
      Voluntary Context Switches        403
      Involuntary Context Switches      2
      Block Input Operations            0
      Block Output Operations           33552
      


NOTE: The data set WORK._LOGROW has 1 observations and 8 variables.
NOTE: DATA statement used (Total process time):
      real time           0.00 seconds
      user cpu time       0.00 seconds
3                                                          The SAS System                       Tuesday, August  4, 2026 09:11:05 AM

      system cpu time     0.00 seconds
      memory              526.62k
      OS Memory           22948.00k
      Timestamp           08/04/2026 04:11:05 PM
      Step Count                        75  Switch Count  2
      Page Faults                       0
      Page Reclaims                     87
      Page Swaps                        0
      Voluntary Context Switches        11
      Involuntary Context Switches      0
      Block Input Operations            0
      Block Output Operations           264
      


NOTE: Appending WORK._LOGROW to FNMAE.RUNLOG.
NOTE: There were 1 observations read from the data set WORK._LOGROW.
NOTE: 1 observations added.
NOTE: The data set FNMAE.RUNLOG has 18 observations and 8 variables.
NOTE: PROCEDURE APPEND used (Total process time):
      real time           0.00 seconds
      user cpu time       0.00 seconds
      system cpu time     0.00 seconds
      memory              1114.18k
      OS Memory           23468.00k
      Timestamp           08/04/2026 04:11:05 PM
      Step Count                        76  Switch Count  0
      Page Faults                       0
      Page Reclaims                     116
      Page Swaps                        0
      Voluntary Context Switches        20
      Involuntary Context Switches      0
      Block Input Operations            0
      Block Output Operations           528
      


NOTE: There were 18 observations read from the data set FNMAE.RUNLOG.
NOTE: The data set FNMAE.RUNLOG has 18 observations and 8 variables.
NOTE: Compressing data set FNMAE.RUNLOG increased size by 100.00 percent. 
      Compressed is 2 pages; un-compressed would require 1 pages.
NOTE: PROCEDURE SORT used (Total process time):
      real time           0.01 seconds
      user cpu time       0.00 seconds
      system cpu time     0.00 seconds
      memory              925.40k
      OS Memory           23208.00k
      Timestamp           08/04/2026 04:11:05 PM
      Step Count                        77  Switch Count  2
      Page Faults                       0
      Page Reclaims                     113
      Page Swaps                        0
      Voluntary Context Switches        47
      Involuntary Context Switches      0
      Block Input Operations            0
      Block Output Operations           520
      

4                                                          The SAS System                       Tuesday, August  4, 2026 09:11:05 AM


NOTE: There were 18 observations read from the data set FNMAE.RUNLOG.
NOTE: The data set FNMAE.RUNLOG has 18 observations and 8 variables.
NOTE: Compressing data set FNMAE.RUNLOG increased size by 100.00 percent. 
      Compressed is 2 pages; un-compressed would require 1 pages.
NOTE: DATA statement used (Total process time):
      real time           0.02 seconds
      user cpu time       0.00 seconds
      system cpu time     0.00 seconds
      memory              1061.03k
      OS Memory           23208.00k
      Timestamp           08/04/2026 04:11:05 PM
      Step Count                        78  Switch Count  2
      Page Faults                       0
      Page Reclaims                     121
      Page Swaps                        0
      Voluntary Context Switches        51
      Involuntary Context Switches      0
      Block Input Operations            0
      Block Output Operations           520
      

NOTE: PROCEDURE SQL used (Total process time):
      real time           0.00 seconds
      user cpu time       0.00 seconds
      system cpu time     0.00 seconds
      memory              5605.46k
      OS Memory           28072.00k
      Timestamp           08/04/2026 04:11:05 PM
      Step Count                        79  Switch Count  0
      Page Faults                       0
      Page Reclaims                     52
      Page Swaps                        0
      Voluntary Context Switches        11
      Involuntary Context Switches      0
      Block Input Operations            0
      Block Output Operations           0
      


NOTE: Deleting FNMAE.LOAN2003Q1_04 (memtype=DATA).
NOTE: PROCEDURE DATASETS used (Total process time):
      real time           0.00 seconds
      user cpu time       0.00 seconds
      system cpu time     0.01 seconds
      memory              347.81k
      OS Memory           22948.00k
      Timestamp           08/04/2026 04:11:05 PM
      Step Count                        80  Switch Count  2
      Page Faults                       0
      Page Reclaims                     48
      Page Swaps                        0
      Voluntary Context Switches        22
      Involuntary Context Switches      0
      Block Input Operations            0
      Block Output Operations           8
      

5                                                          The SAS System                       Tuesday, August  4, 2026 09:11:05 AM


NOTE: Deleting WORK._MONTHLY (memtype=DATA).
NOTE: Deleting WORK._LOGROW (memtype=DATA).
NOTE: PROCEDURE DATASETS used (Total process time):
      real time           0.11 seconds
      user cpu time       0.01 seconds
      system cpu time     0.10 seconds
      memory              348.81k
      OS Memory           22948.00k
      Timestamp           08/04/2026 04:11:05 PM
      Step Count                        81  Switch Count  4
      Page Faults                       0
      Page Reclaims                     48
      Page Swaps                        0
      Voluntary Context Switches        19
      Involuntary Context Switches      14
      Block Input Operations            0
      Block Output Operations           24
      

NOTE: 2003Q1_04 complete - records read        5,011,897          - loans           75,328          - Defaults              893     
     - Elapsed   0:00:31.84          - CUMULATIVE RECORDS      422,690,000
NOTE: 2003Q1_04.csv.gz removed from RAW
70         
71         OPTIONS NONOTES NOSTIMER NOSOURCE NOSYNTAXCHECK;
81         
6                                                          The SAS System                       Tuesday, August  4, 2026 09:33:06 AM


1                                                          The SAS System                       Tuesday, August  4, 2026 09:33:06 AM

1          OPTIONS NONOTES NOSTIMER NOSOURCE NOSYNTAXCHECK;
68         
69         %ProcessYearlyQuarter(YearQtr=2003Q2_01);
NOTE: Processing data for the yearly quarter: 2003Q2_01

NOTE: The infile SRC is:
      Filename=/home/bvsierrap0/RAW/2003Q2_01.csv.gz

NOTE: 30000063 records were read from the infile SRC.
      The minimum record length was 215.
      The maximum record length was 376.
NOTE: The data set WORK._MONTHLY has 30000063 observations and 36 variables.
NOTE: DATA statement used (Total process time):
      real time           3:05.17
      user cpu time       3:00.94
      system cpu time     2.96 seconds
      memory              2251.12k
      OS Memory           23460.00k
      Timestamp           08/04/2026 04:36:12 PM
      Step Count                        87  Switch Count  2
      Page Faults                       0
      Page Reclaims                     261
      Page Swaps                        0
      Voluntary Context Switches        43
      Involuntary Context Switches      2169
      Block Input Operations            0
      Block Output Operations           14092320
      

NOTE: Fileref SRC has been deassigned.

NOTE: Missing values were generated as a result of performing an operation on missing values.
      Each place is given by: (Number of times) at (Line):(Column).
      745 at 69:2   
NOTE: There were 30000063 observations read from the data set WORK._MONTHLY.
NOTE: The data set FNMAE.LOAN2003Q2_01 has 390956 observations and 44 variables.
NOTE: Compressing data set FNMAE.LOAN2003Q2_01 decreased size by 32.55 percent. 
      Compressed is 661 pages; un-compressed would require 980 pages.
NOTE: DATA statement used (Total process time):
      real time           6.04 seconds
      user cpu time       4.67 seconds
      system cpu time     1.15 seconds
      memory              4050.90k
      OS Memory           26280.00k
      Timestamp           08/04/2026 04:36:18 PM
      Step Count                        88  Switch Count  10
      Page Faults                       0
      Page Reclaims                     598
      Page Swaps                        0
      Voluntary Context Switches        1506
      Involuntary Context Switches      13
      Block Input Operations            0
      Block Output Operations           169744
      

NOTE: PROCEDURE SQL used (Total process time):
      real time           0.27 seconds
      user cpu time       0.18 seconds
2                                                          The SAS System                       Tuesday, August  4, 2026 09:36:18 AM

      system cpu time     0.04 seconds
      memory              7251.75k
      OS Memory           28840.00k
      Timestamp           08/04/2026 04:36:18 PM
      Step Count                        89  Switch Count  1
      Page Faults                       0
      Page Reclaims                     244
      Page Swaps                        0
      Voluntary Context Switches        883
      Involuntary Context Switches      2
      Block Input Operations            0
      Block Output Operations           0
      

NOTE: PROCEDURE SQL used (Total process time):
      real time           0.00 seconds
      user cpu time       0.00 seconds
      system cpu time     0.00 seconds
      memory              5606.78k
      OS Memory           28072.00k
      Timestamp           08/04/2026 04:36:18 PM
      Step Count                        90  Switch Count  0
      Page Faults                       0
      Page Reclaims                     52
      Page Swaps                        0
      Voluntary Context Switches        5
      Involuntary Context Switches      0
      Block Input Operations            0
      Block Output Operations           0
      


NOTE: Appending FNMAE.LOAN2003Q2_01 to FNMAE.LOANMASTER.
NOTE: There were 390956 observations read from the data set FNMAE.LOAN2003Q2_01.
NOTE: 390956 observations added.
NOTE: The data set FNMAE.LOANMASTER has 9680827 observations and 44 variables.
NOTE: PROCEDURE APPEND used (Total process time):
      real time           0.82 seconds
      user cpu time       0.56 seconds
      system cpu time     0.07 seconds
      memory              4449.21k
      OS Memory           26796.00k
      Timestamp           08/04/2026 04:36:19 PM
      Step Count                        91  Switch Count  0
      Page Faults                       0
      Page Reclaims                     745
      Page Swaps                        0
      Voluntary Context Switches        2256
      Involuntary Context Switches      3
      Block Input Operations            0
      Block Output Operations           169744
      


NOTE: The data set WORK._LOGROW has 1 observations and 8 variables.
NOTE: DATA statement used (Total process time):
      real time           0.00 seconds
      user cpu time       0.00 seconds
3                                                          The SAS System                       Tuesday, August  4, 2026 09:36:19 AM

      system cpu time     0.00 seconds
      memory              525.03k
      OS Memory           22948.00k
      Timestamp           08/04/2026 04:36:19 PM
      Step Count                        92  Switch Count  2
      Page Faults                       0
      Page Reclaims                     87
      Page Swaps                        0
      Voluntary Context Switches        9
      Involuntary Context Switches      0
      Block Input Operations            0
      Block Output Operations           264
      


NOTE: Appending WORK._LOGROW to FNMAE.RUNLOG.
NOTE: There were 1 observations read from the data set WORK._LOGROW.
NOTE: 1 observations added.
NOTE: The data set FNMAE.RUNLOG has 19 observations and 8 variables.
NOTE: PROCEDURE APPEND used (Total process time):
      real time           0.00 seconds
      user cpu time       0.01 seconds
      system cpu time     0.00 seconds
      memory              1117.81k
      OS Memory           23468.00k
      Timestamp           08/04/2026 04:36:19 PM
      Step Count                        93  Switch Count  0
      Page Faults                       0
      Page Reclaims                     116
      Page Swaps                        0
      Voluntary Context Switches        21
      Involuntary Context Switches      0
      Block Input Operations            0
      Block Output Operations           528
      


NOTE: There were 19 observations read from the data set FNMAE.RUNLOG.
NOTE: The data set FNMAE.RUNLOG has 19 observations and 8 variables.
NOTE: Compressing data set FNMAE.RUNLOG increased size by 100.00 percent. 
      Compressed is 2 pages; un-compressed would require 1 pages.
NOTE: PROCEDURE SORT used (Total process time):
      real time           0.02 seconds
      user cpu time       0.00 seconds
      system cpu time     0.00 seconds
      memory              929.68k
      OS Memory           23208.00k
      Timestamp           08/04/2026 04:36:19 PM
      Step Count                        94  Switch Count  2
      Page Faults                       0
      Page Reclaims                     113
      Page Swaps                        0
      Voluntary Context Switches        49
      Involuntary Context Switches      0
      Block Input Operations            0
      Block Output Operations           528
      

4                                                          The SAS System                       Tuesday, August  4, 2026 09:36:19 AM


NOTE: There were 19 observations read from the data set FNMAE.RUNLOG.
NOTE: The data set FNMAE.RUNLOG has 19 observations and 8 variables.
NOTE: Compressing data set FNMAE.RUNLOG increased size by 100.00 percent. 
      Compressed is 2 pages; un-compressed would require 1 pages.
NOTE: DATA statement used (Total process time):
      real time           0.02 seconds
      user cpu time       0.00 seconds
      system cpu time     0.00 seconds
      memory              1064.37k
      OS Memory           23208.00k
      Timestamp           08/04/2026 04:36:19 PM
      Step Count                        95  Switch Count  2
      Page Faults                       0
      Page Reclaims                     121
      Page Swaps                        0
      Voluntary Context Switches        53
      Involuntary Context Switches      1
      Block Input Operations            0
      Block Output Operations           520
      

NOTE: PROCEDURE SQL used (Total process time):
      real time           0.00 seconds
      user cpu time       0.00 seconds
      system cpu time     0.01 seconds
      memory              5606.15k
      OS Memory           28072.00k
      Timestamp           08/04/2026 04:36:19 PM
      Step Count                        96  Switch Count  0
      Page Faults                       0
      Page Reclaims                     52
      Page Swaps                        0
      Voluntary Context Switches        11
      Involuntary Context Switches      0
      Block Input Operations            0
      Block Output Operations           0
      


NOTE: Deleting FNMAE.LOAN2003Q2_01 (memtype=DATA).
NOTE: PROCEDURE DATASETS used (Total process time):
      real time           0.02 seconds
      user cpu time       0.00 seconds
      system cpu time     0.00 seconds
      memory              347.15k
      OS Memory           22948.00k
      Timestamp           08/04/2026 04:36:19 PM
      Step Count                        97  Switch Count  2
      Page Faults                       0
      Page Reclaims                     48
      Page Swaps                        0
      Voluntary Context Switches        22
      Involuntary Context Switches      1
      Block Input Operations            0
      Block Output Operations           8
      

5                                                          The SAS System                       Tuesday, August  4, 2026 09:36:19 AM


NOTE: Deleting WORK._MONTHLY (memtype=DATA).
NOTE: Deleting WORK._LOGROW (memtype=DATA).
NOTE: PROCEDURE DATASETS used (Total process time):
      real time           0.52 seconds
      user cpu time       0.00 seconds
      system cpu time     0.52 seconds
      memory              348.28k
      OS Memory           22948.00k
      Timestamp           08/04/2026 04:36:19 PM
      Step Count                        98  Switch Count  4
      Page Faults                       0
      Page Reclaims                     48
      Page Swaps                        0
      Voluntary Context Switches        18
      Involuntary Context Switches      63
      Block Input Operations            0
      Block Output Operations           8
      

NOTE: 2003Q2_01 complete - records read       30,000,063          - loans          390,956          - Defaults            5,694     
     - Elapsed   0:03:12.34          - CUMULATIVE RECORDS      452,690,000
NOTE: 2003Q2_01.csv.gz removed from RAW
70         
71         OPTIONS NONOTES NOSTIMER NOSOURCE NOSYNTAXCHECK;
81         
6                                                          The SAS System                       Tuesday, August  4, 2026 10:15:05 AM


1                                                          The SAS System                       Tuesday, August  4, 2026 10:15:05 AM

1          OPTIONS NONOTES NOSTIMER NOSOURCE NOSYNTAXCHECK;
68         
69         %ProcessYearlyQuarter(YearQtr=2003Q2_02);
NOTE: Processing data for the yearly quarter: 2003Q2_02

NOTE: The infile SRC is:
      Filename=/home/bvsierrap0/RAW/2003Q2_02.csv.gz

NOTE: 30000117 records were read from the infile SRC.
      The minimum record length was 213.
      The maximum record length was 383.
NOTE: The data set WORK._MONTHLY has 30000117 observations and 36 variables.
NOTE: DATA statement used (Total process time):
      real time           3:02.51
      user cpu time       2:57.98
      system cpu time     3.20 seconds
      memory              2261.65k
      OS Memory           23460.00k
      Timestamp           08/04/2026 05:18:08 PM
      Step Count                        104  Switch Count  2
      Page Faults                       0
      Page Reclaims                     255
      Page Swaps                        0
      Voluntary Context Switches        43
      Involuntary Context Switches      2556
      Block Input Operations            0
      Block Output Operations           14092320
      

NOTE: Fileref SRC has been deassigned.

NOTE: Missing values were generated as a result of performing an operation on missing values.
      Each place is given by: (Number of times) at (Line):(Column).
      703 at 69:2   
NOTE: There were 30000117 observations read from the data set WORK._MONTHLY.
NOTE: The data set FNMAE.LOAN2003Q2_02 has 389669 observations and 44 variables.
NOTE: Compressing data set FNMAE.LOAN2003Q2_02 decreased size by 32.55 percent. 
      Compressed is 659 pages; un-compressed would require 977 pages.
NOTE: DATA statement used (Total process time):
      real time           6.05 seconds
      user cpu time       4.64 seconds
      system cpu time     1.17 seconds
      memory              4064.37k
      OS Memory           26280.00k
      Timestamp           08/04/2026 05:18:14 PM
      Step Count                        105  Switch Count  10
      Page Faults                       0
      Page Reclaims                     598
      Page Swaps                        0
      Voluntary Context Switches        2445
      Involuntary Context Switches      11
      Block Input Operations            0
      Block Output Operations           168712
      

NOTE: PROCEDURE SQL used (Total process time):
      real time           0.28 seconds
      user cpu time       0.22 seconds
2                                                          The SAS System                       Tuesday, August  4, 2026 10:18:14 AM

      system cpu time     0.04 seconds
      memory              7250.46k
      OS Memory           28840.00k
      Timestamp           08/04/2026 05:18:14 PM
      Step Count                        106  Switch Count  1
      Page Faults                       0
      Page Reclaims                     244
      Page Swaps                        0
      Voluntary Context Switches        904
      Involuntary Context Switches      3
      Block Input Operations            0
      Block Output Operations           0
      

NOTE: PROCEDURE SQL used (Total process time):
      real time           0.00 seconds
      user cpu time       0.00 seconds
      system cpu time     0.00 seconds
      memory              5604.96k
      OS Memory           28072.00k
      Timestamp           08/04/2026 05:18:14 PM
      Step Count                        107  Switch Count  0
      Page Faults                       0
      Page Reclaims                     52
      Page Swaps                        0
      Voluntary Context Switches        5
      Involuntary Context Switches      0
      Block Input Operations            0
      Block Output Operations           0
      


NOTE: Appending FNMAE.LOAN2003Q2_02 to FNMAE.LOANMASTER.
NOTE: There were 389669 observations read from the data set FNMAE.LOAN2003Q2_02.
NOTE: 389669 observations added.
NOTE: The data set FNMAE.LOANMASTER has 10070496 observations and 44 variables.
NOTE: PROCEDURE APPEND used (Total process time):
      real time           0.89 seconds
      user cpu time       0.60 seconds
      system cpu time     0.08 seconds
      memory              4449.18k
      OS Memory           26796.00k
      Timestamp           08/04/2026 05:18:15 PM
      Step Count                        108  Switch Count  0
      Page Faults                       0
      Page Reclaims                     745
      Page Swaps                        0
      Voluntary Context Switches        2008
      Involuntary Context Switches      3
      Block Input Operations            0
      Block Output Operations           170776
      


NOTE: The data set WORK._LOGROW has 1 observations and 8 variables.
NOTE: DATA statement used (Total process time):
      real time           0.00 seconds
      user cpu time       0.01 seconds
3                                                          The SAS System                       Tuesday, August  4, 2026 10:18:15 AM

      system cpu time     0.00 seconds
      memory              520.21k
      OS Memory           22948.00k
      Timestamp           08/04/2026 05:18:15 PM
      Step Count                        109  Switch Count  2
      Page Faults                       0
      Page Reclaims                     87
      Page Swaps                        0
      Voluntary Context Switches        12
      Involuntary Context Switches      0
      Block Input Operations            0
      Block Output Operations           264
      


NOTE: Appending WORK._LOGROW to FNMAE.RUNLOG.
NOTE: There were 1 observations read from the data set WORK._LOGROW.
NOTE: 1 observations added.
NOTE: The data set FNMAE.RUNLOG has 20 observations and 8 variables.
NOTE: PROCEDURE APPEND used (Total process time):
      real time           0.00 seconds
      user cpu time       0.00 seconds
      system cpu time     0.01 seconds
      memory              1114.09k
      OS Memory           23468.00k
      Timestamp           08/04/2026 05:18:15 PM
      Step Count                        110  Switch Count  0
      Page Faults                       0
      Page Reclaims                     116
      Page Swaps                        0
      Voluntary Context Switches        20
      Involuntary Context Switches      0
      Block Input Operations            0
      Block Output Operations           528
      


NOTE: There were 20 observations read from the data set FNMAE.RUNLOG.
NOTE: The data set FNMAE.RUNLOG has 20 observations and 8 variables.
NOTE: Compressing data set FNMAE.RUNLOG increased size by 100.00 percent. 
      Compressed is 2 pages; un-compressed would require 1 pages.
NOTE: PROCEDURE SORT used (Total process time):
      real time           0.02 seconds
      user cpu time       0.00 seconds
      system cpu time     0.00 seconds
      memory              923.37k
      OS Memory           23208.00k
      Timestamp           08/04/2026 05:18:15 PM
      Step Count                        111  Switch Count  2
      Page Faults                       0
      Page Reclaims                     113
      Page Swaps                        0
      Voluntary Context Switches        52
      Involuntary Context Switches      0
      Block Input Operations            0
      Block Output Operations           520
      

4                                                          The SAS System                       Tuesday, August  4, 2026 10:18:15 AM


NOTE: There were 20 observations read from the data set FNMAE.RUNLOG.
NOTE: The data set FNMAE.RUNLOG has 20 observations and 8 variables.
NOTE: Compressing data set FNMAE.RUNLOG increased size by 100.00 percent. 
      Compressed is 2 pages; un-compressed would require 1 pages.
NOTE: DATA statement used (Total process time):
      real time           0.02 seconds
      user cpu time       0.00 seconds
      system cpu time     0.00 seconds
      memory              1060.03k
      OS Memory           23208.00k
      Timestamp           08/04/2026 05:18:15 PM
      Step Count                        112  Switch Count  2
      Page Faults                       0
      Page Reclaims                     121
      Page Swaps                        0
      Voluntary Context Switches        51
      Involuntary Context Switches      0
      Block Input Operations            0
      Block Output Operations           528
      

NOTE: PROCEDURE SQL used (Total process time):
      real time           0.00 seconds
      user cpu time       0.00 seconds
      system cpu time     0.00 seconds
      memory              5605.03k
      OS Memory           28072.00k
      Timestamp           08/04/2026 05:18:15 PM
      Step Count                        113  Switch Count  0
      Page Faults                       0
      Page Reclaims                     52
      Page Swaps                        0
      Voluntary Context Switches        10
      Involuntary Context Switches      0
      Block Input Operations            0
      Block Output Operations           0
      


NOTE: Deleting FNMAE.LOAN2003Q2_02 (memtype=DATA).
NOTE: PROCEDURE DATASETS used (Total process time):
      real time           0.02 seconds
      user cpu time       0.00 seconds
      system cpu time     0.01 seconds
      memory              349.53k
      OS Memory           22948.00k
      Timestamp           08/04/2026 05:18:15 PM
      Step Count                        114  Switch Count  2
      Page Faults                       0
      Page Reclaims                     48
      Page Swaps                        0
      Voluntary Context Switches        23
      Involuntary Context Switches      1
      Block Input Operations            0
      Block Output Operations           8
      

5                                                          The SAS System                       Tuesday, August  4, 2026 10:18:15 AM


NOTE: Deleting WORK._MONTHLY (memtype=DATA).
NOTE: Deleting WORK._LOGROW (memtype=DATA).
NOTE: PROCEDURE DATASETS used (Total process time):
      real time           0.51 seconds
      user cpu time       0.00 seconds
      system cpu time     0.51 seconds
      memory              347.43k
      OS Memory           22948.00k
      Timestamp           08/04/2026 05:18:16 PM
      Step Count                        115  Switch Count  4
      Page Faults                       0
      Page Reclaims                     48
      Page Swaps                        0
      Voluntary Context Switches        21
      Involuntary Context Switches      63
      Block Input Operations            0
      Block Output Operations           8
      

NOTE: 2003Q2_02 complete - records read       30,000,117          - loans          389,669          - Defaults            5,692     
     - Elapsed   0:03:09.79          - CUMULATIVE RECORDS      482,690,000
NOTE: 2003Q2_02.csv.gz removed from RAW
70         
71         OPTIONS NONOTES NOSTIMER NOSOURCE NOSYNTAXCHECK;
81         
6                                                          The SAS System                       Tuesday, August  4, 2026 10:37:31 AM


1                                                          The SAS System                       Tuesday, August  4, 2026 10:37:31 AM

1          OPTIONS NONOTES NOSTIMER NOSOURCE NOSYNTAXCHECK;
68         
69         %ProcessYearlyQuarter(YearQtr=2003Q2_03);
NOTE: Processing data for the yearly quarter: 2003Q2_03

NOTE: The infile SRC is:
      Filename=/home/bvsierrap0/RAW/2003Q2_03.csv.gz

NOTE: 30000052 records were read from the infile SRC.
      The minimum record length was 214.
      The maximum record length was 378.
NOTE: The data set WORK._MONTHLY has 30000052 observations and 36 variables.
NOTE: DATA statement used (Total process time):
      real time           3:02.88
      user cpu time       2:58.76
      system cpu time     2.94 seconds
      memory              2251.87k
      OS Memory           23460.00k
      Timestamp           08/04/2026 05:40:34 PM
      Step Count                        121  Switch Count  2
      Page Faults                       0
      Page Reclaims                     254
      Page Swaps                        0
      Voluntary Context Switches        40
      Involuntary Context Switches      2016
      Block Input Operations            0
      Block Output Operations           14092320
      

NOTE: Fileref SRC has been deassigned.

NOTE: Missing values were generated as a result of performing an operation on missing values.
      Each place is given by: (Number of times) at (Line):(Column).
      778 at 69:2   
NOTE: There were 30000052 observations read from the data set WORK._MONTHLY.
NOTE: The data set FNMAE.LOAN2003Q2_03 has 390367 observations and 44 variables.
NOTE: Compressing data set FNMAE.LOAN2003Q2_03 decreased size by 32.58 percent. 
      Compressed is 660 pages; un-compressed would require 979 pages.
NOTE: DATA statement used (Total process time):
      real time           6.09 seconds
      user cpu time       4.63 seconds
      system cpu time     1.22 seconds
      memory              4069.06k
      OS Memory           26280.00k
      Timestamp           08/04/2026 05:40:40 PM
      Step Count                        122  Switch Count  10
      Page Faults                       0
      Page Reclaims                     598
      Page Swaps                        0
      Voluntary Context Switches        2266
      Involuntary Context Switches      11
      Block Input Operations            0
      Block Output Operations           168968
      

NOTE: PROCEDURE SQL used (Total process time):
      real time           0.27 seconds
      user cpu time       0.20 seconds
2                                                          The SAS System                       Tuesday, August  4, 2026 10:40:40 AM

      system cpu time     0.03 seconds
      memory              7251.25k
      OS Memory           28840.00k
      Timestamp           08/04/2026 05:40:40 PM
      Step Count                        123  Switch Count  1
      Page Faults                       0
      Page Reclaims                     244
      Page Swaps                        0
      Voluntary Context Switches        907
      Involuntary Context Switches      3
      Block Input Operations            0
      Block Output Operations           0
      

NOTE: PROCEDURE SQL used (Total process time):
      real time           0.00 seconds
      user cpu time       0.00 seconds
      system cpu time     0.00 seconds
      memory              5605.75k
      OS Memory           28072.00k
      Timestamp           08/04/2026 05:40:40 PM
      Step Count                        124  Switch Count  0
      Page Faults                       0
      Page Reclaims                     52
      Page Swaps                        0
      Voluntary Context Switches        5
      Involuntary Context Switches      0
      Block Input Operations            0
      Block Output Operations           0
      


NOTE: Appending FNMAE.LOAN2003Q2_03 to FNMAE.LOANMASTER.
NOTE: There were 390367 observations read from the data set FNMAE.LOAN2003Q2_03.
NOTE: 390367 observations added.
NOTE: The data set FNMAE.LOANMASTER has 10460863 observations and 44 variables.
NOTE: PROCEDURE APPEND used (Total process time):
      real time           0.84 seconds
      user cpu time       0.55 seconds
      system cpu time     0.07 seconds
      memory              4448.96k
      OS Memory           26796.00k
      Timestamp           08/04/2026 05:40:41 PM
      Step Count                        125  Switch Count  0
      Page Faults                       0
      Page Reclaims                     745
      Page Swaps                        0
      Voluntary Context Switches        2250
      Involuntary Context Switches      3
      Block Input Operations            0
      Block Output Operations           169488
      


NOTE: The data set WORK._LOGROW has 1 observations and 8 variables.
NOTE: DATA statement used (Total process time):
      real time           0.00 seconds
      user cpu time       0.00 seconds
3                                                          The SAS System                       Tuesday, August  4, 2026 10:40:41 AM

      system cpu time     0.00 seconds
      memory              522.59k
      OS Memory           22948.00k
      Timestamp           08/04/2026 05:40:41 PM
      Step Count                        126  Switch Count  2
      Page Faults                       0
      Page Reclaims                     87
      Page Swaps                        0
      Voluntary Context Switches        11
      Involuntary Context Switches      0
      Block Input Operations            0
      Block Output Operations           264
      


NOTE: Appending WORK._LOGROW to FNMAE.RUNLOG.
NOTE: There were 1 observations read from the data set WORK._LOGROW.
NOTE: 1 observations added.
NOTE: The data set FNMAE.RUNLOG has 21 observations and 8 variables.
NOTE: PROCEDURE APPEND used (Total process time):
      real time           0.00 seconds
      user cpu time       0.00 seconds
      system cpu time     0.00 seconds
      memory              1113.46k
      OS Memory           23468.00k
      Timestamp           08/04/2026 05:40:41 PM
      Step Count                        127  Switch Count  0
      Page Faults                       0
      Page Reclaims                     116
      Page Swaps                        0
      Voluntary Context Switches        20
      Involuntary Context Switches      0
      Block Input Operations            0
      Block Output Operations           528
      


NOTE: There were 21 observations read from the data set FNMAE.RUNLOG.
NOTE: The data set FNMAE.RUNLOG has 21 observations and 8 variables.
NOTE: Compressing data set FNMAE.RUNLOG increased size by 100.00 percent. 
      Compressed is 2 pages; un-compressed would require 1 pages.
NOTE: PROCEDURE SORT used (Total process time):
      real time           0.02 seconds
      user cpu time       0.00 seconds
      system cpu time     0.01 seconds
      memory              924.03k
      OS Memory           23208.00k
      Timestamp           08/04/2026 05:40:41 PM
      Step Count                        128  Switch Count  2
      Page Faults                       0
      Page Reclaims                     113
      Page Swaps                        0
      Voluntary Context Switches        48
      Involuntary Context Switches      0
      Block Input Operations            0
      Block Output Operations           520
      

4                                                          The SAS System                       Tuesday, August  4, 2026 10:40:41 AM


NOTE: There were 21 observations read from the data set FNMAE.RUNLOG.
NOTE: The data set FNMAE.RUNLOG has 21 observations and 8 variables.
NOTE: Compressing data set FNMAE.RUNLOG increased size by 100.00 percent. 
      Compressed is 2 pages; un-compressed would require 1 pages.
NOTE: DATA statement used (Total process time):
      real time           0.02 seconds
      user cpu time       0.00 seconds
      system cpu time     0.00 seconds
      memory              1059.34k
      OS Memory           23208.00k
      Timestamp           08/04/2026 05:40:41 PM
      Step Count                        129  Switch Count  2
      Page Faults                       0
      Page Reclaims                     121
      Page Swaps                        0
      Voluntary Context Switches        52
      Involuntary Context Switches      0
      Block Input Operations            0
      Block Output Operations           520
      

NOTE: PROCEDURE SQL used (Total process time):
      real time           0.00 seconds
      user cpu time       0.01 seconds
      system cpu time     0.00 seconds
      memory              5605.75k
      OS Memory           28072.00k
      Timestamp           08/04/2026 05:40:41 PM
      Step Count                        130  Switch Count  0
      Page Faults                       0
      Page Reclaims                     52
      Page Swaps                        0
      Voluntary Context Switches        11
      Involuntary Context Switches      0
      Block Input Operations            0
      Block Output Operations           0
      


NOTE: Deleting FNMAE.LOAN2003Q2_03 (memtype=DATA).
NOTE: PROCEDURE DATASETS used (Total process time):
      real time           0.01 seconds
      user cpu time       0.00 seconds
      system cpu time     0.00 seconds
      memory              347.28k
      OS Memory           22948.00k
      Timestamp           08/04/2026 05:40:41 PM
      Step Count                        131  Switch Count  2
      Page Faults                       0
      Page Reclaims                     48
      Page Swaps                        0
      Voluntary Context Switches        22
      Involuntary Context Switches      0
      Block Input Operations            0
      Block Output Operations           8
      

5                                                          The SAS System                       Tuesday, August  4, 2026 10:40:41 AM


NOTE: Deleting WORK._MONTHLY (memtype=DATA).
NOTE: Deleting WORK._LOGROW (memtype=DATA).
NOTE: PROCEDURE DATASETS used (Total process time):
      real time           0.54 seconds
      user cpu time       0.00 seconds
      system cpu time     0.54 seconds
      memory              347.28k
      OS Memory           22948.00k
      Timestamp           08/04/2026 05:40:42 PM
      Step Count                        132  Switch Count  4
      Page Faults                       0
      Page Reclaims                     48
      Page Swaps                        0
      Voluntary Context Switches        18
      Involuntary Context Switches      117
      Block Input Operations            0
      Block Output Operations           16
      

NOTE: 2003Q2_03 complete - records read       30,000,052          - loans          390,367          - Defaults            5,569     
     - Elapsed   0:03:10.14          - CUMULATIVE RECORDS      512,690,000
NOTE: 2003Q2_03.csv.gz removed from RAW
70         
71         OPTIONS NONOTES NOSTIMER NOSOURCE NOSYNTAXCHECK;
81         
6                                                          The SAS System                       Tuesday, August  4, 2026 11:01:38 AM


1                                                          The SAS System                       Tuesday, August  4, 2026 11:01:38 AM

1          OPTIONS NONOTES NOSTIMER NOSOURCE NOSYNTAXCHECK;
68         
69         %ProcessYearlyQuarter(YearQtr=2003Q2_04);
NOTE: Processing data for the yearly quarter: 2003Q2_04

NOTE: The infile SRC is:
      Filename=/home/bvsierrap0/RAW/2003Q2_04.csv.gz

NOTE: 30000005 records were read from the infile SRC.
      The minimum record length was 215.
      The maximum record length was 385.
NOTE: The data set WORK._MONTHLY has 30000005 observations and 36 variables.
NOTE: DATA statement used (Total process time):
      real time           3:05.00
      user cpu time       3:00.78
      system cpu time     2.97 seconds
      memory              2251.37k
      OS Memory           23460.00k
      Timestamp           08/04/2026 06:04:43 PM
      Step Count                        138  Switch Count  2
      Page Faults                       0
      Page Reclaims                     1329
      Page Swaps                        0
      Voluntary Context Switches        38
      Involuntary Context Switches      2153
      Block Input Operations            0
      Block Output Operations           14092064
      

NOTE: Fileref SRC has been deassigned.

NOTE: Missing values were generated as a result of performing an operation on missing values.
      Each place is given by: (Number of times) at (Line):(Column).
      685 at 69:2   
NOTE: There were 30000005 observations read from the data set WORK._MONTHLY.
NOTE: The data set FNMAE.LOAN2003Q2_04 has 389778 observations and 44 variables.
NOTE: Compressing data set FNMAE.LOAN2003Q2_04 decreased size by 32.55 percent. 
      Compressed is 659 pages; un-compressed would require 977 pages.
NOTE: DATA statement used (Total process time):
      real time           6.02 seconds
      user cpu time       4.64 seconds
      system cpu time     1.15 seconds
      memory              4069.18k
      OS Memory           26280.00k
      Timestamp           08/04/2026 06:04:49 PM
      Step Count                        139  Switch Count  10
      Page Faults                       0
      Page Reclaims                     598
      Page Swaps                        0
      Voluntary Context Switches        1996
      Involuntary Context Switches      12
      Block Input Operations            0
      Block Output Operations           169240
      

NOTE: PROCEDURE SQL used (Total process time):
      real time           0.27 seconds
      user cpu time       0.21 seconds
2                                                          The SAS System                       Tuesday, August  4, 2026 11:04:49 AM

      system cpu time     0.03 seconds
      memory              7250.96k
      OS Memory           28840.00k
      Timestamp           08/04/2026 06:04:49 PM
      Step Count                        140  Switch Count  1
      Page Faults                       0
      Page Reclaims                     244
      Page Swaps                        0
      Voluntary Context Switches        918
      Involuntary Context Switches      2
      Block Input Operations            0
      Block Output Operations           0
      

NOTE: PROCEDURE SQL used (Total process time):
      real time           0.00 seconds
      user cpu time       0.00 seconds
      system cpu time     0.00 seconds
      memory              5605.37k
      OS Memory           28072.00k
      Timestamp           08/04/2026 06:04:49 PM
      Step Count                        141  Switch Count  0
      Page Faults                       0
      Page Reclaims                     52
      Page Swaps                        0
      Voluntary Context Switches        5
      Involuntary Context Switches      0
      Block Input Operations            0
      Block Output Operations           0
      


NOTE: Appending FNMAE.LOAN2003Q2_04 to FNMAE.LOANMASTER.
NOTE: There were 389778 observations read from the data set FNMAE.LOAN2003Q2_04.
NOTE: 389778 observations added.
NOTE: The data set FNMAE.LOANMASTER has 10850641 observations and 44 variables.
NOTE: PROCEDURE APPEND used (Total process time):
      real time           0.82 seconds
      user cpu time       0.55 seconds
      system cpu time     0.07 seconds
      memory              4448.93k
      OS Memory           26796.00k
      Timestamp           08/04/2026 06:04:50 PM
      Step Count                        142  Switch Count  0
      Page Faults                       0
      Page Reclaims                     745
      Page Swaps                        0
      Voluntary Context Switches        1815
      Involuntary Context Switches      3
      Block Input Operations            0
      Block Output Operations           169488
      


NOTE: The data set WORK._LOGROW has 1 observations and 8 variables.
NOTE: DATA statement used (Total process time):
      real time           0.00 seconds
      user cpu time       0.00 seconds
3                                                          The SAS System                       Tuesday, August  4, 2026 11:04:50 AM

      system cpu time     0.01 seconds
      memory              525.37k
      OS Memory           22948.00k
      Timestamp           08/04/2026 06:04:50 PM
      Step Count                        143  Switch Count  2
      Page Faults                       0
      Page Reclaims                     87
      Page Swaps                        0
      Voluntary Context Switches        11
      Involuntary Context Switches      1
      Block Input Operations            0
      Block Output Operations           264
      


NOTE: Appending WORK._LOGROW to FNMAE.RUNLOG.
NOTE: There were 1 observations read from the data set WORK._LOGROW.
NOTE: 1 observations added.
NOTE: The data set FNMAE.RUNLOG has 22 observations and 8 variables.
NOTE: PROCEDURE APPEND used (Total process time):
      real time           0.00 seconds
      user cpu time       0.00 seconds
      system cpu time     0.00 seconds
      memory              1113.46k
      OS Memory           23468.00k
      Timestamp           08/04/2026 06:04:50 PM
      Step Count                        144  Switch Count  0
      Page Faults                       0
      Page Reclaims                     116
      Page Swaps                        0
      Voluntary Context Switches        21
      Involuntary Context Switches      0
      Block Input Operations            0
      Block Output Operations           536
      


NOTE: There were 22 observations read from the data set FNMAE.RUNLOG.
NOTE: The data set FNMAE.RUNLOG has 22 observations and 8 variables.
NOTE: Compressing data set FNMAE.RUNLOG increased size by 100.00 percent. 
      Compressed is 2 pages; un-compressed would require 1 pages.
NOTE: PROCEDURE SORT used (Total process time):
      real time           0.02 seconds
      user cpu time       0.00 seconds
      system cpu time     0.00 seconds
      memory              924.03k
      OS Memory           23208.00k
      Timestamp           08/04/2026 06:04:50 PM
      Step Count                        145  Switch Count  2
      Page Faults                       0
      Page Reclaims                     113
      Page Swaps                        0
      Voluntary Context Switches        46
      Involuntary Context Switches      0
      Block Input Operations            0
      Block Output Operations           520
      

4                                                          The SAS System                       Tuesday, August  4, 2026 11:04:50 AM


NOTE: There were 22 observations read from the data set FNMAE.RUNLOG.
NOTE: The data set FNMAE.RUNLOG has 22 observations and 8 variables.
NOTE: Compressing data set FNMAE.RUNLOG increased size by 100.00 percent. 
      Compressed is 2 pages; un-compressed would require 1 pages.
NOTE: DATA statement used (Total process time):
      real time           0.02 seconds
      user cpu time       0.00 seconds
      system cpu time     0.00 seconds
      memory              1059.37k
      OS Memory           23208.00k
      Timestamp           08/04/2026 06:04:50 PM
      Step Count                        146  Switch Count  2
      Page Faults                       0
      Page Reclaims                     121
      Page Swaps                        0
      Voluntary Context Switches        53
      Involuntary Context Switches      0
      Block Input Operations            0
      Block Output Operations           520
      

NOTE: PROCEDURE SQL used (Total process time):
      real time           0.00 seconds
      user cpu time       0.00 seconds
      system cpu time     0.00 seconds
      memory              5605.37k
      OS Memory           28072.00k
      Timestamp           08/04/2026 06:04:50 PM
      Step Count                        147  Switch Count  0
      Page Faults                       0
      Page Reclaims                     52
      Page Swaps                        0
      Voluntary Context Switches        11
      Involuntary Context Switches      0
      Block Input Operations            0
      Block Output Operations           0
      


NOTE: Deleting FNMAE.LOAN2003Q2_04 (memtype=DATA).
NOTE: PROCEDURE DATASETS used (Total process time):
      real time           0.02 seconds
      user cpu time       0.00 seconds
      system cpu time     0.01 seconds
      memory              347.28k
      OS Memory           22948.00k
      Timestamp           08/04/2026 06:04:50 PM
      Step Count                        148  Switch Count  2
      Page Faults                       0
      Page Reclaims                     48
      Page Swaps                        0
      Voluntary Context Switches        22
      Involuntary Context Switches      2
      Block Input Operations            0
      Block Output Operations           8
      

5                                                          The SAS System                       Tuesday, August  4, 2026 11:04:50 AM


NOTE: Deleting WORK._MONTHLY (memtype=DATA).
NOTE: Deleting WORK._LOGROW (memtype=DATA).
NOTE: PROCEDURE DATASETS used (Total process time):
      real time           0.51 seconds
      user cpu time       0.00 seconds
      system cpu time     0.50 seconds
      memory              347.28k
      OS Memory           22948.00k
      Timestamp           08/04/2026 06:04:51 PM
      Step Count                        149  Switch Count  4
      Page Faults                       0
      Page Reclaims                     48
      Page Swaps                        0
      Voluntary Context Switches        18
      Involuntary Context Switches      74
      Block Input Operations            0
      Block Output Operations           16
      

NOTE: 2003Q2_04 complete - records read       30,000,005          - loans          389,778          - Defaults            5,704     
     - Elapsed   0:03:12.16          - CUMULATIVE RECORDS      542,690,000
NOTE: 2003Q2_04.csv.gz removed from RAW
70         
71         OPTIONS NONOTES NOSTIMER NOSOURCE NOSYNTAXCHECK;
81         
6                                                          The SAS System                       Tuesday, August  4, 2026 11:24:18 AM


1                                                          The SAS System                       Tuesday, August  4, 2026 11:24:18 AM

1          OPTIONS NONOTES NOSTIMER NOSOURCE NOSYNTAXCHECK;
68         
69         %ProcessYearlyQuarter(YearQtr=2003Q2_05);
NOTE: Processing data for the yearly quarter: 2003Q2_05

NOTE: The infile SRC is:
      Filename=/home/bvsierrap0/RAW/2003Q2_05.csv.gz

NOTE: 7056863 records were read from the infile SRC.
      The minimum record length was 217.
      The maximum record length was 370.
NOTE: The data set WORK._MONTHLY has 7056863 observations and 36 variables.
NOTE: DATA statement used (Total process time):
      real time           43.29 seconds
      user cpu time       42.27 seconds
      system cpu time     0.70 seconds
      memory              2248.12k
      OS Memory           23460.00k
      Timestamp           08/04/2026 06:25:01 PM
      Step Count                        155  Switch Count  2
      Page Faults                       0
      Page Reclaims                     253
      Page Swaps                        0
      Voluntary Context Switches        33
      Involuntary Context Switches      595
      Block Input Operations            0
      Block Output Operations           3315232
      

NOTE: Fileref SRC has been deassigned.

NOTE: Missing values were generated as a result of performing an operation on missing values.
      Each place is given by: (Number of times) at (Line):(Column).
      166 at 69:2   
NOTE: There were 7056863 observations read from the data set WORK._MONTHLY.
NOTE: The data set FNMAE.LOAN2003Q2_05 has 92187 observations and 44 variables.
NOTE: Compressing data set FNMAE.LOAN2003Q2_05 decreased size by 32.33 percent. 
      Compressed is 157 pages; un-compressed would require 232 pages.
NOTE: DATA statement used (Total process time):
      real time           1.73 seconds
      user cpu time       1.36 seconds
      system cpu time     0.31 seconds
      memory              4068.34k
      OS Memory           26280.00k
      Timestamp           08/04/2026 06:25:03 PM
      Step Count                        156  Switch Count  2
      Page Faults                       0
      Page Reclaims                     598
      Page Swaps                        0
      Voluntary Context Switches        314
      Involuntary Context Switches      4
      Block Input Operations            0
      Block Output Operations           40720
      

NOTE: PROCEDURE SQL used (Total process time):
      real time           0.07 seconds
      user cpu time       0.05 seconds
2                                                          The SAS System                       Tuesday, August  4, 2026 11:25:03 AM

      system cpu time     0.01 seconds
      memory              7251.43k
      OS Memory           28840.00k
      Timestamp           08/04/2026 06:25:03 PM
      Step Count                        157  Switch Count  1
      Page Faults                       0
      Page Reclaims                     244
      Page Swaps                        0
      Voluntary Context Switches        209
      Involuntary Context Switches      2
      Block Input Operations            0
      Block Output Operations           0
      

NOTE: PROCEDURE SQL used (Total process time):
      real time           0.00 seconds
      user cpu time       0.00 seconds
      system cpu time     0.00 seconds
      memory              5605.87k
      OS Memory           28072.00k
      Timestamp           08/04/2026 06:25:03 PM
      Step Count                        158  Switch Count  0
      Page Faults                       0
      Page Reclaims                     52
      Page Swaps                        0
      Voluntary Context Switches        5
      Involuntary Context Switches      1
      Block Input Operations            0
      Block Output Operations           0
      


NOTE: Appending FNMAE.LOAN2003Q2_05 to FNMAE.LOANMASTER.
NOTE: There were 92187 observations read from the data set FNMAE.LOAN2003Q2_05.
NOTE: 92187 observations added.
NOTE: The data set FNMAE.LOANMASTER has 10942828 observations and 44 variables.
NOTE: PROCEDURE APPEND used (Total process time):
      real time           0.21 seconds
      user cpu time       0.14 seconds
      system cpu time     0.02 seconds
      memory              4448.96k
      OS Memory           26796.00k
      Timestamp           08/04/2026 06:25:03 PM
      Step Count                        159  Switch Count  0
      Page Faults                       0
      Page Reclaims                     745
      Page Swaps                        0
      Voluntary Context Switches        530
      Involuntary Context Switches      5
      Block Input Operations            0
      Block Output Operations           42008
      


NOTE: The data set WORK._LOGROW has 1 observations and 8 variables.
NOTE: DATA statement used (Total process time):
      real time           0.00 seconds
      user cpu time       0.00 seconds
3                                                          The SAS System                       Tuesday, August  4, 2026 11:25:03 AM

      system cpu time     0.00 seconds
      memory              526.75k
      OS Memory           22948.00k
      Timestamp           08/04/2026 06:25:03 PM
      Step Count                        160  Switch Count  2
      Page Faults                       0
      Page Reclaims                     87
      Page Swaps                        0
      Voluntary Context Switches        11
      Involuntary Context Switches      0
      Block Input Operations            0
      Block Output Operations           264
      


NOTE: Appending WORK._LOGROW to FNMAE.RUNLOG.
NOTE: There were 1 observations read from the data set WORK._LOGROW.
NOTE: 1 observations added.
NOTE: The data set FNMAE.RUNLOG has 23 observations and 8 variables.
NOTE: PROCEDURE APPEND used (Total process time):
      real time           0.00 seconds
      user cpu time       0.00 seconds
      system cpu time     0.00 seconds
      memory              1113.84k
      OS Memory           23468.00k
      Timestamp           08/04/2026 06:25:03 PM
      Step Count                        161  Switch Count  0
      Page Faults                       0
      Page Reclaims                     116
      Page Swaps                        0
      Voluntary Context Switches        17
      Involuntary Context Switches      0
      Block Input Operations            0
      Block Output Operations           528
      


NOTE: There were 23 observations read from the data set FNMAE.RUNLOG.
NOTE: The data set FNMAE.RUNLOG has 23 observations and 8 variables.
NOTE: Compressing data set FNMAE.RUNLOG increased size by 100.00 percent. 
      Compressed is 2 pages; un-compressed would require 1 pages.
NOTE: PROCEDURE SORT used (Total process time):
      real time           0.02 seconds
      user cpu time       0.00 seconds
      system cpu time     0.00 seconds
      memory              924.40k
      OS Memory           23208.00k
      Timestamp           08/04/2026 06:25:03 PM
      Step Count                        162  Switch Count  2
      Page Faults                       0
      Page Reclaims                     113
      Page Swaps                        0
      Voluntary Context Switches        49
      Involuntary Context Switches      0
      Block Input Operations            0
      Block Output Operations           520
      

4                                                          The SAS System                       Tuesday, August  4, 2026 11:25:03 AM


NOTE: There were 23 observations read from the data set FNMAE.RUNLOG.
NOTE: The data set FNMAE.RUNLOG has 23 observations and 8 variables.
NOTE: Compressing data set FNMAE.RUNLOG increased size by 100.00 percent. 
      Compressed is 2 pages; un-compressed would require 1 pages.
NOTE: DATA statement used (Total process time):
      real time           0.02 seconds
      user cpu time       0.00 seconds
      system cpu time     0.00 seconds
      memory              1062.00k
      OS Memory           23208.00k
      Timestamp           08/04/2026 06:25:03 PM
      Step Count                        163  Switch Count  2
      Page Faults                       0
      Page Reclaims                     121
      Page Swaps                        0
      Voluntary Context Switches        52
      Involuntary Context Switches      0
      Block Input Operations            0
      Block Output Operations           520
      

NOTE: PROCEDURE SQL used (Total process time):
      real time           0.00 seconds
      user cpu time       0.00 seconds
      system cpu time     0.00 seconds
      memory              5605.87k
      OS Memory           28072.00k
      Timestamp           08/04/2026 06:25:03 PM
      Step Count                        164  Switch Count  0
      Page Faults                       0
      Page Reclaims                     52
      Page Swaps                        0
      Voluntary Context Switches        11
      Involuntary Context Switches      0
      Block Input Operations            0
      Block Output Operations           0
      


NOTE: Deleting FNMAE.LOAN2003Q2_05 (memtype=DATA).
NOTE: PROCEDURE DATASETS used (Total process time):
      real time           0.01 seconds
      user cpu time       0.00 seconds
      system cpu time     0.01 seconds
      memory              347.28k
      OS Memory           22948.00k
      Timestamp           08/04/2026 06:25:04 PM
      Step Count                        165  Switch Count  2
      Page Faults                       0
      Page Reclaims                     48
      Page Swaps                        0
      Voluntary Context Switches        23
      Involuntary Context Switches      2
      Block Input Operations            0
      Block Output Operations           8
      

5                                                          The SAS System                       Tuesday, August  4, 2026 11:25:04 AM


NOTE: Deleting WORK._MONTHLY (memtype=DATA).
NOTE: Deleting WORK._LOGROW (memtype=DATA).
NOTE: PROCEDURE DATASETS used (Total process time):
      real time           0.14 seconds
      user cpu time       0.01 seconds
      system cpu time     0.14 seconds
      memory              349.15k
      OS Memory           22948.00k
      Timestamp           08/04/2026 06:25:04 PM
      Step Count                        166  Switch Count  4
      Page Faults                       0
      Page Reclaims                     48
      Page Swaps                        0
      Voluntary Context Switches        18
      Involuntary Context Switches      21
      Block Input Operations            0
      Block Output Operations           8
      

NOTE: 2003Q2_05 complete - records read        7,056,863          - loans           92,187          - Defaults            1,340     
     - Elapsed   0:00:45.34          - CUMULATIVE RECORDS      549,740,000
NOTE: 2003Q2_05.csv.gz removed from RAW
70         
71         OPTIONS NONOTES NOSTIMER NOSOURCE NOSYNTAXCHECK;
81         
6                                                          The SAS System                       Tuesday, August  4, 2026 11:37:15 AM


1                                                          The SAS System                       Tuesday, August  4, 2026 11:37:15 AM

1          OPTIONS NONOTES NOSTIMER NOSOURCE NOSYNTAXCHECK;
68         
69         %ProcessYearlyQuarter(YearQtr=2003Q3_01);
NOTE: Processing data for the yearly quarter: 2003Q3_01

NOTE: The infile SRC is:
      Filename=/home/bvsierrap0/RAW/2003Q3_01.csv.gz

NOTE: 30000068 records were read from the infile SRC.
      The minimum record length was 214.
      The maximum record length was 380.
NOTE: The data set WORK._MONTHLY has 30000068 observations and 36 variables.
NOTE: DATA statement used (Total process time):
      real time           3:02.87
      user cpu time       2:58.71
      system cpu time     2.92 seconds
      memory              2239.34k
      OS Memory           23460.00k
      Timestamp           08/04/2026 06:40:18 PM
      Step Count                        172  Switch Count  2
      Page Faults                       0
      Page Reclaims                     253
      Page Swaps                        0
      Voluntary Context Switches        50
      Involuntary Context Switches      1811
      Block Input Operations            0
      Block Output Operations           14092320
      

NOTE: Fileref SRC has been deassigned.

NOTE: Missing values were generated as a result of performing an operation on missing values.
      Each place is given by: (Number of times) at (Line):(Column).
      608 at 69:2   
NOTE: There were 30000068 observations read from the data set WORK._MONTHLY.
NOTE: The data set FNMAE.LOAN2003Q3_01 has 346492 observations and 44 variables.
NOTE: Compressing data set FNMAE.LOAN2003Q3_01 decreased size by 32.34 percent. 
      Compressed is 588 pages; un-compressed would require 869 pages.
NOTE: DATA statement used (Total process time):
      real time           5.97 seconds
      user cpu time       4.55 seconds
      system cpu time     1.18 seconds
      memory              4062.03k
      OS Memory           26280.00k
      Timestamp           08/04/2026 06:40:24 PM
      Step Count                        173  Switch Count  10
      Page Faults                       0
      Page Reclaims                     598
      Page Swaps                        0
      Voluntary Context Switches        1448
      Involuntary Context Switches      16
      Block Input Operations            0
      Block Output Operations           151056
      

NOTE: PROCEDURE SQL used (Total process time):
      real time           0.24 seconds
      user cpu time       0.18 seconds
2                                                          The SAS System                       Tuesday, August  4, 2026 11:40:24 AM

      system cpu time     0.04 seconds
      memory              7251.00k
      OS Memory           28840.00k
      Timestamp           08/04/2026 06:40:24 PM
      Step Count                        174  Switch Count  1
      Page Faults                       0
      Page Reclaims                     244
      Page Swaps                        0
      Voluntary Context Switches        672
      Involuntary Context Switches      1
      Block Input Operations            0
      Block Output Operations           0
      

NOTE: PROCEDURE SQL used (Total process time):
      real time           0.00 seconds
      user cpu time       0.00 seconds
      system cpu time     0.00 seconds
      memory              5605.75k
      OS Memory           28072.00k
      Timestamp           08/04/2026 06:40:24 PM
      Step Count                        175  Switch Count  0
      Page Faults                       0
      Page Reclaims                     52
      Page Swaps                        0
      Voluntary Context Switches        5
      Involuntary Context Switches      0
      Block Input Operations            0
      Block Output Operations           0
      


NOTE: Appending FNMAE.LOAN2003Q3_01 to FNMAE.LOANMASTER.
NOTE: There were 346492 observations read from the data set FNMAE.LOAN2003Q3_01.
NOTE: 346492 observations added.
NOTE: The data set FNMAE.LOANMASTER has 11289320 observations and 44 variables.
NOTE: PROCEDURE APPEND used (Total process time):
      real time           0.74 seconds
      user cpu time       0.49 seconds
      system cpu time     0.07 seconds
      memory              4450.21k
      OS Memory           26796.00k
      Timestamp           08/04/2026 06:40:25 PM
      Step Count                        176  Switch Count  0
      Page Faults                       0
      Page Reclaims                     745
      Page Swaps                        0
      Voluntary Context Switches        2687
      Involuntary Context Switches      4
      Block Input Operations            0
      Block Output Operations           151072
      


NOTE: The data set WORK._LOGROW has 1 observations and 8 variables.
NOTE: DATA statement used (Total process time):
      real time           0.00 seconds
      user cpu time       0.00 seconds
3                                                          The SAS System                       Tuesday, August  4, 2026 11:40:25 AM

      system cpu time     0.00 seconds
      memory              525.56k
      OS Memory           22948.00k
      Timestamp           08/04/2026 06:40:25 PM
      Step Count                        177  Switch Count  2
      Page Faults                       0
      Page Reclaims                     87
      Page Swaps                        0
      Voluntary Context Switches        12
      Involuntary Context Switches      0
      Block Input Operations            0
      Block Output Operations           264
      


NOTE: Appending WORK._LOGROW to FNMAE.RUNLOG.
NOTE: There were 1 observations read from the data set WORK._LOGROW.
NOTE: 1 observations added.
NOTE: The data set FNMAE.RUNLOG has 24 observations and 8 variables.
NOTE: PROCEDURE APPEND used (Total process time):
      real time           0.00 seconds
      user cpu time       0.00 seconds
      system cpu time     0.00 seconds
      memory              1114.75k
      OS Memory           23468.00k
      Timestamp           08/04/2026 06:40:25 PM
      Step Count                        178  Switch Count  0
      Page Faults                       0
      Page Reclaims                     116
      Page Swaps                        0
      Voluntary Context Switches        25
      Involuntary Context Switches      0
      Block Input Operations            0
      Block Output Operations           528
      


NOTE: There were 24 observations read from the data set FNMAE.RUNLOG.
NOTE: The data set FNMAE.RUNLOG has 24 observations and 8 variables.
NOTE: Compressing data set FNMAE.RUNLOG increased size by 100.00 percent. 
      Compressed is 2 pages; un-compressed would require 1 pages.
NOTE: PROCEDURE SORT used (Total process time):
      real time           0.02 seconds
      user cpu time       0.00 seconds
      system cpu time     0.00 seconds
      memory              925.46k
      OS Memory           23208.00k
      Timestamp           08/04/2026 06:40:25 PM
      Step Count                        179  Switch Count  2
      Page Faults                       0
      Page Reclaims                     113
      Page Swaps                        0
      Voluntary Context Switches        50
      Involuntary Context Switches      0
      Block Input Operations            0
      Block Output Operations           520
      

4                                                          The SAS System                       Tuesday, August  4, 2026 11:40:25 AM


NOTE: There were 24 observations read from the data set FNMAE.RUNLOG.
NOTE: The data set FNMAE.RUNLOG has 24 observations and 8 variables.
NOTE: Compressing data set FNMAE.RUNLOG increased size by 100.00 percent. 
      Compressed is 2 pages; un-compressed would require 1 pages.
NOTE: DATA statement used (Total process time):
      real time           0.02 seconds
      user cpu time       0.00 seconds
      system cpu time     0.01 seconds
      memory              1062.40k
      OS Memory           23208.00k
      Timestamp           08/04/2026 06:40:25 PM
      Step Count                        180  Switch Count  2
      Page Faults                       0
      Page Reclaims                     121
      Page Swaps                        0
      Voluntary Context Switches        56
      Involuntary Context Switches      0
      Block Input Operations            0
      Block Output Operations           520
      

NOTE: PROCEDURE SQL used (Total process time):
      real time           0.00 seconds
      user cpu time       0.00 seconds
      system cpu time     0.00 seconds
      memory              5605.75k
      OS Memory           28072.00k
      Timestamp           08/04/2026 06:40:25 PM
      Step Count                        181  Switch Count  0
      Page Faults                       0
      Page Reclaims                     52
      Page Swaps                        0
      Voluntary Context Switches        11
      Involuntary Context Switches      0
      Block Input Operations            0
      Block Output Operations           0
      


NOTE: Deleting FNMAE.LOAN2003Q3_01 (memtype=DATA).
NOTE: PROCEDURE DATASETS used (Total process time):
      real time           0.01 seconds
      user cpu time       0.00 seconds
      system cpu time     0.00 seconds
      memory              351.65k
      OS Memory           22948.00k
      Timestamp           08/04/2026 06:40:25 PM
      Step Count                        182  Switch Count  2
      Page Faults                       0
      Page Reclaims                     48
      Page Swaps                        0
      Voluntary Context Switches        22
      Involuntary Context Switches      1
      Block Input Operations            0
      Block Output Operations           8
      

5                                                          The SAS System                       Tuesday, August  4, 2026 11:40:25 AM


NOTE: Deleting WORK._MONTHLY (memtype=DATA).
NOTE: Deleting WORK._LOGROW (memtype=DATA).
NOTE: PROCEDURE DATASETS used (Total process time):
      real time           0.49 seconds
      user cpu time       0.00 seconds
      system cpu time     0.49 seconds
      memory              349.62k
      OS Memory           22948.00k
      Timestamp           08/04/2026 06:40:25 PM
      Step Count                        183  Switch Count  4
      Page Faults                       0
      Page Reclaims                     48
      Page Swaps                        0
      Voluntary Context Switches        18
      Involuntary Context Switches      68
      Block Input Operations            0
      Block Output Operations           8
      

NOTE: 2003Q3_01 complete - records read       30,000,068          - loans          346,492          - Defaults            5,622     
     - Elapsed   0:03:09.86          - CUMULATIVE RECORDS      579,740,000
NOTE: 2003Q3_01.csv.gz removed from RAW
70         
71         OPTIONS NONOTES NOSTIMER NOSOURCE NOSYNTAXCHECK;
81         
6                                                          The SAS System                       Tuesday, August  4, 2026 11:54:17 AM


1                                                          The SAS System                       Tuesday, August  4, 2026 11:54:17 AM

1          OPTIONS NONOTES NOSTIMER NOSOURCE NOSYNTAXCHECK;
68         
69         %ProcessYearlyQuarter(YearQtr=2003Q3_02);
NOTE: Processing data for the yearly quarter: 2003Q3_02

NOTE: The infile SRC is:
      Filename=/home/bvsierrap0/RAW/2003Q3_02.csv.gz

NOTE: 30000258 records were read from the infile SRC.
      The minimum record length was 215.
      The maximum record length was 379.
NOTE: The data set WORK._MONTHLY has 30000258 observations and 36 variables.
NOTE: DATA statement used (Total process time):
      real time           3:06.72
      user cpu time       3:02.30
      system cpu time     3.09 seconds
      memory              2256.50k
      OS Memory           23460.00k
      Timestamp           08/04/2026 06:57:23 PM
      Step Count                        189  Switch Count  2
      Page Faults                       0
      Page Reclaims                     255
      Page Swaps                        0
      Voluntary Context Switches        44
      Involuntary Context Switches      2247
      Block Input Operations            0
      Block Output Operations           14092320
      

NOTE: Fileref SRC has been deassigned.

NOTE: Missing values were generated as a result of performing an operation on missing values.
      Each place is given by: (Number of times) at (Line):(Column).
      654 at 69:2   
NOTE: There were 30000258 observations read from the data set WORK._MONTHLY.
NOTE: The data set FNMAE.LOAN2003Q3_02 has 347173 observations and 44 variables.
NOTE: Compressing data set FNMAE.LOAN2003Q3_02 decreased size by 32.38 percent. 
      Compressed is 589 pages; un-compressed would require 871 pages.
NOTE: DATA statement used (Total process time):
      real time           5.98 seconds
      user cpu time       4.56 seconds
      system cpu time     1.24 seconds
      memory              4062.87k
      OS Memory           26280.00k
      Timestamp           08/04/2026 06:57:29 PM
      Step Count                        190  Switch Count  10
      Page Faults                       0
      Page Reclaims                     612
      Page Swaps                        0
      Voluntary Context Switches        1231
      Involuntary Context Switches      43
      Block Input Operations            0
      Block Output Operations           151312
      

NOTE: PROCEDURE SQL used (Total process time):
      real time           0.25 seconds
      user cpu time       0.19 seconds
2                                                          The SAS System                       Tuesday, August  4, 2026 11:57:30 AM

      system cpu time     0.03 seconds
      memory              7251.68k
      OS Memory           28840.00k
      Timestamp           08/04/2026 06:57:30 PM
      Step Count                        191  Switch Count  1
      Page Faults                       0
      Page Reclaims                     244
      Page Swaps                        0
      Voluntary Context Switches        807
      Involuntary Context Switches      3
      Block Input Operations            0
      Block Output Operations           0
      

NOTE: PROCEDURE SQL used (Total process time):
      real time           0.00 seconds
      user cpu time       0.01 seconds
      system cpu time     0.00 seconds
      memory              5606.25k
      OS Memory           28072.00k
      Timestamp           08/04/2026 06:57:30 PM
      Step Count                        192  Switch Count  0
      Page Faults                       0
      Page Reclaims                     52
      Page Swaps                        0
      Voluntary Context Switches        5
      Involuntary Context Switches      0
      Block Input Operations            0
      Block Output Operations           0
      


NOTE: Appending FNMAE.LOAN2003Q3_02 to FNMAE.LOANMASTER.
NOTE: There were 347173 observations read from the data set FNMAE.LOAN2003Q3_02.
NOTE: 347173 observations added.
NOTE: The data set FNMAE.LOANMASTER has 11636493 observations and 44 variables.
NOTE: PROCEDURE APPEND used (Total process time):
      real time           0.74 seconds
      user cpu time       0.49 seconds
      system cpu time     0.07 seconds
      memory              4448.90k
      OS Memory           26796.00k
      Timestamp           08/04/2026 06:57:30 PM
      Step Count                        193  Switch Count  0
      Page Faults                       0
      Page Reclaims                     745
      Page Swaps                        0
      Voluntary Context Switches        1485
      Involuntary Context Switches      3
      Block Input Operations            0
      Block Output Operations           151568
      


NOTE: The data set WORK._LOGROW has 1 observations and 8 variables.
NOTE: DATA statement used (Total process time):
      real time           0.00 seconds
      user cpu time       0.00 seconds
3                                                          The SAS System                       Tuesday, August  4, 2026 11:57:30 AM

      system cpu time     0.00 seconds
      memory              520.43k
      OS Memory           22948.00k
      Timestamp           08/04/2026 06:57:30 PM
      Step Count                        194  Switch Count  2
      Page Faults                       0
      Page Reclaims                     87
      Page Swaps                        0
      Voluntary Context Switches        11
      Involuntary Context Switches      0
      Block Input Operations            0
      Block Output Operations           264
      


NOTE: Appending WORK._LOGROW to FNMAE.RUNLOG.
NOTE: There were 1 observations read from the data set WORK._LOGROW.
NOTE: 1 observations added.
NOTE: The data set FNMAE.RUNLOG has 25 observations and 8 variables.
NOTE: PROCEDURE APPEND used (Total process time):
      real time           0.00 seconds
      user cpu time       0.00 seconds
      system cpu time     0.00 seconds
      memory              1114.75k
      OS Memory           23468.00k
      Timestamp           08/04/2026 06:57:30 PM
      Step Count                        195  Switch Count  0
      Page Faults                       0
      Page Reclaims                     116
      Page Swaps                        0
      Voluntary Context Switches        20
      Involuntary Context Switches      0
      Block Input Operations            0
      Block Output Operations           528
      


NOTE: There were 25 observations read from the data set FNMAE.RUNLOG.
NOTE: The data set FNMAE.RUNLOG has 25 observations and 8 variables.
NOTE: Compressing data set FNMAE.RUNLOG increased size by 100.00 percent. 
      Compressed is 2 pages; un-compressed would require 1 pages.
NOTE: PROCEDURE SORT used (Total process time):
      real time           0.02 seconds
      user cpu time       0.00 seconds
      system cpu time     0.01 seconds
      memory              923.90k
      OS Memory           23208.00k
      Timestamp           08/04/2026 06:57:30 PM
      Step Count                        196  Switch Count  2
      Page Faults                       0
      Page Reclaims                     113
      Page Swaps                        0
      Voluntary Context Switches        48
      Involuntary Context Switches      0
      Block Input Operations            0
      Block Output Operations           520
      

4                                                          The SAS System                       Tuesday, August  4, 2026 11:57:30 AM


NOTE: There were 25 observations read from the data set FNMAE.RUNLOG.
NOTE: The data set FNMAE.RUNLOG has 25 observations and 8 variables.
NOTE: Compressing data set FNMAE.RUNLOG increased size by 100.00 percent. 
      Compressed is 2 pages; un-compressed would require 1 pages.
NOTE: DATA statement used (Total process time):
      real time           0.02 seconds
      user cpu time       0.00 seconds
      system cpu time     0.00 seconds
      memory              1062.50k
      OS Memory           23208.00k
      Timestamp           08/04/2026 06:57:31 PM
      Step Count                        197  Switch Count  2
      Page Faults                       0
      Page Reclaims                     121
      Page Swaps                        0
      Voluntary Context Switches        53
      Involuntary Context Switches      0
      Block Input Operations            0
      Block Output Operations           520
      

NOTE: PROCEDURE SQL used (Total process time):
      real time           0.00 seconds
      user cpu time       0.00 seconds
      system cpu time     0.00 seconds
      memory              5606.21k
      OS Memory           28072.00k
      Timestamp           08/04/2026 06:57:31 PM
      Step Count                        198  Switch Count  0
      Page Faults                       0
      Page Reclaims                     52
      Page Swaps                        0
      Voluntary Context Switches        11
      Involuntary Context Switches      0
      Block Input Operations            0
      Block Output Operations           0
      


NOTE: Deleting FNMAE.LOAN2003Q3_02 (memtype=DATA).
NOTE: PROCEDURE DATASETS used (Total process time):
      real time           0.01 seconds
      user cpu time       0.00 seconds
      system cpu time     0.01 seconds
      memory              347.15k
      OS Memory           22948.00k
      Timestamp           08/04/2026 06:57:31 PM
      Step Count                        199  Switch Count  2
      Page Faults                       0
      Page Reclaims                     48
      Page Swaps                        0
      Voluntary Context Switches        22
      Involuntary Context Switches      2
      Block Input Operations            0
      Block Output Operations           8
      

5                                                          The SAS System                       Tuesday, August  4, 2026 11:57:31 AM


NOTE: Deleting WORK._MONTHLY (memtype=DATA).
NOTE: Deleting WORK._LOGROW (memtype=DATA).
NOTE: PROCEDURE DATASETS used (Total process time):
      real time           0.56 seconds
      user cpu time       0.00 seconds
      system cpu time     0.55 seconds
      memory              347.15k
      OS Memory           22948.00k
      Timestamp           08/04/2026 06:57:31 PM
      Step Count                        200  Switch Count  4
      Page Faults                       0
      Page Reclaims                     48
      Page Swaps                        0
      Voluntary Context Switches        19
      Involuntary Context Switches      71
      Block Input Operations            0
      Block Output Operations           8
      

NOTE: 2003Q3_02 complete - records read       30,000,258          - loans          347,173          - Defaults            5,538     
     - Elapsed   0:03:13.74          - CUMULATIVE RECORDS      609,740,000
NOTE: 2003Q3_02.csv.gz removed from RAW
70         
71         
72         OPTIONS NONOTES NOSTIMER NOSOURCE NOSYNTAXCHECK;
82         
6                                                          The SAS System                       Tuesday, August  4, 2026 12:11:11 PM


1                                                          The SAS System                       Tuesday, August  4, 2026 12:11:12 PM

1          OPTIONS NONOTES NOSTIMER NOSOURCE NOSYNTAXCHECK;
68         
69         %ProcessYearlyQuarter(YearQtr=2003Q3_03);
NOTE: Processing data for the yearly quarter: 2003Q3_03

NOTE: The infile SRC is:
      Filename=/home/bvsierrap0/RAW/2003Q3_03.csv.gz

NOTE: 30000009 records were read from the infile SRC.
      The minimum record length was 213.
      The maximum record length was 384.
NOTE: The data set WORK._MONTHLY has 30000009 observations and 36 variables.
NOTE: DATA statement used (Total process time):
      real time           3:03.70
      user cpu time       2:59.40
      system cpu time     3.01 seconds
      memory              2255.90k
      OS Memory           23460.00k
      Timestamp           08/04/2026 07:14:15 PM
      Step Count                        206  Switch Count  2
      Page Faults                       0
      Page Reclaims                     262
      Page Swaps                        0
      Voluntary Context Switches        40
      Involuntary Context Switches      2333
      Block Input Operations            0
      Block Output Operations           14092064
      

NOTE: Fileref SRC has been deassigned.

NOTE: Missing values were generated as a result of performing an operation on missing values.
      Each place is given by: (Number of times) at (Line):(Column).
      657 at 69:2   
NOTE: There were 30000009 observations read from the data set WORK._MONTHLY.
NOTE: The data set FNMAE.LOAN2003Q3_03 has 346625 observations and 44 variables.
NOTE: Compressing data set FNMAE.LOAN2003Q3_03 decreased size by 32.34 percent. 
      Compressed is 588 pages; un-compressed would require 869 pages.
NOTE: DATA statement used (Total process time):
      real time           6.19 seconds
      user cpu time       4.80 seconds
      system cpu time     1.19 seconds
      memory              4061.84k
      OS Memory           26280.00k
      Timestamp           08/04/2026 07:14:21 PM
      Step Count                        207  Switch Count  10
      Page Faults                       0
      Page Reclaims                     598
      Page Swaps                        0
      Voluntary Context Switches        3069
      Involuntary Context Switches      14
      Block Input Operations            0
      Block Output Operations           151056
      

NOTE: PROCEDURE SQL used (Total process time):
      real time           0.25 seconds
      user cpu time       0.19 seconds
2                                                          The SAS System                       Tuesday, August  4, 2026 12:14:22 PM

      system cpu time     0.03 seconds
      memory              7250.78k
      OS Memory           28840.00k
      Timestamp           08/04/2026 07:14:22 PM
      Step Count                        208  Switch Count  1
      Page Faults                       0
      Page Reclaims                     244
      Page Swaps                        0
      Voluntary Context Switches        650
      Involuntary Context Switches      1
      Block Input Operations            0
      Block Output Operations           0
      

NOTE: PROCEDURE SQL used (Total process time):
      real time           0.00 seconds
      user cpu time       0.00 seconds
      system cpu time     0.00 seconds
      memory              5605.31k
      OS Memory           28072.00k
      Timestamp           08/04/2026 07:14:22 PM
      Step Count                        209  Switch Count  0
      Page Faults                       0
      Page Reclaims                     52
      Page Swaps                        0
      Voluntary Context Switches        5
      Involuntary Context Switches      0
      Block Input Operations            0
      Block Output Operations           0
      


NOTE: Appending FNMAE.LOAN2003Q3_03 to FNMAE.LOANMASTER.
NOTE: There were 346625 observations read from the data set FNMAE.LOAN2003Q3_03.
NOTE: 346625 observations added.
NOTE: The data set FNMAE.LOANMASTER has 11983118 observations and 44 variables.
NOTE: PROCEDURE APPEND used (Total process time):
      real time           0.78 seconds
      user cpu time       0.52 seconds
      system cpu time     0.08 seconds
      memory              4450.00k
      OS Memory           26796.00k
      Timestamp           08/04/2026 07:14:23 PM
      Step Count                        210  Switch Count  0
      Page Faults                       0
      Page Reclaims                     745
      Page Swaps                        0
      Voluntary Context Switches        2163
      Involuntary Context Switches      10
      Block Input Operations            0
      Block Output Operations           152344
      


NOTE: The data set WORK._LOGROW has 1 observations and 8 variables.
NOTE: DATA statement used (Total process time):
      real time           0.00 seconds
      user cpu time       0.00 seconds
3                                                          The SAS System                       Tuesday, August  4, 2026 12:14:23 PM

      system cpu time     0.00 seconds
      memory              518.09k
      OS Memory           22948.00k
      Timestamp           08/04/2026 07:14:23 PM
      Step Count                        211  Switch Count  2
      Page Faults                       0
      Page Reclaims                     87
      Page Swaps                        0
      Voluntary Context Switches        11
      Involuntary Context Switches      1
      Block Input Operations            0
      Block Output Operations           264
      


NOTE: Appending WORK._LOGROW to FNMAE.RUNLOG.
NOTE: There were 1 observations read from the data set WORK._LOGROW.
NOTE: 1 observations added.
NOTE: The data set FNMAE.RUNLOG has 26 observations and 8 variables.
NOTE: PROCEDURE APPEND used (Total process time):
      real time           0.00 seconds
      user cpu time       0.00 seconds
      system cpu time     0.01 seconds
      memory              1116.18k
      OS Memory           23468.00k
      Timestamp           08/04/2026 07:14:23 PM
      Step Count                        212  Switch Count  0
      Page Faults                       0
      Page Reclaims                     116
      Page Swaps                        0
      Voluntary Context Switches        19
      Involuntary Context Switches      0
      Block Input Operations            0
      Block Output Operations           528
      


NOTE: There were 26 observations read from the data set FNMAE.RUNLOG.
NOTE: The data set FNMAE.RUNLOG has 26 observations and 8 variables.
NOTE: Compressing data set FNMAE.RUNLOG increased size by 100.00 percent. 
      Compressed is 2 pages; un-compressed would require 1 pages.
NOTE: PROCEDURE SORT used (Total process time):
      real time           0.02 seconds
      user cpu time       0.00 seconds
      system cpu time     0.00 seconds
      memory              926.18k
      OS Memory           23208.00k
      Timestamp           08/04/2026 07:14:23 PM
      Step Count                        213  Switch Count  2
      Page Faults                       0
      Page Reclaims                     114
      Page Swaps                        0
      Voluntary Context Switches        49
      Involuntary Context Switches      0
      Block Input Operations            0
      Block Output Operations           520
      

4                                                          The SAS System                       Tuesday, August  4, 2026 12:14:23 PM


NOTE: There were 26 observations read from the data set FNMAE.RUNLOG.
NOTE: The data set FNMAE.RUNLOG has 26 observations and 8 variables.
NOTE: Compressing data set FNMAE.RUNLOG increased size by 100.00 percent. 
      Compressed is 2 pages; un-compressed would require 1 pages.
NOTE: DATA statement used (Total process time):
      real time           0.02 seconds
      user cpu time       0.00 seconds
      system cpu time     0.00 seconds
      memory              1061.06k
      OS Memory           23208.00k
      Timestamp           08/04/2026 07:14:23 PM
      Step Count                        214  Switch Count  2
      Page Faults                       0
      Page Reclaims                     121
      Page Swaps                        0
      Voluntary Context Switches        54
      Involuntary Context Switches      0
      Block Input Operations            0
      Block Output Operations           520
      

NOTE: PROCEDURE SQL used (Total process time):
      real time           0.00 seconds
      user cpu time       0.00 seconds
      system cpu time     0.00 seconds
      memory              5605.31k
      OS Memory           28072.00k
      Timestamp           08/04/2026 07:14:23 PM
      Step Count                        215  Switch Count  0
      Page Faults                       0
      Page Reclaims                     52
      Page Swaps                        0
      Voluntary Context Switches        11
      Involuntary Context Switches      0
      Block Input Operations            0
      Block Output Operations           0
      


NOTE: Deleting FNMAE.LOAN2003Q3_03 (memtype=DATA).
NOTE: PROCEDURE DATASETS used (Total process time):
      real time           0.01 seconds
      user cpu time       0.00 seconds
      system cpu time     0.01 seconds
      memory              350.00k
      OS Memory           22948.00k
      Timestamp           08/04/2026 07:14:23 PM
      Step Count                        216  Switch Count  2
      Page Faults                       0
      Page Reclaims                     48
      Page Swaps                        0
      Voluntary Context Switches        22
      Involuntary Context Switches      1
      Block Input Operations            0
      Block Output Operations           8
      

5                                                          The SAS System                       Tuesday, August  4, 2026 12:14:23 PM


NOTE: Deleting WORK._MONTHLY (memtype=DATA).
NOTE: Deleting WORK._LOGROW (memtype=DATA).
NOTE: PROCEDURE DATASETS used (Total process time):
      real time           0.52 seconds
      user cpu time       0.00 seconds
      system cpu time     0.50 seconds
      memory              350.00k
      OS Memory           22948.00k
      Timestamp           08/04/2026 07:14:23 PM
      Step Count                        217  Switch Count  4
      Page Faults                       0
      Page Reclaims                     48
      Page Swaps                        0
      Voluntary Context Switches        18
      Involuntary Context Switches      63
      Block Input Operations            0
      Block Output Operations           8
      

NOTE: 2003Q3_03 complete - records read       30,000,009          - loans          346,625          - Defaults            5,650     
     - Elapsed   0:03:10.98          - CUMULATIVE RECORDS      639,740,000
NOTE: 2003Q3_03.csv.gz removed from RAW
70         
71         OPTIONS NONOTES NOSTIMER NOSOURCE NOSYNTAXCHECK;
81         
6                                                          The SAS System                       Tuesday, August  4, 2026 12:23:48 PM


1                                                          The SAS System                       Tuesday, August  4, 2026 12:23:48 PM

1          OPTIONS NONOTES NOSTIMER NOSOURCE NOSYNTAXCHECK;
68         
69         %ProcessYearlyQuarter(YearQtr=2003Q3_04);
NOTE: Processing data for the yearly quarter: 2003Q3_04

NOTE: The infile SRC is:
      Filename=/home/bvsierrap0/RAW/2003Q3_04.csv.gz

NOTE: 30000072 records were read from the infile SRC.
      The minimum record length was 216.
      The maximum record length was 386.
NOTE: The data set WORK._MONTHLY has 30000072 observations and 36 variables.
NOTE: DATA statement used (Total process time):
      real time           3:03.81
      user cpu time       2:59.46
      system cpu time     3.05 seconds
      memory              2255.56k
      OS Memory           23460.00k
      Timestamp           08/04/2026 07:26:52 PM
      Step Count                        223  Switch Count  2
      Page Faults                       0
      Page Reclaims                     254
      Page Swaps                        0
      Voluntary Context Switches        41
      Involuntary Context Switches      1762
      Block Input Operations            0
      Block Output Operations           14092320
      

NOTE: Fileref SRC has been deassigned.

NOTE: Missing values were generated as a result of performing an operation on missing values.
      Each place is given by: (Number of times) at (Line):(Column).
      653 at 69:2   
NOTE: There were 30000072 observations read from the data set WORK._MONTHLY.
NOTE: The data set FNMAE.LOAN2003Q3_04 has 346995 observations and 44 variables.
NOTE: Compressing data set FNMAE.LOAN2003Q3_04 decreased size by 32.30 percent. 
      Compressed is 589 pages; un-compressed would require 870 pages.
NOTE: DATA statement used (Total process time):
      real time           5.88 seconds
      user cpu time       4.55 seconds
      system cpu time     1.17 seconds
      memory              4055.65k
      OS Memory           26280.00k
      Timestamp           08/04/2026 07:26:57 PM
      Step Count                        224  Switch Count  10
      Page Faults                       0
      Page Reclaims                     598
      Page Swaps                        0
      Voluntary Context Switches        1306
      Involuntary Context Switches      19
      Block Input Operations            0
      Block Output Operations           151312
      

NOTE: PROCEDURE SQL used (Total process time):
      real time           0.25 seconds
      user cpu time       0.19 seconds
2                                                          The SAS System                       Tuesday, August  4, 2026 12:26:58 PM

      system cpu time     0.05 seconds
      memory              7249.84k
      OS Memory           28840.00k
      Timestamp           08/04/2026 07:26:58 PM
      Step Count                        225  Switch Count  1
      Page Faults                       0
      Page Reclaims                     244
      Page Swaps                        0
      Voluntary Context Switches        799
      Involuntary Context Switches      2
      Block Input Operations            0
      Block Output Operations           0
      

NOTE: PROCEDURE SQL used (Total process time):
      real time           0.00 seconds
      user cpu time       0.00 seconds
      system cpu time     0.00 seconds
      memory              5605.37k
      OS Memory           28072.00k
      Timestamp           08/04/2026 07:26:58 PM
      Step Count                        226  Switch Count  0
      Page Faults                       0
      Page Reclaims                     52
      Page Swaps                        0
      Voluntary Context Switches        5
      Involuntary Context Switches      0
      Block Input Operations            0
      Block Output Operations           0
      


NOTE: Appending FNMAE.LOAN2003Q3_04 to FNMAE.LOANMASTER.
NOTE: There were 346995 observations read from the data set FNMAE.LOAN2003Q3_04.
NOTE: 346995 observations added.
NOTE: The data set FNMAE.LOANMASTER has 12330113 observations and 44 variables.
NOTE: PROCEDURE APPEND used (Total process time):
      real time           0.73 seconds
      user cpu time       0.47 seconds
      system cpu time     0.08 seconds
      memory              4449.50k
      OS Memory           26796.00k
      Timestamp           08/04/2026 07:26:58 PM
      Step Count                        227  Switch Count  0
      Page Faults                       0
      Page Reclaims                     745
      Page Swaps                        0
      Voluntary Context Switches        1602
      Involuntary Context Switches      3
      Block Input Operations            0
      Block Output Operations           151568
      


NOTE: The data set WORK._LOGROW has 1 observations and 8 variables.
NOTE: DATA statement used (Total process time):
      real time           0.00 seconds
      user cpu time       0.00 seconds
3                                                          The SAS System                       Tuesday, August  4, 2026 12:26:58 PM

      system cpu time     0.00 seconds
      memory              522.93k
      OS Memory           22948.00k
      Timestamp           08/04/2026 07:26:58 PM
      Step Count                        228  Switch Count  2
      Page Faults                       0
      Page Reclaims                     87
      Page Swaps                        0
      Voluntary Context Switches        11
      Involuntary Context Switches      0
      Block Input Operations            0
      Block Output Operations           264
      


NOTE: Appending WORK._LOGROW to FNMAE.RUNLOG.
NOTE: There were 1 observations read from the data set WORK._LOGROW.
NOTE: 1 observations added.
NOTE: The data set FNMAE.RUNLOG has 27 observations and 8 variables.
NOTE: PROCEDURE APPEND used (Total process time):
      real time           0.00 seconds
      user cpu time       0.00 seconds
      system cpu time     0.00 seconds
      memory              1113.62k
      OS Memory           23468.00k
      Timestamp           08/04/2026 07:26:58 PM
      Step Count                        229  Switch Count  0
      Page Faults                       0
      Page Reclaims                     116
      Page Swaps                        0
      Voluntary Context Switches        16
      Involuntary Context Switches      0
      Block Input Operations            0
      Block Output Operations           528
      


NOTE: There were 27 observations read from the data set FNMAE.RUNLOG.
NOTE: The data set FNMAE.RUNLOG has 27 observations and 8 variables.
NOTE: Compressing data set FNMAE.RUNLOG increased size by 100.00 percent. 
      Compressed is 2 pages; un-compressed would require 1 pages.
NOTE: PROCEDURE SORT used (Total process time):
      real time           0.02 seconds
      user cpu time       0.00 seconds
      system cpu time     0.00 seconds
      memory              925.09k
      OS Memory           23208.00k
      Timestamp           08/04/2026 07:26:58 PM
      Step Count                        230  Switch Count  2
      Page Faults                       0
      Page Reclaims                     113
      Page Swaps                        0
      Voluntary Context Switches        47
      Involuntary Context Switches      0
      Block Input Operations            0
      Block Output Operations           520
      

4                                                          The SAS System                       Tuesday, August  4, 2026 12:26:58 PM


NOTE: There were 27 observations read from the data set FNMAE.RUNLOG.
NOTE: The data set FNMAE.RUNLOG has 27 observations and 8 variables.
NOTE: Compressing data set FNMAE.RUNLOG increased size by 100.00 percent. 
      Compressed is 2 pages; un-compressed would require 1 pages.
NOTE: DATA statement used (Total process time):
      real time           0.02 seconds
      user cpu time       0.00 seconds
      system cpu time     0.00 seconds
      memory              1065.46k
      OS Memory           23208.00k
      Timestamp           08/04/2026 07:26:58 PM
      Step Count                        231  Switch Count  2
      Page Faults                       0
      Page Reclaims                     121
      Page Swaps                        0
      Voluntary Context Switches        52
      Involuntary Context Switches      0
      Block Input Operations            0
      Block Output Operations           520
      

NOTE: PROCEDURE SQL used (Total process time):
      real time           0.00 seconds
      user cpu time       0.00 seconds
      system cpu time     0.01 seconds
      memory              5605.37k
      OS Memory           28072.00k
      Timestamp           08/04/2026 07:26:58 PM
      Step Count                        232  Switch Count  0
      Page Faults                       0
      Page Reclaims                     52
      Page Swaps                        0
      Voluntary Context Switches        9
      Involuntary Context Switches      0
      Block Input Operations            0
      Block Output Operations           0
      


NOTE: Deleting FNMAE.LOAN2003Q3_04 (memtype=DATA).
NOTE: PROCEDURE DATASETS used (Total process time):
      real time           0.01 seconds
      user cpu time       0.01 seconds
      system cpu time     0.00 seconds
      memory              347.34k
      OS Memory           22948.00k
      Timestamp           08/04/2026 07:26:58 PM
      Step Count                        233  Switch Count  2
      Page Faults                       0
      Page Reclaims                     48
      Page Swaps                        0
      Voluntary Context Switches        22
      Involuntary Context Switches      0
      Block Input Operations            0
      Block Output Operations           8
      

5                                                          The SAS System                       Tuesday, August  4, 2026 12:26:59 PM


NOTE: Deleting WORK._MONTHLY (memtype=DATA).
NOTE: Deleting WORK._LOGROW (memtype=DATA).
NOTE: PROCEDURE DATASETS used (Total process time):
      real time           0.50 seconds
      user cpu time       0.00 seconds
      system cpu time     0.50 seconds
      memory              348.34k
      OS Memory           22948.00k
      Timestamp           08/04/2026 07:26:59 PM
      Step Count                        234  Switch Count  4
      Page Faults                       0
      Page Reclaims                     48
      Page Swaps                        0
      Voluntary Context Switches        18
      Involuntary Context Switches      63
      Block Input Operations            0
      Block Output Operations           8
      

NOTE: 2003Q3_04 complete - records read       30,000,072          - loans          346,995          - Defaults            5,511     
     - Elapsed   0:03:10.72          - CUMULATIVE RECORDS      669,740,000
NOTE: 2003Q3_04.csv.gz removed from RAW
70         
71         OPTIONS NONOTES NOSTIMER NOSOURCE NOSYNTAXCHECK;
81         
6                                                          The SAS System                       Tuesday, August  4, 2026 01:15:52 PM


1                                                          The SAS System                       Tuesday, August  4, 2026 01:15:52 PM

1          OPTIONS NONOTES NOSTIMER NOSOURCE NOSYNTAXCHECK;
68         
69         %ProcessYearlyQuarter(YearQtr=2003Q3_05);
NOTE: Processing data for the yearly quarter: 2003Q3_05

NOTE: The infile SRC is:
      Filename=/home/bvsierrap0/RAW/2003Q3_05.csv.gz

NOTE: 30000040 records were read from the infile SRC.
      The minimum record length was 215.
      The maximum record length was 381.
NOTE: The data set WORK._MONTHLY has 30000040 observations and 36 variables.
NOTE: DATA statement used (Total process time):
      real time           3:03.08
      user cpu time       2:58.94
      system cpu time     2.84 seconds
      memory              2250.00k
      OS Memory           23460.00k
      Timestamp           08/04/2026 08:18:55 PM
      Step Count                        240  Switch Count  2
      Page Faults                       0
      Page Reclaims                     253
      Page Swaps                        0
      Voluntary Context Switches        38
      Involuntary Context Switches      1700
      Block Input Operations            0
      Block Output Operations           14092064
      

NOTE: Fileref SRC has been deassigned.

NOTE: Missing values were generated as a result of performing an operation on missing values.
      Each place is given by: (Number of times) at (Line):(Column).
      658 at 69:2   
NOTE: There were 30000040 observations read from the data set WORK._MONTHLY.
NOTE: The data set FNMAE.LOAN2003Q3_05 has 347202 observations and 44 variables.
NOTE: Compressing data set FNMAE.LOAN2003Q3_05 decreased size by 32.38 percent. 
      Compressed is 589 pages; un-compressed would require 871 pages.
NOTE: DATA statement used (Total process time):
      real time           5.92 seconds
      user cpu time       4.51 seconds
      system cpu time     1.20 seconds
      memory              4069.96k
      OS Memory           26280.00k
      Timestamp           08/04/2026 08:19:01 PM
      Step Count                        241  Switch Count  10
      Page Faults                       0
      Page Reclaims                     598
      Page Swaps                        0
      Voluntary Context Switches        1578
      Involuntary Context Switches      11
      Block Input Operations            0
      Block Output Operations           151312
      

NOTE: PROCEDURE SQL used (Total process time):
      real time           0.24 seconds
      user cpu time       0.18 seconds
2                                                          The SAS System                       Tuesday, August  4, 2026 01:19:01 PM

      system cpu time     0.02 seconds
      memory              7250.71k
      OS Memory           28840.00k
      Timestamp           08/04/2026 08:19:01 PM
      Step Count                        242  Switch Count  1
      Page Faults                       0
      Page Reclaims                     244
      Page Swaps                        0
      Voluntary Context Switches        666
      Involuntary Context Switches      1
      Block Input Operations            0
      Block Output Operations           0
      

NOTE: PROCEDURE SQL used (Total process time):
      real time           0.00 seconds
      user cpu time       0.00 seconds
      system cpu time     0.01 seconds
      memory              5605.25k
      OS Memory           28072.00k
      Timestamp           08/04/2026 08:19:01 PM
      Step Count                        243  Switch Count  0
      Page Faults                       0
      Page Reclaims                     52
      Page Swaps                        0
      Voluntary Context Switches        5
      Involuntary Context Switches      0
      Block Input Operations            0
      Block Output Operations           0
      


NOTE: Appending FNMAE.LOAN2003Q3_05 to FNMAE.LOANMASTER.
NOTE: There were 347202 observations read from the data set FNMAE.LOAN2003Q3_05.
NOTE: 347202 observations added.
NOTE: The data set FNMAE.LOANMASTER has 12677315 observations and 44 variables.
NOTE: PROCEDURE APPEND used (Total process time):
      real time           0.74 seconds
      user cpu time       0.49 seconds
      system cpu time     0.06 seconds
      memory              4448.71k
      OS Memory           26796.00k
      Timestamp           08/04/2026 08:19:02 PM
      Step Count                        244  Switch Count  0
      Page Faults                       0
      Page Reclaims                     745
      Page Swaps                        0
      Voluntary Context Switches        2222
      Involuntary Context Switches      3
      Block Input Operations            0
      Block Output Operations           151320
      


NOTE: The data set WORK._LOGROW has 1 observations and 8 variables.
NOTE: DATA statement used (Total process time):
      real time           0.00 seconds
      user cpu time       0.01 seconds
3                                                          The SAS System                       Tuesday, August  4, 2026 01:19:02 PM

      system cpu time     0.00 seconds
      memory              524.56k
      OS Memory           22948.00k
      Timestamp           08/04/2026 08:19:02 PM
      Step Count                        245  Switch Count  2
      Page Faults                       0
      Page Reclaims                     87
      Page Swaps                        0
      Voluntary Context Switches        12
      Involuntary Context Switches      0
      Block Input Operations            0
      Block Output Operations           264
      


NOTE: Appending WORK._LOGROW to FNMAE.RUNLOG.
NOTE: There were 1 observations read from the data set WORK._LOGROW.
NOTE: 1 observations added.
NOTE: The data set FNMAE.RUNLOG has 28 observations and 8 variables.
NOTE: PROCEDURE APPEND used (Total process time):
      real time           0.00 seconds
      user cpu time       0.00 seconds
      system cpu time     0.01 seconds
      memory              1113.75k
      OS Memory           23468.00k
      Timestamp           08/04/2026 08:19:02 PM
      Step Count                        246  Switch Count  0
      Page Faults                       0
      Page Reclaims                     116
      Page Swaps                        0
      Voluntary Context Switches        22
      Involuntary Context Switches      0
      Block Input Operations            0
      Block Output Operations           528
      


NOTE: There were 28 observations read from the data set FNMAE.RUNLOG.
NOTE: The data set FNMAE.RUNLOG has 28 observations and 8 variables.
NOTE: Compressing data set FNMAE.RUNLOG increased size by 100.00 percent. 
      Compressed is 2 pages; un-compressed would require 1 pages.
NOTE: PROCEDURE SORT used (Total process time):
      real time           0.02 seconds
      user cpu time       0.00 seconds
      system cpu time     0.00 seconds
      memory              924.56k
      OS Memory           23208.00k
      Timestamp           08/04/2026 08:19:02 PM
      Step Count                        247  Switch Count  2
      Page Faults                       0
      Page Reclaims                     113
      Page Swaps                        0
      Voluntary Context Switches        53
      Involuntary Context Switches      0
      Block Input Operations            0
      Block Output Operations           520
      

4                                                          The SAS System                       Tuesday, August  4, 2026 01:19:02 PM


NOTE: There were 28 observations read from the data set FNMAE.RUNLOG.
NOTE: The data set FNMAE.RUNLOG has 28 observations and 8 variables.
NOTE: Compressing data set FNMAE.RUNLOG increased size by 100.00 percent. 
      Compressed is 2 pages; un-compressed would require 1 pages.
NOTE: DATA statement used (Total process time):
      real time           0.02 seconds
      user cpu time       0.00 seconds
      system cpu time     0.00 seconds
      memory              1061.15k
      OS Memory           23208.00k
      Timestamp           08/04/2026 08:19:02 PM
      Step Count                        248  Switch Count  2
      Page Faults                       0
      Page Reclaims                     121
      Page Swaps                        0
      Voluntary Context Switches        52
      Involuntary Context Switches      0
      Block Input Operations            0
      Block Output Operations           520
      

NOTE: PROCEDURE SQL used (Total process time):
      real time           0.00 seconds
      user cpu time       0.00 seconds
      system cpu time     0.00 seconds
      memory              5605.25k
      OS Memory           28072.00k
      Timestamp           08/04/2026 08:19:02 PM
      Step Count                        249  Switch Count  0
      Page Faults                       0
      Page Reclaims                     52
      Page Swaps                        0
      Voluntary Context Switches        11
      Involuntary Context Switches      0
      Block Input Operations            0
      Block Output Operations           0
      


NOTE: Deleting FNMAE.LOAN2003Q3_05 (memtype=DATA).
NOTE: PROCEDURE DATASETS used (Total process time):
      real time           0.01 seconds
      user cpu time       0.01 seconds
      system cpu time     0.00 seconds
      memory              347.56k
      OS Memory           22948.00k
      Timestamp           08/04/2026 08:19:02 PM
      Step Count                        250  Switch Count  2
      Page Faults                       0
      Page Reclaims                     48
      Page Swaps                        0
      Voluntary Context Switches        23
      Involuntary Context Switches      2
      Block Input Operations            0
      Block Output Operations           8
      

5                                                          The SAS System                       Tuesday, August  4, 2026 01:19:02 PM


NOTE: Deleting WORK._MONTHLY (memtype=DATA).
NOTE: Deleting WORK._LOGROW (memtype=DATA).
NOTE: PROCEDURE DATASETS used (Total process time):
      real time           0.54 seconds
      user cpu time       0.00 seconds
      system cpu time     0.53 seconds
      memory              349.43k
      OS Memory           22948.00k
      Timestamp           08/04/2026 08:19:03 PM
      Step Count                        251  Switch Count  4
      Page Faults                       0
      Page Reclaims                     48
      Page Swaps                        0
      Voluntary Context Switches        20
      Involuntary Context Switches      79
      Block Input Operations            0
      Block Output Operations           8
      

NOTE: 2003Q3_05 complete - records read       30,000,040          - loans          347,202          - Defaults            5,616     
     - Elapsed   0:03:10.02          - CUMULATIVE RECORDS      699,740,000
NOTE: 2003Q3_05.csv.gz removed from RAW
70         
71         OPTIONS NONOTES NOSTIMER NOSOURCE NOSYNTAXCHECK;
81         
6                                                          The SAS System                       Tuesday, August  4, 2026 01:29:04 PM


1                                                          The SAS System                       Tuesday, August  4, 2026 01:29:04 PM

1          OPTIONS NONOTES NOSTIMER NOSOURCE NOSYNTAXCHECK;
68         
69         %ProcessYearlyQuarter(YearQtr=2003Q3_06);
NOTE: Processing data for the yearly quarter: 2003Q3_06

NOTE: The infile SRC is:
      Filename=/home/bvsierrap0/RAW/2003Q3_06.csv.gz

NOTE: 363299 records were read from the infile SRC.
      The minimum record length was 218.
      The maximum record length was 372.
NOTE: The data set WORK._MONTHLY has 363299 observations and 36 variables.
NOTE: DATA statement used (Total process time):
      real time           2.20 seconds
      user cpu time       2.14 seconds
      system cpu time     0.04 seconds
      memory              2254.90k
      OS Memory           23460.00k
      Timestamp           08/04/2026 08:29:06 PM
      Step Count                        257  Switch Count  2
      Page Faults                       0
      Page Reclaims                     253
      Page Swaps                        0
      Voluntary Context Switches        32
      Involuntary Context Switches      7
      Block Input Operations            0
      Block Output Operations           170760
      

NOTE: Fileref SRC has been deassigned.

NOTE: Missing values were generated as a result of performing an operation on missing values.
      Each place is given by: (Number of times) at (Line):(Column).
      7 at 69:2   
NOTE: There were 363299 observations read from the data set WORK._MONTHLY.
NOTE: The data set FNMAE.LOAN2003Q3_06 has 4125 observations and 44 variables.
NOTE: Compressing data set FNMAE.LOAN2003Q3_06 decreased size by 18.18 percent. 
      Compressed is 9 pages; un-compressed would require 11 pages.
NOTE: DATA statement used (Total process time):
      real time           0.09 seconds
      user cpu time       0.06 seconds
      system cpu time     0.02 seconds
      memory              3480.31k
      OS Memory           25256.00k
      Timestamp           08/04/2026 08:29:07 PM
      Step Count                        258  Switch Count  2
      Page Faults                       0
      Page Reclaims                     488
      Page Swaps                        0
      Voluntary Context Switches        33
      Involuntary Context Switches      3
      Block Input Operations            0
      Block Output Operations           2312
      

NOTE: PROCEDURE SQL used (Total process time):
      real time           0.00 seconds
      user cpu time       0.00 seconds
2                                                          The SAS System                       Tuesday, August  4, 2026 01:29:07 PM

      system cpu time     0.00 seconds
      memory              6529.93k
      OS Memory           28840.00k
      Timestamp           08/04/2026 08:29:07 PM
      Step Count                        259  Switch Count  1
      Page Faults                       0
      Page Reclaims                     244
      Page Swaps                        0
      Voluntary Context Switches        17
      Involuntary Context Switches      0
      Block Input Operations            0
      Block Output Operations           0
      

NOTE: PROCEDURE SQL used (Total process time):
      real time           0.00 seconds
      user cpu time       0.01 seconds
      system cpu time     0.00 seconds
      memory              5605.25k
      OS Memory           28072.00k
      Timestamp           08/04/2026 08:29:07 PM
      Step Count                        260  Switch Count  0
      Page Faults                       0
      Page Reclaims                     52
      Page Swaps                        0
      Voluntary Context Switches        5
      Involuntary Context Switches      0
      Block Input Operations            0
      Block Output Operations           0
      


NOTE: Appending FNMAE.LOAN2003Q3_06 to FNMAE.LOANMASTER.
NOTE: There were 4125 observations read from the data set FNMAE.LOAN2003Q3_06.
NOTE: 4125 observations added.
NOTE: The data set FNMAE.LOANMASTER has 12681440 observations and 44 variables.
NOTE: PROCEDURE APPEND used (Total process time):
      real time           0.01 seconds
      user cpu time       0.00 seconds
      system cpu time     0.00 seconds
      memory              3729.18k
      OS Memory           25516.00k
      Timestamp           08/04/2026 08:29:07 PM
      Step Count                        261  Switch Count  0
      Page Faults                       0
      Page Reclaims                     570
      Page Swaps                        0
      Voluntary Context Switches        76
      Involuntary Context Switches      2
      Block Input Operations            0
      Block Output Operations           2832
      


NOTE: The data set WORK._LOGROW has 1 observations and 8 variables.
NOTE: DATA statement used (Total process time):
      real time           0.00 seconds
      user cpu time       0.01 seconds
3                                                          The SAS System                       Tuesday, August  4, 2026 01:29:07 PM

      system cpu time     0.00 seconds
      memory              531.78k
      OS Memory           22948.00k
      Timestamp           08/04/2026 08:29:07 PM
      Step Count                        262  Switch Count  2
      Page Faults                       0
      Page Reclaims                     87
      Page Swaps                        0
      Voluntary Context Switches        10
      Involuntary Context Switches      0
      Block Input Operations            0
      Block Output Operations           264
      


NOTE: Appending WORK._LOGROW to FNMAE.RUNLOG.
NOTE: There were 1 observations read from the data set WORK._LOGROW.
NOTE: 1 observations added.
NOTE: The data set FNMAE.RUNLOG has 29 observations and 8 variables.
NOTE: PROCEDURE APPEND used (Total process time):
      real time           0.00 seconds
      user cpu time       0.00 seconds
      system cpu time     0.01 seconds
      memory              1114.28k
      OS Memory           23468.00k
      Timestamp           08/04/2026 08:29:07 PM
      Step Count                        263  Switch Count  0
      Page Faults                       0
      Page Reclaims                     116
      Page Swaps                        0
      Voluntary Context Switches        19
      Involuntary Context Switches      0
      Block Input Operations            0
      Block Output Operations           528
      


NOTE: There were 29 observations read from the data set FNMAE.RUNLOG.
NOTE: The data set FNMAE.RUNLOG has 29 observations and 8 variables.
NOTE: Compressing data set FNMAE.RUNLOG increased size by 100.00 percent. 
      Compressed is 2 pages; un-compressed would require 1 pages.
NOTE: PROCEDURE SORT used (Total process time):
      real time           0.01 seconds
      user cpu time       0.00 seconds
      system cpu time     0.00 seconds
      memory              924.84k
      OS Memory           23208.00k
      Timestamp           08/04/2026 08:29:07 PM
      Step Count                        264  Switch Count  2
      Page Faults                       0
      Page Reclaims                     113
      Page Swaps                        0
      Voluntary Context Switches        48
      Involuntary Context Switches      0
      Block Input Operations            0
      Block Output Operations           520
      

4                                                          The SAS System                       Tuesday, August  4, 2026 01:29:07 PM


NOTE: There were 29 observations read from the data set FNMAE.RUNLOG.
NOTE: The data set FNMAE.RUNLOG has 29 observations and 8 variables.
NOTE: Compressing data set FNMAE.RUNLOG increased size by 100.00 percent. 
      Compressed is 2 pages; un-compressed would require 1 pages.
NOTE: DATA statement used (Total process time):
      real time           0.02 seconds
      user cpu time       0.00 seconds
      system cpu time     0.00 seconds
      memory              1067.81k
      OS Memory           23208.00k
      Timestamp           08/04/2026 08:29:07 PM
      Step Count                        265  Switch Count  2
      Page Faults                       0
      Page Reclaims                     121
      Page Swaps                        0
      Voluntary Context Switches        52
      Involuntary Context Switches      0
      Block Input Operations            0
      Block Output Operations           520
      

NOTE: PROCEDURE SQL used (Total process time):
      real time           0.00 seconds
      user cpu time       0.00 seconds
      system cpu time     0.00 seconds
      memory              5605.25k
      OS Memory           28072.00k
      Timestamp           08/04/2026 08:29:07 PM
      Step Count                        266  Switch Count  0
      Page Faults                       0
      Page Reclaims                     52
      Page Swaps                        0
      Voluntary Context Switches        10
      Involuntary Context Switches      0
      Block Input Operations            0
      Block Output Operations           0
      


NOTE: Deleting FNMAE.LOAN2003Q3_06 (memtype=DATA).
NOTE: PROCEDURE DATASETS used (Total process time):
      real time           0.00 seconds
      user cpu time       0.00 seconds
      system cpu time     0.00 seconds
      memory              347.75k
      OS Memory           22948.00k
      Timestamp           08/04/2026 08:29:07 PM
      Step Count                        267  Switch Count  2
      Page Faults                       0
      Page Reclaims                     48
      Page Swaps                        0
      Voluntary Context Switches        22
      Involuntary Context Switches      0
      Block Input Operations            0
      Block Output Operations           8
      

5                                                          The SAS System                       Tuesday, August  4, 2026 01:29:07 PM


NOTE: Deleting WORK._MONTHLY (memtype=DATA).
NOTE: Deleting WORK._LOGROW (memtype=DATA).
NOTE: PROCEDURE DATASETS used (Total process time):
      real time           0.01 seconds
      user cpu time       0.00 seconds
      system cpu time     0.01 seconds
      memory              347.75k
      OS Memory           22948.00k
      Timestamp           08/04/2026 08:29:07 PM
      Step Count                        268  Switch Count  4
      Page Faults                       0
      Page Reclaims                     48
      Page Swaps                        0
      Voluntary Context Switches        18
      Involuntary Context Switches      1
      Block Input Operations            0
      Block Output Operations           8
      

NOTE: 2003Q3_06 complete - records read          363,299          - loans            4,125          - Defaults               51     
     - Elapsed   0:00:02.34          - CUMULATIVE RECORDS      700,110,000
NOTE: 2003Q3_06.csv.gz removed from RAW
70         
71         OPTIONS NONOTES NOSTIMER NOSOURCE NOSYNTAXCHECK;
81         
6                                                          The SAS System                       Tuesday, August  4, 2026 01:54:50 PM


1                                                          The SAS System                       Tuesday, August  4, 2026 01:54:50 PM

1          OPTIONS NONOTES NOSTIMER NOSOURCE NOSYNTAXCHECK;
68         
69         %ProcessYearlyQuarter(YearQtr=2003Q4_01);
NOTE: Processing data for the yearly quarter: 2003Q4_01

NOTE: The infile SRC is:
      Filename=/home/bvsierrap0/RAW/2003Q4_01.csv.gz

NOTE: 15139503 records were read from the infile SRC.
      The minimum record length was 215.
      The maximum record length was 379.
ERROR: User asked for termination
NOTE: The SAS System stopped processing this step because of errors.
WARNING: The data set WORK._MONTHLY may be incomplete.  When this step was stopped there were 15139502 observations and 36 
         variables.
NOTE: DATA statement used (Total process time):
      real time           1:33.62
      user cpu time       1:31.41
      system cpu time     1.51 seconds
      memory              2248.53k
      OS Memory           23460.00k
      Timestamp           08/04/2026 08:56:23 PM
      Step Count                        274  Switch Count  3
      Page Faults                       0
      Page Reclaims                     286
      Page Swaps                        0
      Voluntary Context Switches        63
      Involuntary Context Switches      1366
      Block Input Operations            0
      Block Output Operations           7111712
      
NOTE: PROCEDURE PRINTTO used (Total process time):
      real time           0.00 seconds
      user cpu time       0.00 seconds
      system cpu time     0.00 seconds
      memory              280.28k
      OS Memory           19360.00k
      Timestamp           08/04/2026 09:29:55 PM
      Step Count                        29  Switch Count  0
      Page Faults                       0
      Page Reclaims                     56
      Page Swaps                        0
      Voluntary Context Switches        4
      Involuntary Context Switches      0
      Block Input Operations            0
      Block Output Operations           8
      

644        
645        OPTIONS NONOTES NOSTIMER NOSOURCE NOSYNTAXCHECK;
655        
12                                                         The SAS System                       Tuesday, August  4, 2026 02:30:09 PM


1                                                          The SAS System                       Tuesday, August  4, 2026 02:30:09 PM

1          OPTIONS NONOTES NOSTIMER NOSOURCE NOSYNTAXCHECK;
68         
69         %ProcessYearlyQuarter(YearQtr=2003Q4_01);
NOTE: Processing data for the yearly quarter: 2003Q4_01

NOTE: The infile SRC is:
      Filename=/home/bvsierrap0/RAW/2003Q4_01.csv.gz

NOTE: 30000091 records were read from the infile SRC.
      The minimum record length was 215.
      The maximum record length was 382.
NOTE: The data set WORK._MONTHLY has 30000091 observations and 36 variables.
NOTE: DATA statement used (Total process time):
      real time           3:01.20
      user cpu time       2:57.14
      system cpu time     2.94 seconds
      memory              2261.21k
      OS Memory           22436.00k
      Timestamp           08/04/2026 09:33:10 PM
      Step Count                        35  Switch Count  2
      Page Faults                       0
      Page Reclaims                     1223
      Page Swaps                        0
      Voluntary Context Switches        45
      Involuntary Context Switches      1877
      Block Input Operations            0
      Block Output Operations           14092328
      

NOTE: Fileref SRC has been deassigned.

NOTE: Missing values were generated as a result of performing an operation on missing values.
      Each place is given by: (Number of times) at (Line):(Column).
      1088 at 69:2   
NOTE: There were 30000091 observations read from the data set WORK._MONTHLY.
NOTE: The data set FNMAE.LOAN2003Q4_01 has 371069 observations and 44 variables.
NOTE: Compressing data set FNMAE.LOAN2003Q4_01 decreased size by 32.87 percent. 
      Compressed is 625 pages; un-compressed would require 931 pages.
NOTE: DATA statement used (Total process time):
      real time           5.94 seconds
      user cpu time       4.58 seconds
      system cpu time     1.14 seconds
      memory              4068.12k
      OS Memory           25256.00k
      Timestamp           08/04/2026 09:33:16 PM
      Step Count                        36  Switch Count  9
      Page Faults                       0
      Page Reclaims                     633
      Page Swaps                        0
      Voluntary Context Switches        1515
      Involuntary Context Switches      23
      Block Input Operations            0
      Block Output Operations           160528
      

NOTE: PROCEDURE SQL used (Total process time):
      real time           0.25 seconds
      user cpu time       0.19 seconds
2                                                          The SAS System                       Tuesday, August  4, 2026 02:33:16 PM

      system cpu time     0.03 seconds
      memory              7251.78k
      OS Memory           28072.00k
      Timestamp           08/04/2026 09:33:16 PM
      Step Count                        37  Switch Count  1
      Page Faults                       0
      Page Reclaims                     263
      Page Swaps                        0
      Voluntary Context Switches        884
      Involuntary Context Switches      1
      Block Input Operations            0
      Block Output Operations           0
      

NOTE: PROCEDURE SQL used (Total process time):
      real time           0.00 seconds
      user cpu time       0.00 seconds
      system cpu time     0.00 seconds
      memory              5606.34k
      OS Memory           27304.00k
      Timestamp           08/04/2026 09:33:16 PM
      Step Count                        38  Switch Count  0
      Page Faults                       0
      Page Reclaims                     52
      Page Swaps                        0
      Voluntary Context Switches        5
      Involuntary Context Switches      0
      Block Input Operations            0
      Block Output Operations           0
      


NOTE: Appending FNMAE.LOAN2003Q4_01 to FNMAE.LOANMASTER.
NOTE: There were 371069 observations read from the data set FNMAE.LOAN2003Q4_01.
NOTE: 371069 observations added.
NOTE: The data set FNMAE.LOANMASTER has 13052509 observations and 44 variables.
NOTE: PROCEDURE APPEND used (Total process time):
      real time           0.79 seconds
      user cpu time       0.51 seconds
      system cpu time     0.08 seconds
      memory              4609.65k
      OS Memory           26028.00k
      Timestamp           08/04/2026 09:33:17 PM
      Step Count                        39  Switch Count  0
      Page Faults                       0
      Page Reclaims                     801
      Page Swaps                        0
      Voluntary Context Switches        1966
      Involuntary Context Switches      6
      Block Input Operations            0
      Block Output Operations           162072
      


NOTE: The data set WORK._LOGROW has 1 observations and 8 variables.
NOTE: DATA statement used (Total process time):
      real time           0.00 seconds
      user cpu time       0.00 seconds
3                                                          The SAS System                       Tuesday, August  4, 2026 02:33:17 PM

      system cpu time     0.01 seconds
      memory              518.62k
      OS Memory           22180.00k
      Timestamp           08/04/2026 09:33:17 PM
      Step Count                        40  Switch Count  2
      Page Faults                       0
      Page Reclaims                     87
      Page Swaps                        0
      Voluntary Context Switches        10
      Involuntary Context Switches      0
      Block Input Operations            0
      Block Output Operations           264
      


NOTE: Appending WORK._LOGROW to FNMAE.RUNLOG.
NOTE: There were 1 observations read from the data set WORK._LOGROW.
NOTE: 1 observations added.
NOTE: The data set FNMAE.RUNLOG has 30 observations and 8 variables.
NOTE: PROCEDURE APPEND used (Total process time):
      real time           0.00 seconds
      user cpu time       0.00 seconds
      system cpu time     0.00 seconds
      memory              1113.87k
      OS Memory           22700.00k
      Timestamp           08/04/2026 09:33:17 PM
      Step Count                        41  Switch Count  0
      Page Faults                       0
      Page Reclaims                     118
      Page Swaps                        0
      Voluntary Context Switches        19
      Involuntary Context Switches      0
      Block Input Operations            0
      Block Output Operations           528
      


NOTE: There were 30 observations read from the data set FNMAE.RUNLOG.
NOTE: The data set FNMAE.RUNLOG has 30 observations and 8 variables.
NOTE: Compressing data set FNMAE.RUNLOG increased size by 100.00 percent. 
      Compressed is 2 pages; un-compressed would require 1 pages.
NOTE: PROCEDURE SORT used (Total process time):
      real time           0.02 seconds
      user cpu time       0.00 seconds
      system cpu time     0.00 seconds
      memory              924.06k
      OS Memory           22440.00k
      Timestamp           08/04/2026 09:33:17 PM
      Step Count                        42  Switch Count  1
      Page Faults                       0
      Page Reclaims                     133
      Page Swaps                        0
      Voluntary Context Switches        46
      Involuntary Context Switches      0
      Block Input Operations            0
      Block Output Operations           520
      

4                                                          The SAS System                       Tuesday, August  4, 2026 02:33:17 PM


NOTE: There were 30 observations read from the data set FNMAE.RUNLOG.
NOTE: The data set FNMAE.RUNLOG has 30 observations and 8 variables.
NOTE: Compressing data set FNMAE.RUNLOG increased size by 100.00 percent. 
      Compressed is 2 pages; un-compressed would require 1 pages.
NOTE: DATA statement used (Total process time):
      real time           0.02 seconds
      user cpu time       0.00 seconds
      system cpu time     0.00 seconds
      memory              1059.71k
      OS Memory           22440.00k
      Timestamp           08/04/2026 09:33:17 PM
      Step Count                        43  Switch Count  1
      Page Faults                       0
      Page Reclaims                     120
      Page Swaps                        0
      Voluntary Context Switches        46
      Involuntary Context Switches      0
      Block Input Operations            0
      Block Output Operations           520
      

NOTE: PROCEDURE SQL used (Total process time):
      real time           0.00 seconds
      user cpu time       0.00 seconds
      system cpu time     0.00 seconds
      memory              5607.18k
      OS Memory           27304.00k
      Timestamp           08/04/2026 09:33:17 PM
      Step Count                        44  Switch Count  0
      Page Faults                       0
      Page Reclaims                     52
      Page Swaps                        0
      Voluntary Context Switches        10
      Involuntary Context Switches      0
      Block Input Operations            0
      Block Output Operations           0
      


NOTE: Deleting FNMAE.LOAN2003Q4_01 (memtype=DATA).
NOTE: PROCEDURE DATASETS used (Total process time):
      real time           0.01 seconds
      user cpu time       0.00 seconds
      system cpu time     0.01 seconds
      memory              348.18k
      OS Memory           22180.00k
      Timestamp           08/04/2026 09:33:17 PM
      Step Count                        45  Switch Count  1
      Page Faults                       0
      Page Reclaims                     48
      Page Swaps                        0
      Voluntary Context Switches        18
      Involuntary Context Switches      0
      Block Input Operations            0
      Block Output Operations           8
      

5                                                          The SAS System                       Tuesday, August  4, 2026 02:33:17 PM


NOTE: Deleting WORK._MONTHLY (memtype=DATA).
NOTE: Deleting WORK._LOGROW (memtype=DATA).
NOTE: PROCEDURE DATASETS used (Total process time):
      real time           0.47 seconds
      user cpu time       0.00 seconds
      system cpu time     0.46 seconds
      memory              346.21k
      OS Memory           22180.00k
      Timestamp           08/04/2026 09:33:18 PM
      Step Count                        46  Switch Count  4
      Page Faults                       0
      Page Reclaims                     48
      Page Swaps                        0
      Voluntary Context Switches        18
      Involuntary Context Switches      99
      Block Input Operations            0
      Block Output Operations           8
      

NOTE: 2003Q4_01 complete - records read       30,000,091          - loans          371,069          - Defaults            7,848     
     - Elapsed   0:03:08.24          - CUMULATIVE RECORDS      730,110,000
NOTE: 2003Q4_01.csv.gz removed from RAW
70         
71         OPTIONS NONOTES NOSTIMER NOSOURCE NOSYNTAXCHECK;
81         
6                                                          The SAS System                       Tuesday, August  4, 2026 02:49:29 PM


1                                                          The SAS System                       Tuesday, August  4, 2026 02:49:29 PM

1          OPTIONS NONOTES NOSTIMER NOSOURCE NOSYNTAXCHECK;
68         
69         %ProcessYearlyQuarter(YearQtr=2003Q4_02);
NOTE: Processing data for the yearly quarter: 2003Q4_02

NOTE: The infile SRC is:
      Filename=/home/bvsierrap0/RAW/2003Q4_02.csv.gz

NOTE: 30000004 records were read from the infile SRC.
      The minimum record length was 215.
      The maximum record length was 383.
NOTE: The data set WORK._MONTHLY has 30000004 observations and 36 variables.
NOTE: DATA statement used (Total process time):
      real time           3:01.33
      user cpu time       2:57.21
      system cpu time     2.99 seconds
      memory              2252.09k
      OS Memory           22948.00k
      Timestamp           08/04/2026 09:52:30 PM
      Step Count                        52  Switch Count  2
      Page Faults                       0
      Page Reclaims                     1442
      Page Swaps                        0
      Voluntary Context Switches        41
      Involuntary Context Switches      1764
      Block Input Operations            0
      Block Output Operations           14092064
      

NOTE: Fileref SRC has been deassigned.

NOTE: Missing values were generated as a result of performing an operation on missing values.
      Each place is given by: (Number of times) at (Line):(Column).
      1136 at 69:2   
NOTE: There were 30000004 observations read from the data set WORK._MONTHLY.
NOTE: The data set FNMAE.LOAN2003Q4_02 has 370986 observations and 44 variables.
NOTE: Compressing data set FNMAE.LOAN2003Q4_02 decreased size by 32.80 percent. 
      Compressed is 625 pages; un-compressed would require 930 pages.
NOTE: DATA statement used (Total process time):
      real time           6.01 seconds
      user cpu time       4.50 seconds
      system cpu time     1.24 seconds
      memory              4066.71k
      OS Memory           25768.00k
      Timestamp           08/04/2026 09:52:36 PM
      Step Count                        53  Switch Count  10
      Page Faults                       0
      Page Reclaims                     604
      Page Swaps                        0
      Voluntary Context Switches        1641
      Involuntary Context Switches      23
      Block Input Operations            0
      Block Output Operations           160536
      

NOTE: PROCEDURE SQL used (Total process time):
      real time           0.26 seconds
      user cpu time       0.21 seconds
2                                                          The SAS System                       Tuesday, August  4, 2026 02:52:36 PM

      system cpu time     0.03 seconds
      memory              7252.28k
      OS Memory           28328.00k
      Timestamp           08/04/2026 09:52:36 PM
      Step Count                        54  Switch Count  1
      Page Faults                       0
      Page Reclaims                     255
      Page Swaps                        0
      Voluntary Context Switches        888
      Involuntary Context Switches      12
      Block Input Operations            0
      Block Output Operations           0
      

NOTE: PROCEDURE SQL used (Total process time):
      real time           0.00 seconds
      user cpu time       0.00 seconds
      system cpu time     0.00 seconds
      memory              5606.71k
      OS Memory           27560.00k
      Timestamp           08/04/2026 09:52:36 PM
      Step Count                        55  Switch Count  0
      Page Faults                       0
      Page Reclaims                     52
      Page Swaps                        0
      Voluntary Context Switches        5
      Involuntary Context Switches      0
      Block Input Operations            0
      Block Output Operations           0
      


NOTE: Appending FNMAE.LOAN2003Q4_02 to FNMAE.LOANMASTER.
NOTE: There were 370986 observations read from the data set FNMAE.LOAN2003Q4_02.
NOTE: 370986 observations added.
NOTE: The data set FNMAE.LOANMASTER has 13423495 observations and 44 variables.
NOTE: PROCEDURE APPEND used (Total process time):
      real time           0.78 seconds
      user cpu time       0.52 seconds
      system cpu time     0.07 seconds
      memory              4448.90k
      OS Memory           26284.00k
      Timestamp           08/04/2026 09:52:37 PM
      Step Count                        56  Switch Count  0
      Page Faults                       0
      Page Reclaims                     745
      Page Swaps                        0
      Voluntary Context Switches        2196
      Involuntary Context Switches      5
      Block Input Operations            0
      Block Output Operations           160528
      


NOTE: The data set WORK._LOGROW has 1 observations and 8 variables.
NOTE: DATA statement used (Total process time):
      real time           0.00 seconds
      user cpu time       0.00 seconds
3                                                          The SAS System                       Tuesday, August  4, 2026 02:52:37 PM

      system cpu time     0.00 seconds
      memory              524.84k
      OS Memory           22436.00k
      Timestamp           08/04/2026 09:52:37 PM
      Step Count                        57  Switch Count  2
      Page Faults                       0
      Page Reclaims                     87
      Page Swaps                        0
      Voluntary Context Switches        10
      Involuntary Context Switches      0
      Block Input Operations            0
      Block Output Operations           264
      


NOTE: Appending WORK._LOGROW to FNMAE.RUNLOG.
NOTE: There were 1 observations read from the data set WORK._LOGROW.
NOTE: 1 observations added.
NOTE: The data set FNMAE.RUNLOG has 31 observations and 8 variables.
NOTE: PROCEDURE APPEND used (Total process time):
      real time           0.00 seconds
      user cpu time       0.00 seconds
      system cpu time     0.00 seconds
      memory              1114.90k
      OS Memory           22956.00k
      Timestamp           08/04/2026 09:52:37 PM
      Step Count                        58  Switch Count  0
      Page Faults                       0
      Page Reclaims                     116
      Page Swaps                        0
      Voluntary Context Switches        19
      Involuntary Context Switches      0
      Block Input Operations            0
      Block Output Operations           536
      


NOTE: There were 31 observations read from the data set FNMAE.RUNLOG.
NOTE: The data set FNMAE.RUNLOG has 31 observations and 8 variables.
NOTE: Compressing data set FNMAE.RUNLOG increased size by 100.00 percent. 
      Compressed is 2 pages; un-compressed would require 1 pages.
NOTE: PROCEDURE SORT used (Total process time):
      real time           0.02 seconds
      user cpu time       0.00 seconds
      system cpu time     0.00 seconds
      memory              924.34k
      OS Memory           22696.00k
      Timestamp           08/04/2026 09:52:37 PM
      Step Count                        59  Switch Count  2
      Page Faults                       0
      Page Reclaims                     113
      Page Swaps                        0
      Voluntary Context Switches        46
      Involuntary Context Switches      0
      Block Input Operations            0
      Block Output Operations           528
      

4                                                          The SAS System                       Tuesday, August  4, 2026 02:52:37 PM


NOTE: There were 31 observations read from the data set FNMAE.RUNLOG.
NOTE: The data set FNMAE.RUNLOG has 31 observations and 8 variables.
NOTE: Compressing data set FNMAE.RUNLOG increased size by 100.00 percent. 
      Compressed is 2 pages; un-compressed would require 1 pages.
NOTE: DATA statement used (Total process time):
      real time           0.02 seconds
      user cpu time       0.00 seconds
      system cpu time     0.01 seconds
      memory              1059.12k
      OS Memory           22696.00k
      Timestamp           08/04/2026 09:52:37 PM
      Step Count                        60  Switch Count  2
      Page Faults                       0
      Page Reclaims                     120
      Page Swaps                        0
      Voluntary Context Switches        50
      Involuntary Context Switches      1
      Block Input Operations            0
      Block Output Operations           520
      

NOTE: PROCEDURE SQL used (Total process time):
      real time           0.00 seconds
      user cpu time       0.00 seconds
      system cpu time     0.00 seconds
      memory              5606.71k
      OS Memory           27560.00k
      Timestamp           08/04/2026 09:52:37 PM
      Step Count                        61  Switch Count  0
      Page Faults                       0
      Page Reclaims                     52
      Page Swaps                        0
      Voluntary Context Switches        11
      Involuntary Context Switches      0
      Block Input Operations            0
      Block Output Operations           0
      


NOTE: Deleting FNMAE.LOAN2003Q4_02 (memtype=DATA).
NOTE: PROCEDURE DATASETS used (Total process time):
      real time           0.01 seconds
      user cpu time       0.00 seconds
      system cpu time     0.00 seconds
      memory              348.15k
      OS Memory           22436.00k
      Timestamp           08/04/2026 09:52:37 PM
      Step Count                        62  Switch Count  2
      Page Faults                       0
      Page Reclaims                     48
      Page Swaps                        0
      Voluntary Context Switches        23
      Involuntary Context Switches      0
      Block Input Operations            0
      Block Output Operations           8
      

5                                                          The SAS System                       Tuesday, August  4, 2026 02:52:37 PM


NOTE: Deleting WORK._MONTHLY (memtype=DATA).
NOTE: Deleting WORK._LOGROW (memtype=DATA).
NOTE: PROCEDURE DATASETS used (Total process time):
      real time           0.49 seconds
      user cpu time       0.00 seconds
      system cpu time     0.49 seconds
      memory              347.15k
      OS Memory           22436.00k
      Timestamp           08/04/2026 09:52:38 PM
      Step Count                        63  Switch Count  4
      Page Faults                       0
      Page Reclaims                     48
      Page Swaps                        0
      Voluntary Context Switches        18
      Involuntary Context Switches      107
      Block Input Operations            0
      Block Output Operations           8
      

NOTE: 2003Q4_02 complete - records read       30,000,004          - loans          370,986          - Defaults            7,892     
     - Elapsed   0:03:08.42          - CUMULATIVE RECORDS      760,110,000
NOTE: 2003Q4_02.csv.gz removed from RAW
70         
71         OPTIONS NONOTES NOSTIMER NOSOURCE NOSYNTAXCHECK;
81         
6                                                          The SAS System                       Tuesday, August  4, 2026 03:00:30 PM


1                                                          The SAS System                       Tuesday, August  4, 2026 03:00:30 PM

1          OPTIONS NONOTES NOSTIMER NOSOURCE NOSYNTAXCHECK;
68         
69         %ProcessYearlyQuarter(YearQtr=2003Q4_03);
NOTE: Processing data for the yearly quarter: 2003Q4_03

NOTE: The infile SRC is:
      Filename=/home/bvsierrap0/RAW/2003Q4_03.csv.gz

NOTE: 7949259 records were read from the infile SRC.
      The minimum record length was 215.
      The maximum record length was 375.
NOTE: The data set WORK._MONTHLY has 7949259 observations and 36 variables.
NOTE: DATA statement used (Total process time):
      real time           48.05 seconds
      user cpu time       46.89 seconds
      system cpu time     0.85 seconds
      memory              2254.12k
      OS Memory           22948.00k
      Timestamp           08/04/2026 10:01:18 PM
      Step Count                        69  Switch Count  2
      Page Faults                       0
      Page Reclaims                     372
      Page Swaps                        0
      Voluntary Context Switches        33
      Involuntary Context Switches      909
      Block Input Operations            0
      Block Output Operations           3734304
      

NOTE: Fileref SRC has been deassigned.

NOTE: Missing values were generated as a result of performing an operation on missing values.
      Each place is given by: (Number of times) at (Line):(Column).
      318 at 69:2   
NOTE: There were 7949259 observations read from the data set WORK._MONTHLY.
NOTE: The data set FNMAE.LOAN2003Q4_03 has 98333 observations and 44 variables.
NOTE: Compressing data set FNMAE.LOAN2003Q4_03 decreased size by 32.39 percent. 
      Compressed is 167 pages; un-compressed would require 247 pages.
NOTE: DATA statement used (Total process time):
      real time           1.64 seconds
      user cpu time       1.22 seconds
      system cpu time     0.35 seconds
      memory              4068.56k
      OS Memory           25768.00k
      Timestamp           08/04/2026 10:01:19 PM
      Step Count                        70  Switch Count  2
      Page Faults                       0
      Page Reclaims                     607
      Page Swaps                        0
      Voluntary Context Switches        509
      Involuntary Context Switches      10
      Block Input Operations            0
      Block Output Operations           42760
      

NOTE: PROCEDURE SQL used (Total process time):
      real time           0.07 seconds
      user cpu time       0.05 seconds
2                                                          The SAS System                       Tuesday, August  4, 2026 03:01:20 PM

      system cpu time     0.01 seconds
      memory              7251.50k
      OS Memory           28328.00k
      Timestamp           08/04/2026 10:01:20 PM
      Step Count                        71  Switch Count  1
      Page Faults                       0
      Page Reclaims                     255
      Page Swaps                        0
      Voluntary Context Switches        246
      Involuntary Context Switches      3
      Block Input Operations            0
      Block Output Operations           0
      

NOTE: PROCEDURE SQL used (Total process time):
      real time           0.00 seconds
      user cpu time       0.00 seconds
      system cpu time     0.00 seconds
      memory              5606.03k
      OS Memory           27560.00k
      Timestamp           08/04/2026 10:01:20 PM
      Step Count                        72  Switch Count  0
      Page Faults                       0
      Page Reclaims                     52
      Page Swaps                        0
      Voluntary Context Switches        5
      Involuntary Context Switches      0
      Block Input Operations            0
      Block Output Operations           0
      


NOTE: Appending FNMAE.LOAN2003Q4_03 to FNMAE.LOANMASTER.
NOTE: There were 98333 observations read from the data set FNMAE.LOAN2003Q4_03.
NOTE: 98333 observations added.
NOTE: The data set FNMAE.LOANMASTER has 13521828 observations and 44 variables.
NOTE: PROCEDURE APPEND used (Total process time):
      real time           0.21 seconds
      user cpu time       0.14 seconds
      system cpu time     0.02 seconds
      memory              4449.43k
      OS Memory           26284.00k
      Timestamp           08/04/2026 10:01:20 PM
      Step Count                        73  Switch Count  0
      Page Faults                       0
      Page Reclaims                     745
      Page Swaps                        0
      Voluntary Context Switches        479
      Involuntary Context Switches      3
      Block Input Operations            0
      Block Output Operations           43280
      


NOTE: The data set WORK._LOGROW has 1 observations and 8 variables.
NOTE: DATA statement used (Total process time):
      real time           0.00 seconds
      user cpu time       0.00 seconds
3                                                          The SAS System                       Tuesday, August  4, 2026 03:01:20 PM

      system cpu time     0.00 seconds
      memory              521.34k
      OS Memory           22436.00k
      Timestamp           08/04/2026 10:01:20 PM
      Step Count                        74  Switch Count  2
      Page Faults                       0
      Page Reclaims                     87
      Page Swaps                        0
      Voluntary Context Switches        11
      Involuntary Context Switches      0
      Block Input Operations            0
      Block Output Operations           264
      


NOTE: Appending WORK._LOGROW to FNMAE.RUNLOG.
NOTE: There were 1 observations read from the data set WORK._LOGROW.
NOTE: 1 observations added.
NOTE: The data set FNMAE.RUNLOG has 32 observations and 8 variables.
NOTE: PROCEDURE APPEND used (Total process time):
      real time           0.00 seconds
      user cpu time       0.00 seconds
      system cpu time     0.00 seconds
      memory              1114.15k
      OS Memory           22956.00k
      Timestamp           08/04/2026 10:01:20 PM
      Step Count                        75  Switch Count  0
      Page Faults                       0
      Page Reclaims                     116
      Page Swaps                        0
      Voluntary Context Switches        22
      Involuntary Context Switches      0
      Block Input Operations            0
      Block Output Operations           528
      


NOTE: There were 32 observations read from the data set FNMAE.RUNLOG.
NOTE: The data set FNMAE.RUNLOG has 32 observations and 8 variables.
NOTE: Compressing data set FNMAE.RUNLOG increased size by 100.00 percent. 
      Compressed is 2 pages; un-compressed would require 1 pages.
NOTE: PROCEDURE SORT used (Total process time):
      real time           0.01 seconds
      user cpu time       0.00 seconds
      system cpu time     0.01 seconds
      memory              925.40k
      OS Memory           22696.00k
      Timestamp           08/04/2026 10:01:20 PM
      Step Count                        76  Switch Count  2
      Page Faults                       0
      Page Reclaims                     113
      Page Swaps                        0
      Voluntary Context Switches        49
      Involuntary Context Switches      0
      Block Input Operations            0
      Block Output Operations           520
      

4                                                          The SAS System                       Tuesday, August  4, 2026 03:01:20 PM


NOTE: There were 32 observations read from the data set FNMAE.RUNLOG.
NOTE: The data set FNMAE.RUNLOG has 32 observations and 8 variables.
NOTE: Compressing data set FNMAE.RUNLOG increased size by 100.00 percent. 
      Compressed is 2 pages; un-compressed would require 1 pages.
NOTE: DATA statement used (Total process time):
      real time           0.02 seconds
      user cpu time       0.00 seconds
      system cpu time     0.00 seconds
      memory              1060.12k
      OS Memory           22696.00k
      Timestamp           08/04/2026 10:01:20 PM
      Step Count                        77  Switch Count  2
      Page Faults                       0
      Page Reclaims                     120
      Page Swaps                        0
      Voluntary Context Switches        53
      Involuntary Context Switches      0
      Block Input Operations            0
      Block Output Operations           520
      

NOTE: PROCEDURE SQL used (Total process time):
      real time           0.00 seconds
      user cpu time       0.00 seconds
      system cpu time     0.00 seconds
      memory              5606.40k
      OS Memory           27560.00k
      Timestamp           08/04/2026 10:01:20 PM
      Step Count                        78  Switch Count  0
      Page Faults                       0
      Page Reclaims                     52
      Page Swaps                        0
      Voluntary Context Switches        10
      Involuntary Context Switches      0
      Block Input Operations            0
      Block Output Operations           0
      


NOTE: Deleting FNMAE.LOAN2003Q4_03 (memtype=DATA).
NOTE: PROCEDURE DATASETS used (Total process time):
      real time           0.00 seconds
      user cpu time       0.00 seconds
      system cpu time     0.00 seconds
      memory              348.15k
      OS Memory           22436.00k
      Timestamp           08/04/2026 10:01:20 PM
      Step Count                        79  Switch Count  2
      Page Faults                       0
      Page Reclaims                     48
      Page Swaps                        0
      Voluntary Context Switches        22
      Involuntary Context Switches      0
      Block Input Operations            0
      Block Output Operations           8
      

5                                                          The SAS System                       Tuesday, August  4, 2026 03:01:20 PM


NOTE: Deleting WORK._MONTHLY (memtype=DATA).
NOTE: Deleting WORK._LOGROW (memtype=DATA).
NOTE: PROCEDURE DATASETS used (Total process time):
      real time           0.16 seconds
      user cpu time       0.00 seconds
      system cpu time     0.16 seconds
      memory              347.15k
      OS Memory           22436.00k
      Timestamp           08/04/2026 10:01:20 PM
      Step Count                        80  Switch Count  4
      Page Faults                       0
      Page Reclaims                     48
      Page Swaps                        0
      Voluntary Context Switches        18
      Involuntary Context Switches      34
      Block Input Operations            0
      Block Output Operations           8
      

NOTE: 2003Q4_03 complete - records read        7,949,259          - loans           98,333          - Defaults            2,158     
     - Elapsed   0:00:50.01          - CUMULATIVE RECORDS      768,060,000
NOTE: 2003Q4_03.csv.gz removed from RAW
70         
71         OPTIONS NONOTES NOSTIMER NOSOURCE NOSYNTAXCHECK;
81         
6                                                          The SAS System                       Tuesday, August  4, 2026 03:40:24 PM


1                                                          The SAS System                       Tuesday, August  4, 2026 03:40:24 PM

1          OPTIONS NONOTES NOSTIMER NOSOURCE NOSYNTAXCHECK;
68         
69         PROC SQL;
70             TITLE "FNMAE storage";
71             SELECT Memname, Filesize FORMAT=SIZEKMG12.1, Nobs FORMAT=COMMA14.
72             FROM DICTIONARY.Tables
73             WHERE Libname = 'FNMAE'
74             ORDER BY Filesize DESC;
75         QUIT;
NOTE: PROCEDURE SQL used (Total process time):
      real time           0.01 seconds
      user cpu time       0.01 seconds
      system cpu time     0.01 seconds
      memory              8984.34k
      OS Memory           30384.00k
      Timestamp           08/04/2026 10:40:24 PM
      Step Count                        86  Switch Count  1
      Page Faults                       0
      Page Reclaims                     835
      Page Swaps                        0
      Voluntary Context Switches        32
      Involuntary Context Switches      1
      Block Input Operations            0
      Block Output Operations           8
      

76         
77         TITLE;
78         
79         OPTIONS NONOTES NOSTIMER NOSOURCE NOSYNTAXCHECK;
89         
2                                                          The SAS System                       Tuesday, August  4, 2026 03:41:11 PM


1                                                          The SAS System                       Tuesday, August  4, 2026 03:41:11 PM

1          OPTIONS NONOTES NOSTIMER NOSOURCE NOSYNTAXCHECK;
68         
69         %ProcessYearlyQuarter(YearQtr=2004Q1);
NOTE: Processing data for the yearly quarter: 2004Q1

NOTE: The infile SRC is:
      Filename=/home/bvsierrap0/RAW/2004Q1.csv.gz

NOTE: 35954755 records were read from the infile SRC.
      The minimum record length was 216.
      The maximum record length was 384.
NOTE: The data set WORK._MONTHLY has 35954755 observations and 36 variables.
NOTE: DATA statement used (Total process time):
      real time           3:37.48
      user cpu time       3:32.71
      system cpu time     3.47 seconds
      memory              2260.40k
      OS Memory           25252.00k
      Timestamp           08/04/2026 10:44:49 PM
      Step Count                        92  Switch Count  2
      Page Faults                       0
      Page Reclaims                     361
      Page Swaps                        0
      Voluntary Context Switches        41
      Involuntary Context Switches      2271
      Block Input Operations            0
      Block Output Operations           16889376
      

NOTE: Fileref SRC has been deassigned.

NOTE: Missing values were generated as a result of performing an operation on missing values.
      Each place is given by: (Number of times) at (Line):(Column).
      1602 at 69:2   
NOTE: There were 35954755 observations read from the data set WORK._MONTHLY.
NOTE: The data set FNMAE.LOAN2004Q1 has 452471 observations and 44 variables.
NOTE: Compressing data set FNMAE.LOAN2004Q1 decreased size by 34.01 percent. 
      Compressed is 749 pages; un-compressed would require 1135 pages.
NOTE: DATA statement used (Total process time):
      real time           7.12 seconds
      user cpu time       5.52 seconds
      system cpu time     1.35 seconds
      memory              4077.62k
      OS Memory           28072.00k
      Timestamp           08/04/2026 10:44:56 PM
      Step Count                        93  Switch Count  10
      Page Faults                       0
      Page Reclaims                     638
      Page Swaps                        0
      Voluntary Context Switches        1836
      Involuntary Context Switches      45
      Block Input Operations            0
      Block Output Operations           192272
      

NOTE: PROCEDURE SQL used (Total process time):
      real time           0.32 seconds
      user cpu time       0.26 seconds
2                                                          The SAS System                       Tuesday, August  4, 2026 03:44:56 PM

      system cpu time     0.04 seconds
      memory              7251.18k
      OS Memory           30632.00k
      Timestamp           08/04/2026 10:44:56 PM
      Step Count                        94  Switch Count  1
      Page Faults                       0
      Page Reclaims                     279
      Page Swaps                        0
      Voluntary Context Switches        1006
      Involuntary Context Switches      3
      Block Input Operations            0
      Block Output Operations           0
      

NOTE: PROCEDURE SQL used (Total process time):
      real time           0.00 seconds
      user cpu time       0.00 seconds
      system cpu time     0.00 seconds
      memory              5605.71k
      OS Memory           29608.00k
      Timestamp           08/04/2026 10:44:56 PM
      Step Count                        95  Switch Count  0
      Page Faults                       0
      Page Reclaims                     52
      Page Swaps                        0
      Voluntary Context Switches        5
      Involuntary Context Switches      0
      Block Input Operations            0
      Block Output Operations           0
      


NOTE: Appending FNMAE.LOAN2004Q1 to FNMAE.LOANMASTER.
NOTE: There were 452471 observations read from the data set FNMAE.LOAN2004Q1.
NOTE: 452471 observations added.
NOTE: The data set FNMAE.LOANMASTER has 13974299 observations and 44 variables.
NOTE: PROCEDURE APPEND used (Total process time):
      real time           0.95 seconds
      user cpu time       0.65 seconds
      system cpu time     0.07 seconds
      memory              4449.03k
      OS Memory           28588.00k
      Timestamp           08/04/2026 10:44:57 PM
      Step Count                        96  Switch Count  0
      Page Faults                       0
      Page Reclaims                     780
      Page Swaps                        0
      Voluntary Context Switches        2079
      Involuntary Context Switches      4
      Block Input Operations            0
      Block Output Operations           192272
      


NOTE: The data set WORK._LOGROW has 1 observations and 8 variables.
NOTE: DATA statement used (Total process time):
      real time           0.00 seconds
      user cpu time       0.00 seconds
3                                                          The SAS System                       Tuesday, August  4, 2026 03:44:57 PM

      system cpu time     0.00 seconds
      memory              523.09k
      OS Memory           24484.00k
      Timestamp           08/04/2026 10:44:57 PM
      Step Count                        97  Switch Count  2
      Page Faults                       0
      Page Reclaims                     87
      Page Swaps                        0
      Voluntary Context Switches        11
      Involuntary Context Switches      0
      Block Input Operations            0
      Block Output Operations           264
      


NOTE: Appending WORK._LOGROW to FNMAE.RUNLOG.
NOTE: There were 1 observations read from the data set WORK._LOGROW.
NOTE: 1 observations added.
NOTE: The data set FNMAE.RUNLOG has 33 observations and 8 variables.
NOTE: PROCEDURE APPEND used (Total process time):
      real time           0.00 seconds
      user cpu time       0.00 seconds
      system cpu time     0.00 seconds
      memory              1113.96k
      OS Memory           25004.00k
      Timestamp           08/04/2026 10:44:57 PM
      Step Count                        98  Switch Count  0
      Page Faults                       0
      Page Reclaims                     116
      Page Swaps                        0
      Voluntary Context Switches        19
      Involuntary Context Switches      0
      Block Input Operations            0
      Block Output Operations           528
      


NOTE: There were 33 observations read from the data set FNMAE.RUNLOG.
NOTE: The data set FNMAE.RUNLOG has 33 observations and 8 variables.
NOTE: Compressing data set FNMAE.RUNLOG increased size by 100.00 percent. 
      Compressed is 2 pages; un-compressed would require 1 pages.
NOTE: PROCEDURE SORT used (Total process time):
      real time           0.01 seconds
      user cpu time       0.00 seconds
      system cpu time     0.01 seconds
      memory              924.53k
      OS Memory           24744.00k
      Timestamp           08/04/2026 10:44:57 PM
      Step Count                        99  Switch Count  2
      Page Faults                       0
      Page Reclaims                     113
      Page Swaps                        0
      Voluntary Context Switches        47
      Involuntary Context Switches      0
      Block Input Operations            0
      Block Output Operations           528
      

4                                                          The SAS System                       Tuesday, August  4, 2026 03:44:57 PM


NOTE: There were 33 observations read from the data set FNMAE.RUNLOG.
NOTE: The data set FNMAE.RUNLOG has 33 observations and 8 variables.
NOTE: Compressing data set FNMAE.RUNLOG increased size by 100.00 percent. 
      Compressed is 2 pages; un-compressed would require 1 pages.
NOTE: DATA statement used (Total process time):
      real time           0.02 seconds
      user cpu time       0.01 seconds
      system cpu time     0.00 seconds
      memory              1063.12k
      OS Memory           24744.00k
      Timestamp           08/04/2026 10:44:57 PM
      Step Count                        100  Switch Count  2
      Page Faults                       0
      Page Reclaims                     120
      Page Swaps                        0
      Voluntary Context Switches        52
      Involuntary Context Switches      0
      Block Input Operations            0
      Block Output Operations           520
      

NOTE: PROCEDURE SQL used (Total process time):
      real time           0.00 seconds
      user cpu time       0.00 seconds
      system cpu time     0.00 seconds
      memory              5606.21k
      OS Memory           29608.00k
      Timestamp           08/04/2026 10:44:57 PM
      Step Count                        101  Switch Count  0
      Page Faults                       0
      Page Reclaims                     52
      Page Swaps                        0
      Voluntary Context Switches        10
      Involuntary Context Switches      0
      Block Input Operations            0
      Block Output Operations           0
      


NOTE: Deleting FNMAE.LOAN2004Q1 (memtype=DATA).
NOTE: PROCEDURE DATASETS used (Total process time):
      real time           0.01 seconds
      user cpu time       0.00 seconds
      system cpu time     0.00 seconds
      memory              348.31k
      OS Memory           24484.00k
      Timestamp           08/04/2026 10:44:57 PM
      Step Count                        102  Switch Count  2
      Page Faults                       0
      Page Reclaims                     48
      Page Swaps                        0
      Voluntary Context Switches        22
      Involuntary Context Switches      2
      Block Input Operations            0
      Block Output Operations           8
      

5                                                          The SAS System                       Tuesday, August  4, 2026 03:44:57 PM


NOTE: Deleting WORK._MONTHLY (memtype=DATA).
NOTE: Deleting WORK._LOGROW (memtype=DATA).
NOTE: PROCEDURE DATASETS used (Total process time):
      real time           0.53 seconds
      user cpu time       0.00 seconds
      system cpu time     0.53 seconds
      memory              347.28k
      OS Memory           24484.00k
      Timestamp           08/04/2026 10:44:58 PM
      Step Count                        103  Switch Count  4
      Page Faults                       0
      Page Reclaims                     48
      Page Swaps                        0
      Voluntary Context Switches        20
      Involuntary Context Switches      110
      Block Input Operations            0
      Block Output Operations           8
      

NOTE: 2004Q1 complete - records read       35,954,755          - loans          452,471          - Defaults           12,197        
  - Elapsed   0:03:45.92          - CUMULATIVE RECORDS      804,010,000
NOTE: 2004Q1.csv.gz removed from RAW
70         
71         OPTIONS NONOTES NOSTIMER NOSOURCE NOSYNTAXCHECK;
81         
6                                                          The SAS System                       Tuesday, August  4, 2026 04:10:29 PM


1                                                          The SAS System                       Tuesday, August  4, 2026 04:10:29 PM

1          OPTIONS NONOTES NOSTIMER NOSOURCE NOSYNTAXCHECK;
68         
69         %ProcessYearlyQuarter(YearQtr=2004Q2);
NOTE: Processing data for the yearly quarter: 2004Q2

NOTE: The infile SRC is:
      Filename=/home/bvsierrap0/RAW/2004Q2.csv.gz

ERROR: Insufficient space in file WORK._MONTHLY.DATA.
ERROR: File WORK._MONTHLY.DATA is damaged. I/O processing did not complete.
NOTE: 49109921 records were read from the infile SRC.
      The minimum record length was 215.
      The maximum record length was 381.
NOTE: The SAS System stopped processing this step because of errors.
WARNING: The data set WORK._MONTHLY may be incomplete.  When this step was stopped there were 49109921 observations and 36 
         variables.
ERROR: Insufficient space in file WORK._MONTHLY.DATA.
NOTE: DATA statement used (Total process time):
      real time           5:00.15
      user cpu time       4:51.73
      system cpu time     4.72 seconds
      memory              2238.71k
      OS Memory           25252.00k
      Timestamp           08/04/2026 11:15:29 PM
      Step Count                        109  Switch Count  24
      Page Faults                       0
      Page Reclaims                     344
      Page Swaps                        0
      Voluntary Context Switches        14721
      Involuntary Context Switches      2927
      Block Input Operations            0
      Block Output Operations           23067424
      


NOTE: Fileref SRC has been deassigned.
NOTE: File WORK._MONTHLY.DATA is damaged.
NOTE: File WORK._MONTHLY.DATA is damaged.
WARNING: Argument 1 to function ATTRN referenced by the %SYSFUNC or %QSYSFUNC macro function is out of range.
NOTE: Mathematical operations could not be performed during %SYSFUNC function execution. The result of the operations have been set 
      to a missing value.
NOTE: File WORK._MONTHLY.DATA is damaged.
ERROR: The open failed because library member WORK._MONTHLY.DATA is damaged.

WARNING: The variable CurrentActualUpb in the DROP, KEEP, or RENAME list has never been referenced.
WARNING: The variable OriginalCombinedLoanToValueRatio in the DROP, KEEP, or RENAME list has never been referenced.
WARNING: The variable DebtToIncome in the DROP, KEEP, or RENAME list has never been referenced.
WARNING: The variable OriginalInterestRate in the DROP, KEEP, or RENAME list has never been referenced.
WARNING: The variable NumberOfBorrowers in the DROP, KEEP, or RENAME list has never been referenced.
WARNING: The variable NumberOfUnits in the DROP, KEEP, or RENAME list has never been referenced.
WARNING: The variable OriginalLoanTerm in the DROP, KEEP, or RENAME list has never been referenced.
WARNING: The variable MortgageInsurancePercentage in the DROP, KEEP, or RENAME list has never been referenced.
WARNING: The variable FirstTimeHomeBuyerIndicator in the DROP, KEEP, or RENAME list has never been referenced.
WARNING: The variable MetropolitanStatisticalAreaOrMet in the DROP, KEEP, or RENAME list has never been referenced.
NOTE: The SAS System stopped processing this step because of errors.
WARNING: The data set FNMAE.LOAN2004Q2 may be incomplete.  When this step was stopped there were 0 observations and 21 variables.
NOTE: DATA statement used (Total process time):
      real time           0.01 seconds
2                                                          The SAS System                       Tuesday, August  4, 2026 04:15:29 PM

      user cpu time       0.01 seconds
      system cpu time     0.01 seconds
      memory              1783.56k
      OS Memory           25252.00k
      Timestamp           08/04/2026 11:15:29 PM
      Step Count                        110  Switch Count  2
      Page Faults                       0
      Page Reclaims                     313
      Page Swaps                        0
      Voluntary Context Switches        36
      Involuntary Context Switches      0
      Block Input Operations            0
      Block Output Operations           520
      

NOTE: PROCEDURE SQL used (Total process time):
      real time           0.00 seconds
      user cpu time       0.00 seconds
      system cpu time     0.00 seconds
      memory              5608.81k
      OS Memory           29608.00k
      Timestamp           08/04/2026 11:15:29 PM
      Step Count                        111  Switch Count  0
      Page Faults                       0
      Page Reclaims                     52
      Page Swaps                        0
      Voluntary Context Switches        5
      Involuntary Context Switches      0
      Block Input Operations            0
      Block Output Operations           0
      

NOTE: PROCEDURE SQL used (Total process time):
      real time           0.00 seconds
      user cpu time       0.00 seconds
      system cpu time     0.00 seconds
      memory              5605.65k
      OS Memory           29608.00k
      Timestamp           08/04/2026 11:15:29 PM
      Step Count                        112  Switch Count  0
      Page Faults                       0
      Page Reclaims                     52
      Page Swaps                        0
      Voluntary Context Switches        6
      Involuntary Context Switches      0
      Block Input Operations            0
      Block Output Operations           0
      


ERROR: An I/O error has occurred on file WORK.'SASTMP-000000070'.UTILITY.
ERROR: UNIX errno = 122.
NOTE: PROCEDURE APPEND used (Total process time):
      real time           0.00 seconds
      user cpu time       0.00 seconds
      system cpu time     0.00 seconds
      memory              2533.09k
      OS Memory           26024.00k
3                                                          The SAS System                       Tuesday, August  4, 2026 04:15:29 PM

      Timestamp           08/04/2026 11:15:29 PM
      Step Count                        113  Switch Count  0
      Page Faults                       0
      Page Reclaims                     345
      Page Swaps                        0
      Voluntary Context Switches        10
      Involuntary Context Switches      0
      Block Input Operations            0
      Block Output Operations           8
      


ERROR: An I/O error has occurred on file WORK._LOGROW.DATA.
ERROR: UNIX errno = 122.
NOTE: The SAS System stopped processing this step because of errors.
WARNING: The data set WORK._LOGROW was only partially opened and will not be saved.
NOTE: DATA statement used (Total process time):
      real time           0.00 seconds
      user cpu time       0.00 seconds
      system cpu time     0.00 seconds
      memory              342.62k
      OS Memory           24224.00k
      Timestamp           08/04/2026 11:15:29 PM
      Step Count                        114  Switch Count  0
      Page Faults                       0
      Page Reclaims                     23
      Page Swaps                        0
      Voluntary Context Switches        0
      Involuntary Context Switches      0
      Block Input Operations            0
      Block Output Operations           0
      

ERROR: File WORK._LOGROW.DATA does not exist.

ERROR: An I/O error has occurred on file WORK.'SASTMP-000000071'.UTILITY.
ERROR: UNIX errno = 122.
NOTE: PROCEDURE APPEND used (Total process time):
      real time           0.00 seconds
      user cpu time       0.00 seconds
      system cpu time     0.00 seconds
      memory              473.40k
      OS Memory           24484.00k
      Timestamp           08/04/2026 11:15:29 PM
      Step Count                        115  Switch Count  0
      Page Faults                       0
      Page Reclaims                     49
      Page Swaps                        0
      Voluntary Context Switches        7
      Involuntary Context Switches      0
      Block Input Operations            0
      Block Output Operations           8
      


NOTE: There were 33 observations read from the data set FNMAE.RUNLOG.
NOTE: The data set FNMAE.RUNLOG has 33 observations and 8 variables.
NOTE: Compressing data set FNMAE.RUNLOG increased size by 100.00 percent. 
4                                                          The SAS System                       Tuesday, August  4, 2026 04:15:29 PM

      Compressed is 2 pages; un-compressed would require 1 pages.
NOTE: PROCEDURE SORT used (Total process time):
      real time           0.01 seconds
      user cpu time       0.00 seconds
      system cpu time     0.00 seconds
      memory              924.62k
      OS Memory           24744.00k
      Timestamp           08/04/2026 11:15:29 PM
      Step Count                        116  Switch Count  2
      Page Faults                       0
      Page Reclaims                     113
      Page Swaps                        0
      Voluntary Context Switches        53
      Involuntary Context Switches      0
      Block Input Operations            0
      Block Output Operations           520
      


NOTE: There were 33 observations read from the data set FNMAE.RUNLOG.
NOTE: The data set FNMAE.RUNLOG has 33 observations and 8 variables.
NOTE: Compressing data set FNMAE.RUNLOG increased size by 100.00 percent. 
      Compressed is 2 pages; un-compressed would require 1 pages.
NOTE: DATA statement used (Total process time):
      real time           0.02 seconds
      user cpu time       0.00 seconds
      system cpu time     0.00 seconds
      memory              1061.81k
      OS Memory           24744.00k
      Timestamp           08/04/2026 11:15:29 PM
      Step Count                        117  Switch Count  2
      Page Faults                       0
      Page Reclaims                     120
      Page Swaps                        0
      Voluntary Context Switches        52
      Involuntary Context Switches      0
      Block Input Operations            0
      Block Output Operations           528
      

NOTE: PROCEDURE SQL used (Total process time):
      real time           0.00 seconds
      user cpu time       0.01 seconds
      system cpu time     0.00 seconds
      memory              5605.65k
      OS Memory           29608.00k
      Timestamp           08/04/2026 11:15:29 PM
      Step Count                        118  Switch Count  0
      Page Faults                       0
      Page Reclaims                     52
      Page Swaps                        0
      Voluntary Context Switches        10
      Involuntary Context Switches      0
      Block Input Operations            0
      Block Output Operations           0
      


5                                                          The SAS System                       Tuesday, August  4, 2026 04:15:29 PM

ERROR: An I/O error has occurred on file WORK.'SASTMP-000000074'.UTILITY.
ERROR: UNIX errno = 122.
NOTE: PROCEDURE DATASETS used (Total process time):
      real time           0.00 seconds
      user cpu time       0.00 seconds
      system cpu time     0.01 seconds
      memory              87.28k
      OS Memory           24224.00k
      Timestamp           08/04/2026 11:15:29 PM
      Step Count                        119  Switch Count  0
      Page Faults                       0
      Page Reclaims                     15
      Page Swaps                        0
      Voluntary Context Switches        5
      Involuntary Context Switches      0
      Block Input Operations            0
      Block Output Operations           0
      


ERROR: An I/O error has occurred on file WORK.'SASTMP-000000075'.UTILITY.
ERROR: UNIX errno = 122.
NOTE: PROCEDURE DATASETS used (Total process time):
      real time           0.00 seconds
      user cpu time       0.00 seconds
      system cpu time     0.00 seconds
      memory              87.28k
      OS Memory           24224.00k
      Timestamp           08/04/2026 11:15:29 PM
      Step Count                        120  Switch Count  0
      Page Faults                       0
      Page Reclaims                     15
      Page Swaps                        0
      Voluntary Context Switches        0
      Involuntary Context Switches      0
      Block Input Operations            0
      Block Output Operations           0
      

NOTE: 2004Q2 complete - records read                .          - loans                0          - Defaults                .        
  - Elapsed   0:05:00.20          - CUMULATIVE RECORDS      804,010,000
ERROR: 2004Q2.csv.gz was not processed cleanly - source file kept in RAW
70         
71         OPTIONS NONOTES NOSTIMER NOSOURCE NOSYNTAXCHECK;
81         
6                                                          The SAS System                       Tuesday, August  4, 2026 04:16:58 PM


1                                                          The SAS System                       Tuesday, August  4, 2026 04:16:58 PM

1          OPTIONS NONOTES NOSTIMER NOSOURCE NOSYNTAXCHECK;
ERROR: Error opening file.  File =/saswork/SAS_work450F0001FD6D_odaws01-usw2.oda.sas.com/#LN00100.  System Error Code = 122.
ERROR: Invalid open mode.
ERROR: No body file. HTML5(WEB) output will not be created.
68         
69         %ProcessYearlyQuarter(YearQtr=2004Q2);
NOTE: Processing data for the yearly quarter: 2004Q2

ERROR: An I/O error has occurred on file WORK._MONTHLY.DATA.
ERROR: UNIX errno = 122.
NOTE: The SAS System stopped processing this step because of errors.
WARNING: The data set WORK._MONTHLY was only partially opened and will not be saved.
NOTE: DATA statement used (Total process time):
      real time           0.00 seconds
      user cpu time       0.00 seconds
      system cpu time     0.00 seconds
      memory              487.62k
      OS Memory           23464.00k
      Timestamp           08/04/2026 11:16:58 PM
      Step Count                        126  Switch Count  0
      Page Faults                       0
      Page Reclaims                     23
      Page Swaps                        0
      Voluntary Context Switches        0
      Involuntary Context Switches      0
      Block Input Operations            0
      Block Output Operations           0
      


NOTE: Fileref SRC has been deassigned.
NOTE: File WORK._MONTHLY.DATA is damaged.
NOTE: File WORK._MONTHLY.DATA is damaged.
WARNING: Argument 1 to function ATTRN referenced by the %SYSFUNC or %QSYSFUNC macro function is out of range.
NOTE: Mathematical operations could not be performed during %SYSFUNC function execution. The result of the operations have been set 
      to a missing value.
NOTE: File WORK._MONTHLY.DATA is damaged.
ERROR: The open failed because library member WORK._MONTHLY.DATA is damaged.

WARNING: The variable CurrentActualUpb in the DROP, KEEP, or RENAME list has never been referenced.
WARNING: The variable OriginalCombinedLoanToValueRatio in the DROP, KEEP, or RENAME list has never been referenced.
WARNING: The variable DebtToIncome in the DROP, KEEP, or RENAME list has never been referenced.
WARNING: The variable OriginalInterestRate in the DROP, KEEP, or RENAME list has never been referenced.
WARNING: The variable NumberOfBorrowers in the DROP, KEEP, or RENAME list has never been referenced.
WARNING: The variable NumberOfUnits in the DROP, KEEP, or RENAME list has never been referenced.
WARNING: The variable OriginalLoanTerm in the DROP, KEEP, or RENAME list has never been referenced.
WARNING: The variable MortgageInsurancePercentage in the DROP, KEEP, or RENAME list has never been referenced.
WARNING: The variable FirstTimeHomeBuyerIndicator in the DROP, KEEP, or RENAME list has never been referenced.
WARNING: The variable MetropolitanStatisticalAreaOrMet in the DROP, KEEP, or RENAME list has never been referenced.
NOTE: The SAS System stopped processing this step because of errors.
WARNING: The data set FNMAE.LOAN2004Q2 may be incomplete.  When this step was stopped there were 0 observations and 21 variables.
WARNING: Data set FNMAE.LOAN2004Q2 was not replaced because this step was stopped.
NOTE: DATA statement used (Total process time):
      real time           0.01 seconds
      user cpu time       0.00 seconds
      system cpu time     0.00 seconds
      memory              1782.12k
      OS Memory           24492.00k
2                                                          The SAS System                       Tuesday, August  4, 2026 04:16:58 PM

      Timestamp           08/04/2026 11:16:58 PM
      Step Count                        127  Switch Count  0
      Page Faults                       0
      Page Reclaims                     313
      Page Swaps                        0
      Voluntary Context Switches        33
      Involuntary Context Switches      0
      Block Input Operations            0
      Block Output Operations           528
      

NOTE: PROCEDURE SQL used (Total process time):
      real time           0.00 seconds
      user cpu time       0.00 seconds
      system cpu time     0.00 seconds
      memory              5608.59k
      OS Memory           28592.00k
      Timestamp           08/04/2026 11:16:58 PM
      Step Count                        128  Switch Count  0
      Page Faults                       0
      Page Reclaims                     52
      Page Swaps                        0
      Voluntary Context Switches        5
      Involuntary Context Switches      0
      Block Input Operations            0
      Block Output Operations           0
      

NOTE: PROCEDURE SQL used (Total process time):
      real time           0.00 seconds
      user cpu time       0.00 seconds
      system cpu time     0.00 seconds
      memory              5604.81k
      OS Memory           28592.00k
      Timestamp           08/04/2026 11:16:58 PM
      Step Count                        129  Switch Count  0
      Page Faults                       0
      Page Reclaims                     52
      Page Swaps                        0
      Voluntary Context Switches        5
      Involuntary Context Switches      0
      Block Input Operations            0
      Block Output Operations           0
      


ERROR: An I/O error has occurred on file WORK.'SASTMP-000000078'.UTILITY.
ERROR: UNIX errno = 122.
NOTE: PROCEDURE APPEND used (Total process time):
      real time           0.00 seconds
      user cpu time       0.00 seconds
      system cpu time     0.00 seconds
      memory              2532.71k
      OS Memory           25008.00k
      Timestamp           08/04/2026 11:16:58 PM
      Step Count                        130  Switch Count  0
      Page Faults                       0
      Page Reclaims                     345
3                                                          The SAS System                       Tuesday, August  4, 2026 04:16:58 PM

      Page Swaps                        0
      Voluntary Context Switches        9
      Involuntary Context Switches      0
      Block Input Operations            0
      Block Output Operations           8
      


ERROR: An I/O error has occurred on file WORK._LOGROW.DATA.
ERROR: UNIX errno = 122.
NOTE: The SAS System stopped processing this step because of errors.
WARNING: The data set WORK._LOGROW was only partially opened and will not be saved.
NOTE: DATA statement used (Total process time):
      real time           0.00 seconds
      user cpu time       0.00 seconds
      system cpu time     0.00 seconds
      memory              340.68k
      OS Memory           23208.00k
      Timestamp           08/04/2026 11:16:58 PM
      Step Count                        131  Switch Count  0
      Page Faults                       0
      Page Reclaims                     23
      Page Swaps                        0
      Voluntary Context Switches        0
      Involuntary Context Switches      0
      Block Input Operations            0
      Block Output Operations           0
      

ERROR: File WORK._LOGROW.DATA does not exist.

ERROR: An I/O error has occurred on file WORK.'SASTMP-000000079'.UTILITY.
ERROR: UNIX errno = 122.
NOTE: PROCEDURE APPEND used (Total process time):
      real time           0.00 seconds
      user cpu time       0.01 seconds
      system cpu time     0.00 seconds
      memory              473.43k
      OS Memory           23468.00k
      Timestamp           08/04/2026 11:16:58 PM
      Step Count                        132  Switch Count  0
      Page Faults                       0
      Page Reclaims                     49
      Page Swaps                        0
      Voluntary Context Switches        7
      Involuntary Context Switches      0
      Block Input Operations            0
      Block Output Operations           16
      


NOTE: There were 33 observations read from the data set FNMAE.RUNLOG.
NOTE: The data set FNMAE.RUNLOG has 33 observations and 8 variables.
NOTE: Compressing data set FNMAE.RUNLOG increased size by 100.00 percent. 
      Compressed is 2 pages; un-compressed would require 1 pages.
NOTE: PROCEDURE SORT used (Total process time):
      real time           0.01 seconds
      user cpu time       0.00 seconds
4                                                          The SAS System                       Tuesday, August  4, 2026 04:16:58 PM

      system cpu time     0.00 seconds
      memory              924.65k
      OS Memory           23728.00k
      Timestamp           08/04/2026 11:16:58 PM
      Step Count                        133  Switch Count  2
      Page Faults                       0
      Page Reclaims                     113
      Page Swaps                        0
      Voluntary Context Switches        51
      Involuntary Context Switches      0
      Block Input Operations            0
      Block Output Operations           520
      


NOTE: There were 33 observations read from the data set FNMAE.RUNLOG.
NOTE: The data set FNMAE.RUNLOG has 33 observations and 8 variables.
NOTE: Compressing data set FNMAE.RUNLOG increased size by 100.00 percent. 
      Compressed is 2 pages; un-compressed would require 1 pages.
NOTE: DATA statement used (Total process time):
      real time           0.02 seconds
      user cpu time       0.00 seconds
      system cpu time     0.00 seconds
      memory              1059.18k
      OS Memory           23728.00k
      Timestamp           08/04/2026 11:16:58 PM
      Step Count                        134  Switch Count  2
      Page Faults                       0
      Page Reclaims                     120
      Page Swaps                        0
      Voluntary Context Switches        53
      Involuntary Context Switches      0
      Block Input Operations            0
      Block Output Operations           520
      

NOTE: PROCEDURE SQL used (Total process time):
      real time           0.00 seconds
      user cpu time       0.00 seconds
      system cpu time     0.00 seconds
      memory              5605.59k
      OS Memory           28592.00k
      Timestamp           08/04/2026 11:16:59 PM
      Step Count                        135  Switch Count  0
      Page Faults                       0
      Page Reclaims                     52
      Page Swaps                        0
      Voluntary Context Switches        11
      Involuntary Context Switches      0
      Block Input Operations            0
      Block Output Operations           0
      


ERROR: An I/O error has occurred on file WORK.'SASTMP-000000082'.UTILITY.
ERROR: UNIX errno = 122.
NOTE: PROCEDURE DATASETS used (Total process time):
      real time           0.00 seconds
5                                                          The SAS System                       Tuesday, August  4, 2026 04:16:59 PM

      user cpu time       0.00 seconds
      system cpu time     0.01 seconds
      memory              87.28k
      OS Memory           23208.00k
      Timestamp           08/04/2026 11:16:59 PM
      Step Count                        136  Switch Count  0
      Page Faults                       0
      Page Reclaims                     15
      Page Swaps                        0
      Voluntary Context Switches        5
      Involuntary Context Switches      0
      Block Input Operations            0
      Block Output Operations           0
      


ERROR: An I/O error has occurred on file WORK.'SASTMP-000000083'.UTILITY.
ERROR: UNIX errno = 122.
NOTE: PROCEDURE DATASETS used (Total process time):
      real time           0.00 seconds
      user cpu time       0.00 seconds
      system cpu time     0.00 seconds
      memory              87.28k
      OS Memory           23208.00k
      Timestamp           08/04/2026 11:16:59 PM
      Step Count                        137  Switch Count  0
      Page Faults                       0
      Page Reclaims                     15
      Page Swaps                        0
      Voluntary Context Switches        0
      Involuntary Context Switches      0
      Block Input Operations            0
      Block Output Operations           0
      

NOTE: 2004Q2 complete - records read                .          - loans                0          - Defaults                .        
  - Elapsed   0:00:00.05          - CUMULATIVE RECORDS      804,010,000
ERROR: 2004Q2.csv.gz was not processed cleanly - source file kept in RAW
70         
71         
72         OPTIONS NONOTES NOSTIMER NOSOURCE NOSYNTAXCHECK;
82         
6                                                          The SAS System                       Tuesday, August  4, 2026 04:21:39 PM


1                                                          The SAS System                       Tuesday, August  4, 2026 04:21:39 PM

1          OPTIONS NONOTES NOSTIMER NOSOURCE NOSYNTAXCHECK;
ERROR: Error opening file.  File =/saswork/SAS_work450F0001FD6D_odaws01-usw2.oda.sas.com/#LN00104.  System Error Code = 122.
ERROR: Invalid open mode.
ERROR: No body file. HTML5(WEB) output will not be created.
68         
69         PROC DATASETS LIBRARY=WORK KILL NOLIST;
NOTE: Deleting WORK.REGSTRY (memtype=ITEMSTOR).
NOTE: File WORK.REGSTRY (memtype=ITEMSTOR) cannot be deleted because it is in use.
NOTE: Deleting WORK.SASGOPT (memtype=CATALOG).
NOTE: File WORK.SASGOPT (memtype=CATALOG) cannot be deleted because it is in use.
NOTE: Deleting WORK.SASMAC1 (memtype=CATALOG).
NOTE: File WORK.SASMAC1 (memtype=CATALOG) cannot be deleted because it is in use.
NOTE: Deleting WORK.SASMAC2 (memtype=CATALOG).
NOTE: Deleting WORK.SASMAC3 (memtype=CATALOG).
NOTE: Deleting WORK.SASMAC4 (memtype=CATALOG).
NOTE: Deleting WORK.SASMAC5 (memtype=CATALOG).
NOTE: Deleting WORK.SASMAC6 (memtype=CATALOG).
NOTE: Deleting WORK.SASMAC7 (memtype=CATALOG).
NOTE: Deleting WORK.SASMAC8 (memtype=CATALOG).
NOTE: Deleting WORK.SASMAC9 (memtype=CATALOG).
NOTE: Deleting WORK.SASMACR (memtype=CATALOG).
NOTE: Deleting WORK._MONTHLY (memtype=DATA).
70         QUIT;

NOTE: PROCEDURE DATASETS used (Total process time):
      real time           0.78 seconds
      user cpu time       0.00 seconds
      system cpu time     0.77 seconds
      memory              351.21k
      OS Memory           23468.00k
      Timestamp           08/04/2026 11:21:40 PM
      Step Count                        143  Switch Count  20
      Page Faults                       0
      Page Reclaims                     49
      Page Swaps                        0
      Voluntary Context Switches        90
      Involuntary Context Switches      145
      Block Input Operations            0
      Block Output Operations           8
      

71         
72         OPTIONS NONOTES NOSTIMER NOSOURCE NOSYNTAXCHECK;
82         
2                                                          The SAS System                       Tuesday, August  4, 2026 04:24:32 PM


1                                                          The SAS System                       Tuesday, August  4, 2026 04:24:32 PM

1          OPTIONS NONOTES NOSTIMER NOSOURCE NOSYNTAXCHECK;
68         
69         /**************************************************************************************************/
70         /*                                                                                                */
71         /*   Project : Credit Risk Scorecard - Fannie Mae Single-Family Loan Performance Data             */
72         /*   Program : CreditRiskScorecard_BuildLoanMaster.sas                                            */
73         /*   Author  : Anne M. Prihoda                                                                    */
74         /*                                                                                                */
75         /*   Purpose : Build the loan-level base for the scorecard. Process one Fannie Mae Single-        */
76         /*             Family Loan Performance file end to end:                                           */
77         /*             read the gzipped source, collapse to one row per loan, replace any prior load      */
78         /*             of the same file, append to the master analytical table, record the run in         */
79         /*             acquisition-quarter order, and release working storage.                            */
80         /*                                                                                                */
81         /*   Data    : Pipe-delimited, 113 fields, no header row. Field 1 (Reference Pool ID) is not      */
82         /*             populated, so every record begins with a delimiter. Source files are gzipped       */
83         /*             locally and read directly through the FILENAME zip engine - the uncompressed       */
84         /*             data never occupies server storage.                                                */
85         /*                                                                                                */
86         /*   Output  : FNMAE.LoanMaster - one row per loan, accumulates across all files                  */
87         /*             FNMAE.RunLog     - one row per file processed, with running record count           */
88         /*                                                                                                */
89         /*   Default : Fannie Mae definition - Zero Balance Code in (02, 03, 09, 15) AND a non-null       */
90         /*             Disposition Date. Code 06 is a repurchase, not a default.                          */
91         /*                                                                                                */
92         /**************************************************************************************************/
93         
94         %LET root = /home/bvsierrap0;
95         
96         LIBNAME RAW   "&root/RAW"   COMPRESS=YES;
NOTE: Libref RAW was successfully assigned as follows: 
      Engine:        V9 
      Physical Name: /home/bvsierrap0/RAW
97         LIBNAME FNMAE "&root/FNMAE" COMPRESS=YES;
NOTE: Libref FNMAE was successfully assigned as follows: 
      Engine:        V9 
      Physical Name: /home/bvsierrap0/FNMAE
98         
99         
100        /**************************************************************************************************/
101        /*                                                                                                */
102        /*   RunLog - created once, appended to thereafter                                                */
103        /*                                                                                                */
104        /**************************************************************************************************/
105        
106        %MACRO CreateRunLog;
107            %IF NOT %SYSFUNC(EXIST(FNMAE.RunLog)) %THEN %DO;
108                DATA FNMAE.RunLog;
109                    ATTRIB
110                        RunSeq       LENGTH=8    LABEL="Sequence"              FORMAT=COMMA8.
111                        Quarter      LENGTH=$6   LABEL="Acquisition quarter"
112                        SourceFile   LENGTH=$40  LABEL="Source file"
113                        RawRows      LENGTH=8    LABEL="Monthly records read"  FORMAT=COMMA16.
114                        LoanRows     LENGTH=8    LABEL="Loans after collapse"  FORMAT=COMMA16.
115                        Defaults     LENGTH=8    LABEL="Defaults identified"   FORMAT=COMMA16.
116                        ProcessTime  LENGTH=8    LABEL="Processing time"       FORMAT=TIME12.2
117                        CumRawRows   LENGTH=8    LABEL="Cumulative records"    FORMAT=COMMA16.
118                    ;
2                                                          The SAS System                       Tuesday, August  4, 2026 04:24:32 PM

119                    STOP;
120                RUN;
121                %PUT NOTE: FNMAE.RunLog created.;
122            %END;
123        %MEND CreateRunLog;
124        
125        
126        /**************************************************************************************************/
127        /*                                                                                                */
128        /*   ImportQuarterlyFile - the entire per-file routine                                            */
129        /*                                                                                                */
130        /**************************************************************************************************/
131        
132        %MACRO ImportQuarterlyFile(File=, SrcDir=&root/RAW);
133        
134            %LOCAL YearQtr AcqQtr Dsid Rc T0 T1 Elapsed RawRows LoanRows Defaults Cum PriorRuns HasSrc HasPt HasFico;
135        
136            %LET YearQtr = %SCAN(&File, 1, .);
137            %LET AcqQtr  = %SUBSTR(&YearQtr, 1, 6);
138            %LET T0  = %SYSFUNC(DATETIME());
139        
140            /**********************************************************/
141            %PUT NOTE: Processing data for the yearly quarter: &YearQtr;
142            /**********************************************************/
143        
144            /**********************************************************************************************/
145            /**** Step 0: Rebuild the master tables once if their layout predates this program ************/
146            /**********************************************************************************************/
147            %LET HasSrc  = 1;
148            %LET HasPt   = 1;
149            %LET HasFico = 1;
150        
151            %IF %SYSFUNC(EXIST(FNMAE.LoanMaster)) %THEN %DO;
152                %LET Dsid    = %SYSFUNC(OPEN(FNMAE.LoanMaster));
153                %LET HasSrc  = %SYSFUNC(VARNUM(&Dsid, SourceFile));
154                %LET HasFico = %SYSFUNC(VARNUM(&Dsid, FICO));
155                %LET Rc      = %SYSFUNC(CLOSE(&Dsid));
156            %END;
157        
158            %IF %SYSFUNC(EXIST(FNMAE.RunLog)) %THEN %DO;
159                %LET Dsid  = %SYSFUNC(OPEN(FNMAE.RunLog));
160                %LET HasPt = %SYSFUNC(VARNUM(&Dsid, ProcessTime));
161                %LET Rc    = %SYSFUNC(CLOSE(&Dsid));
162            %END;
163        
164            %IF &HasSrc = 0 OR &HasPt = 0 OR &HasFico = 0 %THEN %DO;
165        
166                /***************************************************************/
167                %PUT NOTE: Master tables predate the current layout - rebuilding;
168                /***************************************************************/
169        
170                PROC DATASETS LIBRARY=FNMAE NOLIST;
171                    DELETE LoanMaster RunLog;
172                QUIT;
173        
174                %CreateRunLog;
175            %END;
176        
3                                                          The SAS System                       Tuesday, August  4, 2026 04:24:32 PM

177            /**********************************************************************************************/
178            /**** Step 1: Read the gzipped source, keeping only the modelling fields **********************/
179            /**********************************************************************************************/
180            FILENAME src ZIP "&SrcDir./&File" GZIP;
181        
182            DATA WORK._Monthly
183                 (COMPRESS=YES
184                  KEEP = LoanIdentifier MonthlyReportingPeriod Channel SellerName
185                        OriginalInterestRate OriginalUpb OriginalLoanTerm
186                        OriginationDate FirstPaymentDate
187                        OriginalLoanToValueRatio OriginalCombinedLoanToValueRatio
188                        NumberOfBorrowers DebtToIncome
189                        BorrowerCreditScoreAtOrigination CoBorrowerCreditScoreAtOriginati
190                        FirstTimeHomeBuyerIndicator LoanPurpose PropertyType
191                        NumberOfUnits OccupancyStatus PropertyState
192                        MetropolitanStatisticalAreaOrMet ZipCodeShort
193                        MortgageInsurancePercentage MortgageInsuranceType
194                        HighBalanceLoanIndicator PropertyValuationMethod
195                        RelocationMortgageIndicator SpecialEligibilityProgram
196                        CurrentLoanDelinquencyStatus ModificationFlag
197                        ZeroBalanceCode ZeroBalanceEffectiveDate
198                        DispositionDate UpbAtTheTimeOfRemoval CurrentActualUpb);
199                INFILE src DLM='|' DSD MISSOVER LRECL=32767;
200        
201                ATTRIB
202            ReferencePoolId                   LENGTH=$4     INFORMAT=$4.        FORMAT=$4.    /* not populated */
203            LoanIdentifier                    LENGTH=$12    INFORMAT=$12.       FORMAT=$12.
204            MonthlyReportingPeriod            LENGTH=8      INFORMAT=BEST12.    FORMAT=MMYYS7.
205            Channel                           LENGTH=$1     INFORMAT=$1.        FORMAT=$1.
206            SellerName                        LENGTH=$50    INFORMAT=$50.       FORMAT=$50.
207            ServicerName                      LENGTH=$50    INFORMAT=$50.       FORMAT=$50.
208            MasterServicer                    LENGTH=$10    INFORMAT=$10.       FORMAT=$10.   /* not populated */
209            OriginalInterestRate              LENGTH=8      INFORMAT=BEST12.    FORMAT=12.3
210            CurrentInterestRate               LENGTH=8      INFORMAT=BEST12.    FORMAT=12.3
211            OriginalUpb                       LENGTH=8      INFORMAT=BEST12.    FORMAT=14.2
212            UpbAtIssuance                     LENGTH=8      INFORMAT=BEST12.    FORMAT=14.2   /* not populated */
213            CurrentActualUpb                  LENGTH=8      INFORMAT=BEST12.    FORMAT=14.2
214            OriginalLoanTerm                  LENGTH=8      INFORMAT=BEST12.    FORMAT=BEST12.
215            OriginationDate                   LENGTH=8      INFORMAT=BEST12.    FORMAT=MMYYS7.
216            FirstPaymentDate                  LENGTH=8      INFORMAT=BEST12.    FORMAT=MMYYS7.
217            LoanAge                           LENGTH=8      INFORMAT=BEST12.    FORMAT=BEST12.
218            RemainingMonthsToLegalMaturity    LENGTH=8      INFORMAT=BEST12.    FORMAT=BEST12.
219            RemainingMonthsToMaturity         LENGTH=8      INFORMAT=BEST12.    FORMAT=BEST12.
220            MaturityDate                      LENGTH=8      INFORMAT=BEST12.    FORMAT=MMYYS7.
221            OriginalLoanToValueRatio          LENGTH=8      INFORMAT=BEST12.    FORMAT=BEST12.
222            OriginalCombinedLoanToValueRatio  LENGTH=8      INFORMAT=BEST12.    FORMAT=BEST12.
223            NumberOfBorrowers                 LENGTH=8      INFORMAT=BEST12.    FORMAT=BEST12.
224            DebtToIncome                      LENGTH=8      INFORMAT=BEST12.    FORMAT=BEST12.
225            BorrowerCreditScoreAtOrigination  LENGTH=8      INFORMAT=BEST12.    FORMAT=BEST12.
226            CoBorrowerCreditScoreAtOriginati  LENGTH=8      INFORMAT=BEST12.    FORMAT=BEST12.
227            FirstTimeHomeBuyerIndicator       LENGTH=$1     INFORMAT=$1.        FORMAT=$1.
228            LoanPurpose                       LENGTH=$1     INFORMAT=$1.        FORMAT=$1.
229            PropertyType                      LENGTH=$2     INFORMAT=$2.        FORMAT=$2.
230            NumberOfUnits                     LENGTH=8      INFORMAT=BEST12.    FORMAT=BEST12.
231            OccupancyStatus                   LENGTH=$1     INFORMAT=$1.        FORMAT=$1.
232            PropertyState                     LENGTH=$2     INFORMAT=$2.        FORMAT=$2.
233            MetropolitanStatisticalAreaOrMet  LENGTH=$5     INFORMAT=$5.        FORMAT=$5.
234            ZipCodeShort                      LENGTH=$3     INFORMAT=$3.        FORMAT=$3.
4                                                          The SAS System                       Tuesday, August  4, 2026 04:24:32 PM

235            MortgageInsurancePercentage       LENGTH=8      INFORMAT=BEST12.    FORMAT=14.2
236            AmortizationType                  LENGTH=$3     INFORMAT=$3.        FORMAT=$3.
237            PrepaymentPenaltyIndicator        LENGTH=$1     INFORMAT=$1.        FORMAT=$1.
238            InterestOnlyLoanIndicator         LENGTH=$1     INFORMAT=$1.        FORMAT=$1.
239            InterestOnlyFirstPrincipalAndInt  LENGTH=8      INFORMAT=BEST12.    FORMAT=MMYYS7.
240            MonthsToAmortization              LENGTH=8      INFORMAT=BEST12.    FORMAT=BEST12.
241            CurrentLoanDelinquencyStatus      LENGTH=$2     INFORMAT=$2.        FORMAT=$2.
242            LoanPaymentHistory                LENGTH=$48    INFORMAT=$48.       FORMAT=$48.
243            ModificationFlag                  LENGTH=$1     INFORMAT=$1.        FORMAT=$1.
244            MortgageInsuranceCancellationInd  LENGTH=$2     INFORMAT=$2.        FORMAT=$2.    /* not populated */
245            ZeroBalanceCode                   LENGTH=$3     INFORMAT=$3.        FORMAT=$3.
246            ZeroBalanceEffectiveDate          LENGTH=8      INFORMAT=BEST12.    FORMAT=MMYYS7.
247            UpbAtTheTimeOfRemoval             LENGTH=8      INFORMAT=BEST12.    FORMAT=14.2
248            RepurchaseDate                    LENGTH=8      INFORMAT=BEST12.    FORMAT=MMYYS7./* not populated */
249            ScheduledPrincipalCurrent         LENGTH=8      INFORMAT=BEST12.    FORMAT=14.2   /* not populated */
250            TotalPrincipalCurrent             LENGTH=8      INFORMAT=BEST12.    FORMAT=14.2
251            UnscheduledPrincipalCurrent       LENGTH=8      INFORMAT=BEST12.    FORMAT=14.2   /* not populated */
252            LastPaidInstallmentDate           LENGTH=8      INFORMAT=BEST12.    FORMAT=MMYYS7.
253            ForeclosureDate                   LENGTH=8      INFORMAT=BEST12.    FORMAT=MMYYS7.
254            DispositionDate                   LENGTH=8      INFORMAT=BEST12.    FORMAT=MMYYS7.
255            ForeclosureCosts                  LENGTH=8      INFORMAT=BEST12.    FORMAT=14.2
256            PropertyPreservationAndRepairCos  LENGTH=8      INFORMAT=BEST12.    FORMAT=14.2
257            AssetRecoveryCosts                LENGTH=8      INFORMAT=BEST12.    FORMAT=14.2
258            MiscellaneousHoldingExpensesAndC  LENGTH=8      INFORMAT=BEST12.    FORMAT=14.2
259            AssociatedTaxesForHoldingPropert  LENGTH=8      INFORMAT=BEST12.    FORMAT=14.2
260            NetSalesProceeds                  LENGTH=8      INFORMAT=BEST12.    FORMAT=14.2
261            CreditEnhancementProceeds         LENGTH=8      INFORMAT=BEST12.    FORMAT=14.2
262            RepurchaseMakeWholeProceeds       LENGTH=8      INFORMAT=BEST12.    FORMAT=14.2
263            OtherForeclosureProceeds          LENGTH=8      INFORMAT=BEST12.    FORMAT=14.2
264            ModificationRelatedNonInterestBe  LENGTH=8      INFORMAT=BEST12.    FORMAT=14.2
265            PrincipalForgivenessAmount        LENGTH=8      INFORMAT=BEST12.    FORMAT=14.2
266            OriginalListStartDate             LENGTH=8      INFORMAT=BEST12.    FORMAT=MMYYS7./* not populated */
267            OriginalListPrice                 LENGTH=8      INFORMAT=BEST12.    FORMAT=14.2   /* not populated */
268            CurrentListStartDate              LENGTH=8      INFORMAT=BEST12.    FORMAT=MMYYS7./* not populated */
269            CurrentListPrice                  LENGTH=8      INFORMAT=BEST12.    FORMAT=14.2   /* not populated */
270            BorrowerCreditScoreAtIssuance     LENGTH=8      INFORMAT=BEST12.    FORMAT=BEST12./* not populated */
271            CoBorrowerCreditScoreAtIssuance   LENGTH=8      INFORMAT=BEST12.    FORMAT=BEST12./* not populated */
272            BorrowerCreditScoreCurrent        LENGTH=8      INFORMAT=BEST12.    FORMAT=BEST12./* not populated */
273            CoBorrowerCreditScoreCurrent      LENGTH=8      INFORMAT=BEST12.    FORMAT=BEST12./* not populated */
274            MortgageInsuranceType             LENGTH=$1     INFORMAT=$1.        FORMAT=$1.
275            ServicingActivityIndicator        LENGTH=$1     INFORMAT=$1.        FORMAT=$1.
276            CurrentPeriodModificationLossAmo  LENGTH=8      INFORMAT=BEST12.    FORMAT=14.2   /* not populated */
277            CumulativeModificationLossAmount  LENGTH=8      INFORMAT=BEST12.    FORMAT=14.2   /* not populated */
278            CurrentPeriodCreditEventNetGainO  LENGTH=8      INFORMAT=BEST12.    FORMAT=14.2   /* not populated */
279            CumulativeCreditEventNetGainOrLo  LENGTH=8      INFORMAT=BEST12.    FORMAT=14.2   /* not populated */
280            SpecialEligibilityProgram         LENGTH=$1     INFORMAT=$1.        FORMAT=$1.
281            ForeclosurePrincipalWriteOffAmou  LENGTH=8      INFORMAT=BEST12.    FORMAT=14.2
282            RelocationMortgageIndicator       LENGTH=$1     INFORMAT=$1.        FORMAT=$1.
283            ZeroBalanceCodeChangeDate         LENGTH=8      INFORMAT=BEST12.    FORMAT=MMYYS7./* not populated */
284            LoanHoldbackIndicator             LENGTH=$1     INFORMAT=$1.        FORMAT=$1.    /* not populated */
285            LoanHoldbackEffectiveDate         LENGTH=8      INFORMAT=BEST12.    FORMAT=MMYYS7./* not populated */
286            DelinquentAccruedInterest         LENGTH=8      INFORMAT=BEST12.    FORMAT=14.2   /* not populated */
287            PropertyValuationMethod           LENGTH=$1     INFORMAT=$1.        FORMAT=$1.
288            HighBalanceLoanIndicator          LENGTH=$1     INFORMAT=$1.        FORMAT=$1.
289            ArmInitialFixedRatePeriod5YrIndi  LENGTH=$1     INFORMAT=$1.        FORMAT=$1.    /* not populated */
290            ArmProductType                    LENGTH=$100   INFORMAT=$100.      FORMAT=$100.  /* not populated */
291            InitialFixedRatePeriod            LENGTH=8      INFORMAT=BEST12.    FORMAT=BEST12./* not populated */
292            InterestRateAdjustmentFrequency   LENGTH=8      INFORMAT=BEST12.    FORMAT=BEST12./* not populated */
5                                                          The SAS System                       Tuesday, August  4, 2026 04:24:32 PM

293            NextInterestRateAdjustmentDate    LENGTH=8      INFORMAT=BEST12.    FORMAT=MMYYS7./* not populated */
294            NextPaymentChangeDate             LENGTH=8      INFORMAT=BEST12.    FORMAT=MMYYS7./* not populated */
295            Index                             LENGTH=$100   INFORMAT=$100.      FORMAT=$100.  /* not populated */
296            ArmCapStructure                   LENGTH=$10    INFORMAT=$10.       FORMAT=$10.   /* not populated */
297            InitialInterestRateCapUpPercent   LENGTH=8      INFORMAT=BEST12.    FORMAT=12.4   /* not populated */
298            PeriodicInterestRateCapUpPercent  LENGTH=8      INFORMAT=BEST12.    FORMAT=12.4   /* not populated */
299            LifetimeInterestRateCapUpPercent  LENGTH=8      INFORMAT=BEST12.    FORMAT=12.4   /* not populated */
300            MortgageMargin                    LENGTH=8      INFORMAT=BEST12.    FORMAT=12.4   /* not populated */
301            ArmBalloonIndicator               LENGTH=$1     INFORMAT=$1.        FORMAT=$1.    /* not populated */
302            ArmPlanNumber                     LENGTH=8      INFORMAT=BEST12.    FORMAT=BEST12./* not populated */
303            BorrowerAssistancePlan            LENGTH=$1     INFORMAT=$1.        FORMAT=$1.
304            HighLoanToValueRefinanceOptionIn  LENGTH=$1     INFORMAT=$1.        FORMAT=$1.
305            DealName                          LENGTH=$200   INFORMAT=$200.      FORMAT=$200.  /* not populated */
306            RepurchaseMakeWholeProceedsFlag   LENGTH=$1     INFORMAT=$1.        FORMAT=$1.
307            AlternativeDelinquencyResolution  LENGTH=$1     INFORMAT=$1.        FORMAT=$1.
308            AlternativeDelinquencyResoluti2   LENGTH=8      INFORMAT=BEST12.    FORMAT=BEST12.
309            TotalDeferralAmount               LENGTH=8      INFORMAT=BEST12.    FORMAT=14.2
310            PaymentDeferralModificationEvent  LENGTH=$1     INFORMAT=$1.        FORMAT=$1.
311            InterestBearingUpb                LENGTH=8      INFORMAT=BEST12.    FORMAT=14.2   /* not populated */
312            OriginationClassicFico            LENGTH=8      INFORMAT=BEST12.    FORMAT=BEST12.
313            IssuanceClassicFico               LENGTH=8      INFORMAT=BEST12.    FORMAT=BEST12./* not populated */
314            CurrentClassicFico                LENGTH=8      INFORMAT=BEST12.    FORMAT=BEST12./* not populated */
315                ;
316        
317                INPUT
318            ReferencePoolId LoanIdentifier MonthlyReportingPeriod Channel SellerName
319            ServicerName MasterServicer OriginalInterestRate CurrentInterestRate OriginalUpb
320            UpbAtIssuance CurrentActualUpb OriginalLoanTerm OriginationDate FirstPaymentDate
321            LoanAge RemainingMonthsToLegalMaturity RemainingMonthsToMaturity MaturityDate
322            OriginalLoanToValueRatio OriginalCombinedLoanToValueRatio NumberOfBorrowers
323            DebtToIncome BorrowerCreditScoreAtOrigination CoBorrowerCreditScoreAtOriginati
324            FirstTimeHomeBuyerIndicator LoanPurpose PropertyType NumberOfUnits OccupancyStatus
325            PropertyState MetropolitanStatisticalAreaOrMet ZipCodeShort MortgageInsurancePercentage
326            AmortizationType PrepaymentPenaltyIndicator InterestOnlyLoanIndicator
327            InterestOnlyFirstPrincipalAndInt MonthsToAmortization CurrentLoanDelinquencyStatus
328            LoanPaymentHistory ModificationFlag MortgageInsuranceCancellationInd ZeroBalanceCode
329            ZeroBalanceEffectiveDate UpbAtTheTimeOfRemoval RepurchaseDate
330            ScheduledPrincipalCurrent TotalPrincipalCurrent UnscheduledPrincipalCurrent
331            LastPaidInstallmentDate ForeclosureDate DispositionDate ForeclosureCosts
332            PropertyPreservationAndRepairCos AssetRecoveryCosts MiscellaneousHoldingExpensesAndC
333            AssociatedTaxesForHoldingPropert NetSalesProceeds CreditEnhancementProceeds
334            RepurchaseMakeWholeProceeds OtherForeclosureProceeds ModificationRelatedNonInterestBe
335            PrincipalForgivenessAmount OriginalListStartDate OriginalListPrice
336            CurrentListStartDate CurrentListPrice BorrowerCreditScoreAtIssuance
337            CoBorrowerCreditScoreAtIssuance BorrowerCreditScoreCurrent CoBorrowerCreditScoreCurrent
338            MortgageInsuranceType ServicingActivityIndicator CurrentPeriodModificationLossAmo
339            CumulativeModificationLossAmount CurrentPeriodCreditEventNetGainO CumulativeCreditEventNetGainOrLo
340            SpecialEligibilityProgram ForeclosurePrincipalWriteOffAmou RelocationMortgageIndicator
341            ZeroBalanceCodeChangeDate LoanHoldbackIndicator LoanHoldbackEffectiveDate
342            DelinquentAccruedInterest PropertyValuationMethod HighBalanceLoanIndicator
343            ArmInitialFixedRatePeriod5YrIndi ArmProductType InitialFixedRatePeriod
344            InterestRateAdjustmentFrequency NextInterestRateAdjustmentDate NextPaymentChangeDate
345            Index ArmCapStructure InitialInterestRateCapUpPercent PeriodicInterestRateCapUpPercent
346            LifetimeInterestRateCapUpPercent MortgageMargin ArmBalloonIndicator ArmPlanNumber
347            BorrowerAssistancePlan HighLoanToValueRefinanceOptionIn DealName
348            RepurchaseMakeWholeProceedsFlag AlternativeDelinquencyResolution AlternativeDelinquencyResoluti2
349            TotalDeferralAmount PaymentDeferralModificationEvent InterestBearingUpb
350            OriginationClassicFico IssuanceClassicFico CurrentClassicFico
6                                                          The SAS System                       Tuesday, August  4, 2026 04:24:32 PM

351                ;
352        
353                /*  Dates arrive as MMYYYY digits (122025 = December 2025). Convert to                    */
354                /*  SAS date values so that MMYYS7. displays correctly and INTCK / INTNX                  */
355                /*  and numeric sorting all operate on true dates.                                        */
356                ARRAY _dt {*}  MonthlyReportingPeriod OriginationDate FirstPaymentDate
357                               MaturityDate InterestOnlyFirstPrincipalAndInt
358                               ZeroBalanceEffectiveDate RepurchaseDate
359                               LastPaidInstallmentDate ForeclosureDate DispositionDate
360                               OriginalListStartDate CurrentListStartDate
361                               ZeroBalanceCodeChangeDate LoanHoldbackEffectiveDate
362                               NextInterestRateAdjustmentDate NextPaymentChangeDate;
363        
364                DO _i = 1 to DIM(_dt);
365                    IF _dt{_i} > 9999 THEN
366                        _dt{_i} = mdy(int(_dt{_i}/10000), 1, mod(_dt{_i}, 10000));
367                    ELSE _dt{_i} = .;
368                END;
369        
370                DROP _i;
371                /**** Verify the source arrives sorted by loan - the collapse depends on it ***************/
372                LENGTH PrevLoanId $12;
373                RETAIN PrevLoanId;
374        
375                IF LoanIdentifier < PrevLoanId THEN DO;
376                    PUT "ERROR: Loan identifier out of sequence at record " _N_ COMMA16.;
377                    PUT "ERROR:   previous = " PrevLoanId "  current = " LoanIdentifier;
378                    ABORT CANCEL;
379                END;
380        
381                PrevLoanId = LoanIdentifier;
382                DROP PrevLoanId;
383            RUN;
384        
385            FILENAME src CLEAR;
386        
387            %LET Dsid     = %SYSFUNC(OPEN(WORK._Monthly));
388            %LET RawRows = %SYSFUNC(ATTRN(&Dsid, NLOBS));
389            %LET Rc       = %SYSFUNC(CLOSE(&Dsid));
390        
391            /**********************************************************************************************/
392            /**** Step 2: Collapse to one row per loan - no sort, groups are contiguous *******************/
393            /**********************************************************************************************/
394            DATA FNMAE.Loan&YearQtr;
395                SET WORK._Monthly;
396                BY LoanIdentifier NOTSORTED;
397        
398                RETAIN MaxDlq MonthsObserved EverD180 FirstD180Date
399                       EverModified LastZbCode LastZbDate LastDispDate
400                       UpbAtRemoval;
401        
402                ATTRIB
403                    FICO              LENGTH=8   LABEL="Borrower minimum credit score (FICO)" FORMAT=BEST12.
404                    OrigHomeValue    LENGTH=8   LABEL="Original home value"                FORMAT=14.2
405                    MaxDlq            LENGTH=8   LABEL="Maximum delinquency months"         FORMAT=BEST12.
406                    MonthsObserved    LENGTH=8   LABEL="Monthly records observed"           FORMAT=BEST12.
407                    EverD180          LENGTH=3   LABEL="Ever 180+ days delinquent"          FORMAT=BEST12.
408                    FirstD180Date    LENGTH=8   LABEL="First 180-day delinquency date"     FORMAT=MMYYS7.
7                                                          The SAS System                       Tuesday, August  4, 2026 04:24:32 PM

409                    EverModified      LENGTH=3   LABEL="Ever modified"                      FORMAT=BEST12.
410                    LastZbCode       LENGTH=$3  LABEL="Final zero balance code"
411                    LastZbDate       LENGTH=8   LABEL="Final zero balance effective date"  FORMAT=MMYYS7.
412                    LastDispDate     LENGTH=8   LABEL="Final disposition date"             FORMAT=MMYYS7.
413                    UpbAtRemoval     LENGTH=8   LABEL="UPB at time of removal"             FORMAT=14.2
414                    DefaultFlag       LENGTH=3   LABEL="Default (ZB 02/03/09/15 + disp date)" FORMAT=BEST12.
415                    OrigYear          LENGTH=8   LABEL="Origination year"                   FORMAT=BEST12.
416                    OrigQuarter       LENGTH=$6  LABEL="Origination quarter"
417                    AcqQuarter        LENGTH=$6  LABEL="Acquisition quarter"
418                    SourceFile        LENGTH=$40 LABEL="Source file"
419                ;
420        
421                IF first.LoanIdentifier THEN DO;
422                    MaxDlq = 0;  MonthsObserved = 0;  EverD180 = 0;  FirstD180Date = .;
423                    EverModified = 0;  LastZbCode = '';  LastZbDate = .;
424                    LastDispDate = .;  UpbAtRemoval = .;
425                END;
426        
427                MonthsObserved + 1;
428        
429                /* 'XX' indicates delinquency status unavailable - treat as missing                       */
430                IF CurrentLoanDelinquencyStatus not in ('XX','') THEN DO;
431                    IF INPUT(CurrentLoanDelinquencyStatus, 2.) > MaxDlq THEN
432                        MaxDlq = INPUT(CurrentLoanDelinquencyStatus, 2.);
433                    IF INPUT(CurrentLoanDelinquencyStatus, 2.) >= 6 and EverD180 = 0 THEN DO;
434                        EverD180       = 1;
435                        FirstD180Date = MonthlyReportingPeriod;
436                    END;
437                END;
438        
439                IF ModificationFlag = 'Y' THEN EverModified = 1;
440        
441                /* terminal status values carry forward from whichever row holds them                     */
442                IF ZeroBalanceCode           ne ''  THEN LastZbCode   = ZeroBalanceCode;
443                IF ZeroBalanceEffectiveDate ne .   THEN LastZbDate   = ZeroBalanceEffectiveDate;
444                IF DispositionDate            ne .   THEN LastDispDate = DispositionDate;
445                IF UpbAtTheTimeOfRemoval  ne .   THEN UpbAtRemoval = UpbAtTheTimeOfRemoval;
446        
447                IF last.LoanIdentifier THEN DO;
448                    FICO = min(BorrowerCreditScoreAtOrigination,
449                                CoBorrowerCreditScoreAtOriginati);
450                    IF OriginalLoanToValueRatio > 0 THEN
451                        OrigHomeValue = OriginalUpb / (OriginalLoanToValueRatio / 100);
452                    DefaultFlag = (LastZbCode in ('02','03','09','15') and LastDispDate ne .);
453                    OrigYear    = year(OriginationDate);
454                    OrigQuarter = cats(put(year(OriginationDate), 4.), 'Q',
455                                        put(qtr(OriginationDate), 1.));
456                    AcqQuarter  = "&AcqQtr";
457                    SourceFile  = "&File";
458                    OUTPUT;
459                END;
460        
461                RENAME OriginalLoanToValueRatio         = LTV
462                       OriginalCombinedLoanToValueRatio = CLTV
463                       DebtToIncome                      = DTI
464                       OriginalUpb                       = OrigUPB
465                       OriginalInterestRate              = NoteRate
466                       NumberOfBorrowers                 = NumBorrower
8                                                          The SAS System                       Tuesday, August  4, 2026 04:24:32 PM

467                       NumberOfUnits                     = NumUnits
468                       OriginalLoanTerm                  = OrigLoanTerm
469                       MortgageInsurancePercentage       = MortgInsPrct
470                       FirstTimeHomeBuyerIndicator       = FirstTimeBuyer
471                       MetropolitanStatisticalAreaOrMet  = MSA;
472        
473                DROP MonthlyReportingPeriod CurrentLoanDelinquencyStatus
474                     ModificationFlag ZeroBalanceCode ZeroBalanceEffectiveDate
475                     DispositionDate UpbAtTheTimeOfRemoval CurrentActualUpb;
476            RUN;
477        
478            %LET Dsid      = %SYSFUNC(OPEN(FNMAE.Loan&YearQtr));
479            %LET LoanRows = %SYSFUNC(ATTRN(&Dsid, NLOBS));
480            %LET Rc        = %SYSFUNC(CLOSE(&Dsid));
481        
482            PROC SQL NOPRINT;
483                SELECT sum(DefaultFlag) INTO :Defaults trimmed FROM FNMAE.Loan&YearQtr;
484            QUIT;
485        
486            /**********************************************************************************************/
487            /**** Step 3: Remove any prior load of this source file before appending the new one **********/
488            /**********************************************************************************************/
489            %LET PriorRuns = 0;
490        
491            %IF %SYSFUNC(EXIST(FNMAE.RunLog)) %THEN %DO;
492                PROC SQL NOPRINT;
493                    SELECT count(*) INTO :PriorRuns trimmed
494                    FROM FNMAE.RunLog
495                    WHERE SourceFile = "&File";
496                QUIT;
497            %END;
498        
499            %IF &PriorRuns > 0 %THEN %DO;
500        
501                /******************************************************************/
502                %PUT NOTE: &File was loaded previously - replacing the prior import;
503                /******************************************************************/
504        
505                PROC SQL;
506                    DELETE FROM FNMAE.RunLog WHERE SourceFile = "&File";
507                QUIT;
508        
509                %IF %SYSFUNC(EXIST(FNMAE.LoanMaster)) %THEN %DO;
510                    PROC SQL;
511                        DELETE FROM FNMAE.LoanMaster WHERE SourceFile = "&File";
512                    QUIT;
513                %END;
514            %END;
515        
516            /**********************************************************************************************/
517            /**** Step 4: Append to the master analytical table *******************************************/
518            /**********************************************************************************************/
519            PROC APPEND BASE=FNMAE.LoanMaster DATA=FNMAE.Loan&YearQtr FORCE;
520            RUN;
521        
522            /**********************************************************************************************/
523            /**** Step 5: Record the run ******************************************************************/
524            /**********************************************************************************************/
9                                                          The SAS System                       Tuesday, August  4, 2026 04:24:32 PM

525            %LET T1      = %SYSFUNC(DATETIME());
526            %LET Elapsed = %SYSEVALF(&T1 - &T0);
527        
528            DATA WORK._logrow;
529                ATTRIB
530                    RunSeq      LENGTH=8    FORMAT=COMMA8.
531                    Quarter      LENGTH=$6
532                    SourceFile  LENGTH=$40
533                    RawRows     LENGTH=8    FORMAT=COMMA16.
534                    LoanRows    LENGTH=8    FORMAT=COMMA16.
535                    Defaults     LENGTH=8    FORMAT=COMMA16.
536                    ProcessTime LENGTH=8    FORMAT=TIME12.2
537                    CumRawRows LENGTH=8    FORMAT=COMMA16.
538                ;
539                RunSeq = .;             Quarter      = "&AcqQtr";
540                SourceFile = "&File";   RawRows     = &RawRows;
541                LoanRows = &LoanRows;  Defaults     = &Defaults;
542                ProcessTime = &Elapsed;
543                CumRawRows = .;
544                OUTPUT;
545            RUN;
546        
547            PROC APPEND BASE=FNMAE.RunLog DATA=WORK._logrow FORCE;
548            RUN;
549        
550            /**********************************************************************************************/
551            /**** Step 6: Sort the run log oldest to newest, restate sequence and cumulative count ********/
552            /**********************************************************************************************/
553            PROC SORT DATA=FNMAE.RunLog;
554                BY Quarter SourceFile;
555            RUN;
556        
557            DATA FNMAE.RunLog;
558                SET FNMAE.RunLog;
559                RETAIN _cum 0;
560                _cum + RawRows;
561                CumRawRows = _cum;
562                RunSeq      = _N_;
563                DROP _cum;
564            RUN;
565        
566            PROC SQL NOPRINT;
567                SELECT sum(RawRows) INTO :Cum trimmed FROM FNMAE.RunLog;
568            QUIT;
569        
570            /**********************************************************************************************/
571            /**** Step 7: Release working storage *********************************************************/
572            /**********************************************************************************************/
573            PROC DATASETS LIBRARY=FNMAE NOLIST;  DELETE Loan&YearQtr;      QUIT;
574            PROC DATASETS LIBRARY=WORK  NOLIST;  DELETE _Monthly _logrow;     QUIT;
575        
576            /**********************************************************************************************/
577            /**** Step 8: Report **************************************************************************/
578            /**********************************************************************************************/
579            %PUT NOTE: &YearQtr complete - records read %SYSFUNC(PUTN(&RawRows, COMMA16.))
580                 - loans %SYSFUNC(PUTN(&LoanRows, COMMA16.))
581                 - Defaults %SYSFUNC(PUTN(&Defaults, COMMA16.))
582                 - Elapsed %SYSFUNC(PUTN(&Elapsed, TIME12.2))
10                                                         The SAS System                       Tuesday, August  4, 2026 04:24:32 PM

583                 - CUMULATIVE RECORDS %SYSFUNC(PUTN(&Cum, COMMA16.));
584        
585        %MEND ImportQuarterlyFile;
586        
587        /**************************************************************************************************/
588        /*                                                                                                */
589        /*   DeleteSourceFile - remove a processed source file from RAW                                   */
590        /*                                                                                                */
591        /**************************************************************************************************/
592        
593        %MACRO DeleteSourceFile(File=, SrcDir=&root/RAW);
594            %LOCAL Rc Fref;
595            %LET Fref = _dsrc;
596        
597            %IF %SYSFUNC(FILEEXIST(&SrcDir./&File)) %THEN %DO;
598                %LET Rc = %SYSFUNC(FILENAME(Fref, &SrcDir./&File));
599                %LET Rc = %SYSFUNC(FDELETE(&Fref));
600                %LET Rc = %SYSFUNC(FILENAME(Fref));
601        
602                /********************************/
603                %PUT NOTE: &File removed from RAW;
604                /********************************/
605            %END;
606        %MEND DeleteSourceFile;
607        
608        
609        /**************************************************************************************************/
610        /*                                                                                                */
611        /*   ProcessYearlyQuarter - one call per quarterly file: log, import, clean up                    */
612        /*                                                                                                */
613        /**************************************************************************************************/
614        
615        %MACRO ProcessYearlyQuarter(YearQtr=);
616            %LOCAL SrcFile;
617        
618            %LET SYSCC   = 0;
619            %LET SrcFile = &YearQtr..csv.gz;
620        
621            %CreateRunLog;
622        
623            %ImportQuarterlyFile(File=&SrcFile);
624        
625            %IF &SYSCC <= 4 %THEN %DO;
626                %DeleteSourceFile(File=&SrcFile);
627            %END;
628            %ELSE %DO;
629                /********************************************************************/
630                %PUT ERROR: &SrcFile was not processed cleanly - source file kept in RAW;
631                /********************************************************************/
632            %END;
633        %MEND ProcessYearlyQuarter;
634        
635        /**************************************************************************************************/
636        /*                                                                                                */
637        /*   ExportRunLog - write the run log as a Markdown table for the project README                  */
638        /*                                                                                                */
639        /**************************************************************************************************/
640        
11                                                         The SAS System                       Tuesday, August  4, 2026 04:24:32 PM

641        %MACRO ExportRunLog(OutFile=&root/RunLog.md);
642            DATA _NULL_;
643                FILE "&OutFile";
644                SET FNMAE.RunLog;
645                LENGTH Line $200;
646        
647                IF _N_ = 1 THEN DO;
648                    PUT "| Quarter | Source file | Monthly records | Loans | Defaults | Process time | Cumulative records |";
649                    PUT "|:--|:--|--:|--:|--:|--:|--:|";
650                END;
651        
652                Line = CATX(" | ", Quarter, SourceFile,
653                            PUT(RawRows, COMMA16.), PUT(LoanRows, COMMA12.),
654                            PUT(Defaults, COMMA10.), PUT(ProcessTime, TIME12.2),
655                            PUT(CumRawRows, COMMA16.));
656                PUT "| " Line +(-1) " |";
657            RUN;
658        
659            /**************************************/
660            %PUT NOTE: Run log exported to &OutFile;
661            /**************************************/
662        %MEND ExportRunLog;
663        
664        OPTIONS NONOTES NOSTIMER NOSOURCE NOSYNTAXCHECK;
674        
12                                                         The SAS System                       Tuesday, August  4, 2026 04:24:47 PM


1                                                          The SAS System                       Tuesday, August  4, 2026 04:24:47 PM

1          OPTIONS NONOTES NOSTIMER NOSOURCE NOSYNTAXCHECK;
68         
69         FILENAME ImpLog "&root/ImportSession.log" MOD;
ERROR: At least one file associated with fileref IMPLOG is still in use.
ERROR: Error in the FILENAME statement.
70         PROC PRINTTO LOG=ImpLog;
71         RUN;

NOTE: PROCEDURE PRINTTO used (Total process time):
      real time           0.00 seconds
      user cpu time       0.00 seconds
      system cpu time     0.00 seconds
      memory              35.93k
      OS Memory           23712.00k
      Timestamp           08/04/2026 11:24:47 PM
      Step Count                        154  Switch Count  0
      Page Faults                       0
      Page Reclaims                     17
      Page Swaps                        0
      Voluntary Context Switches        6
      Involuntary Context Switches      0
      Block Input Operations            0
      Block Output Operations           0
      

72         
73         OPTIONS NONOTES NOSTIMER NOSOURCE NOSYNTAXCHECK;
83         
2                                                          The SAS System                       Tuesday, August  4, 2026 04:24:56 PM


1                                                          The SAS System                       Tuesday, August  4, 2026 04:24:56 PM

1          OPTIONS NONOTES NOSTIMER NOSOURCE NOSYNTAXCHECK;
68         
69         %ProcessYearlyQuarter(YearQtr=2004Q2);
NOTE: Processing data for the yearly quarter: 2004Q2

NOTE: The infile SRC is:
      Filename=/home/bvsierrap0/RAW/2004Q2.csv.gz

NOTE: 51180070 records were read from the infile SRC.
      The minimum record length was 215.
      The maximum record length was 381.
NOTE: The data set WORK._MONTHLY has 51180070 observations and 36 variables.
NOTE: Compressing data set WORK._MONTHLY decreased size by 28.86 percent. 
      Compressed is 66808 pages; un-compressed would require 93909 pages.
NOTE: DATA statement used (Total process time):
      real time           5:48.99
      user cpu time       5:42.89
      system cpu time     3.91 seconds
      memory              2684.56k
      OS Memory           26020.00k
      Timestamp           08/04/2026 11:30:45 PM
      Step Count                        160  Switch Count  2
      Page Faults                       0
      Page Reclaims                     506
      Page Swaps                        0
      Voluntary Context Switches        44
      Involuntary Context Switches      2314
      Block Input Operations            0
      Block Output Operations           17108768
      

NOTE: Fileref SRC has been deassigned.

NOTE: Missing values were generated as a result of performing an operation on missing values.
      Each place is given by: (Number of times) at (Line):(Column).
      2227 at 69:2   
NOTE: There were 51180070 observations read from the data set WORK._MONTHLY.
NOTE: The data set FNMAE.LOAN2004Q2 has 614487 observations and 44 variables.
NOTE: Compressing data set FNMAE.LOAN2004Q2 decreased size by 33.74 percent. 
      Compressed is 1021 pages; un-compressed would require 1541 pages.
NOTE: DATA statement used (Total process time):
      real time           27.48 seconds
      user cpu time       25.64 seconds
      system cpu time     1.59 seconds
      memory              4639.78k
      OS Memory           29096.00k
      Timestamp           08/04/2026 11:31:13 PM
      Step Count                        161  Switch Count  41
      Page Faults                       0
      Page Reclaims                     809
      Page Swaps                        0
      Voluntary Context Switches        409
      Involuntary Context Switches      298
      Block Input Operations            0
      Block Output Operations           262160
      

NOTE: PROCEDURE SQL used (Total process time):
2                                                          The SAS System                       Tuesday, August  4, 2026 04:31:13 PM

      real time           0.41 seconds
      user cpu time       0.32 seconds
      system cpu time     0.04 seconds
      memory              7251.81k
      OS Memory           30632.00k
      Timestamp           08/04/2026 11:31:13 PM
      Step Count                        162  Switch Count  1
      Page Faults                       0
      Page Reclaims                     290
      Page Swaps                        0
      Voluntary Context Switches        1511
      Involuntary Context Switches      1
      Block Input Operations            0
      Block Output Operations           0
      

NOTE: PROCEDURE SQL used (Total process time):
      real time           0.00 seconds
      user cpu time       0.00 seconds
      system cpu time     0.00 seconds
      memory              5606.34k
      OS Memory           29608.00k
      Timestamp           08/04/2026 11:31:13 PM
      Step Count                        163  Switch Count  0
      Page Faults                       0
      Page Reclaims                     52
      Page Swaps                        0
      Voluntary Context Switches        5
      Involuntary Context Switches      0
      Block Input Operations            0
      Block Output Operations           0
      


NOTE: Appending FNMAE.LOAN2004Q2 to FNMAE.LOANMASTER.
NOTE: There were 614487 observations read from the data set FNMAE.LOAN2004Q2.
NOTE: 614487 observations added.
NOTE: The data set FNMAE.LOANMASTER has 14588786 observations and 44 variables.
NOTE: PROCEDURE APPEND used (Total process time):
      real time           1.29 seconds
      user cpu time       0.86 seconds
      system cpu time     0.11 seconds
      memory              4448.81k
      OS Memory           28588.00k
      Timestamp           08/04/2026 11:31:15 PM
      Step Count                        164  Switch Count  0
      Page Faults                       0
      Page Reclaims                     780
      Page Swaps                        0
      Voluntary Context Switches        3102
      Involuntary Context Switches      8
      Block Input Operations            0
      Block Output Operations           263448
      


NOTE: The data set WORK._LOGROW has 1 observations and 8 variables.
NOTE: DATA statement used (Total process time):
3                                                          The SAS System                       Tuesday, August  4, 2026 04:31:15 PM

      real time           0.00 seconds
      user cpu time       0.00 seconds
      system cpu time     0.00 seconds
      memory              518.43k
      OS Memory           24484.00k
      Timestamp           08/04/2026 11:31:15 PM
      Step Count                        165  Switch Count  2
      Page Faults                       0
      Page Reclaims                     87
      Page Swaps                        0
      Voluntary Context Switches        11
      Involuntary Context Switches      0
      Block Input Operations            0
      Block Output Operations           264
      


NOTE: Appending WORK._LOGROW to FNMAE.RUNLOG.
NOTE: There were 1 observations read from the data set WORK._LOGROW.
NOTE: 1 observations added.
NOTE: The data set FNMAE.RUNLOG has 34 observations and 8 variables.
NOTE: PROCEDURE APPEND used (Total process time):
      real time           0.00 seconds
      user cpu time       0.01 seconds
      system cpu time     0.00 seconds
      memory              1114.68k
      OS Memory           25004.00k
      Timestamp           08/04/2026 11:31:15 PM
      Step Count                        166  Switch Count  0
      Page Faults                       0
      Page Reclaims                     116
      Page Swaps                        0
      Voluntary Context Switches        21
      Involuntary Context Switches      0
      Block Input Operations            0
      Block Output Operations           528
      


NOTE: There were 34 observations read from the data set FNMAE.RUNLOG.
NOTE: The data set FNMAE.RUNLOG has 34 observations and 8 variables.
NOTE: Compressing data set FNMAE.RUNLOG increased size by 100.00 percent. 
      Compressed is 2 pages; un-compressed would require 1 pages.
NOTE: PROCEDURE SORT used (Total process time):
      real time           0.02 seconds
      user cpu time       0.00 seconds
      system cpu time     0.00 seconds
      memory              924.21k
      OS Memory           24744.00k
      Timestamp           08/04/2026 11:31:15 PM
      Step Count                        167  Switch Count  1
      Page Faults                       0
      Page Reclaims                     113
      Page Swaps                        0
      Voluntary Context Switches        45
      Involuntary Context Switches      0
      Block Input Operations            0
      Block Output Operations           520
4                                                          The SAS System                       Tuesday, August  4, 2026 04:31:15 PM

      


NOTE: There were 34 observations read from the data set FNMAE.RUNLOG.
NOTE: The data set FNMAE.RUNLOG has 34 observations and 8 variables.
NOTE: Compressing data set FNMAE.RUNLOG increased size by 100.00 percent. 
      Compressed is 2 pages; un-compressed would require 1 pages.
NOTE: DATA statement used (Total process time):
      real time           0.02 seconds
      user cpu time       0.00 seconds
      system cpu time     0.00 seconds
      memory              1059.00k
      OS Memory           24744.00k
      Timestamp           08/04/2026 11:31:15 PM
      Step Count                        168  Switch Count  1
      Page Faults                       0
      Page Reclaims                     120
      Page Swaps                        0
      Voluntary Context Switches        49
      Involuntary Context Switches      0
      Block Input Operations            0
      Block Output Operations           520
      

NOTE: PROCEDURE SQL used (Total process time):
      real time           0.00 seconds
      user cpu time       0.00 seconds
      system cpu time     0.00 seconds
      memory              5606.34k
      OS Memory           29608.00k
      Timestamp           08/04/2026 11:31:15 PM
      Step Count                        169  Switch Count  0
      Page Faults                       0
      Page Reclaims                     52
      Page Swaps                        0
      Voluntary Context Switches        11
      Involuntary Context Switches      0
      Block Input Operations            0
      Block Output Operations           0
      


NOTE: Deleting FNMAE.LOAN2004Q2 (memtype=DATA).
NOTE: PROCEDURE DATASETS used (Total process time):
      real time           0.02 seconds
      user cpu time       0.00 seconds
      system cpu time     0.01 seconds
      memory              347.15k
      OS Memory           24484.00k
      Timestamp           08/04/2026 11:31:15 PM
      Step Count                        170  Switch Count  1
      Page Faults                       0
      Page Reclaims                     48
      Page Swaps                        0
      Voluntary Context Switches        18
      Involuntary Context Switches      1
      Block Input Operations            0
      Block Output Operations           8
5                                                          The SAS System                       Tuesday, August  4, 2026 04:31:15 PM

      


NOTE: Deleting WORK._MONTHLY (memtype=DATA).
NOTE: Deleting WORK._LOGROW (memtype=DATA).
NOTE: PROCEDURE DATASETS used (Total process time):
      real time           0.56 seconds
      user cpu time       0.00 seconds
      system cpu time     0.56 seconds
      memory              349.03k
      OS Memory           24484.00k
      Timestamp           08/04/2026 11:31:15 PM
      Step Count                        171  Switch Count  4
      Page Faults                       0
      Page Reclaims                     48
      Page Swaps                        0
      Voluntary Context Switches        18
      Involuntary Context Switches      81
      Block Input Operations            0
      Block Output Operations           8
      

NOTE: 2004Q2 complete - records read       51,180,070          - loans          614,487          - Defaults           16,335        
  - Elapsed   0:06:18.22          - CUMULATIVE RECORDS      855,190,000
NOTE: 2004Q2.csv.gz removed from RAW
70         
71         OPTIONS NONOTES NOSTIMER NOSOURCE NOSYNTAXCHECK;
81         
6                                                          The SAS System                       Tuesday, August  4, 2026 04:55:02 PM


1                                                          The SAS System                       Tuesday, August  4, 2026 04:55:02 PM

1          OPTIONS NONOTES NOSTIMER NOSOURCE NOSYNTAXCHECK;
68         
69         %ProcessYearlyQuarter(YearQtr=2004Q3);
NOTE: Processing data for the yearly quarter: 2004Q3

NOTE: The infile SRC is:
      Filename=/home/bvsierrap0/RAW/2004Q3.csv.gz

NOTE: 28708821 records were read from the infile SRC.
      The minimum record length was 214.
      The maximum record length was 389.
NOTE: The data set WORK._MONTHLY has 28708821 observations and 36 variables.
NOTE: Compressing data set WORK._MONTHLY decreased size by 28.75 percent. 
      Compressed is 37534 pages; un-compressed would require 52677 pages.
NOTE: DATA statement used (Total process time):
      real time           3:12.54
      user cpu time       3:09.14
      system cpu time     2.24 seconds
      memory              2689.65k
      OS Memory           26020.00k
      Timestamp           08/04/2026 11:58:15 PM
      Step Count                        177  Switch Count  2
      Page Faults                       0
      Page Reclaims                     456
      Page Swaps                        0
      Voluntary Context Switches        41
      Involuntary Context Switches      1709
      Block Input Operations            0
      Block Output Operations           9611808
      

NOTE: Fileref SRC has been deassigned.

NOTE: Missing values were generated as a result of performing an operation on missing values.
      Each place is given by: (Number of times) at (Line):(Column).
      1439 at 69:2   
NOTE: There were 28708821 observations read from the data set WORK._MONTHLY.
NOTE: The data set FNMAE.LOAN2004Q3 has 389487 observations and 44 variables.
NOTE: Compressing data set FNMAE.LOAN2004Q3 decreased size by 33.57 percent. 
      Compressed is 649 pages; un-compressed would require 977 pages.
NOTE: DATA statement used (Total process time):
      real time           15.55 seconds
      user cpu time       14.33 seconds
      system cpu time     0.98 seconds
      memory              4646.31k
      OS Memory           29096.00k
      Timestamp           08/04/2026 11:58:30 PM
      Step Count                        178  Switch Count  26
      Page Faults                       0
      Page Reclaims                     804
      Page Swaps                        0
      Voluntary Context Switches        1634
      Involuntary Context Switches      309
      Block Input Operations            0
      Block Output Operations           166672
      

NOTE: PROCEDURE SQL used (Total process time):
2                                                          The SAS System                       Tuesday, August  4, 2026 04:58:31 PM

      real time           0.27 seconds
      user cpu time       0.20 seconds
      system cpu time     0.04 seconds
      memory              7250.03k
      OS Memory           30632.00k
      Timestamp           08/04/2026 11:58:31 PM
      Step Count                        179  Switch Count  1
      Page Faults                       0
      Page Reclaims                     280
      Page Swaps                        0
      Voluntary Context Switches        673
      Involuntary Context Switches      2
      Block Input Operations            0
      Block Output Operations           0
      

NOTE: PROCEDURE SQL used (Total process time):
      real time           0.00 seconds
      user cpu time       0.00 seconds
      system cpu time     0.01 seconds
      memory              5604.93k
      OS Memory           29608.00k
      Timestamp           08/04/2026 11:58:31 PM
      Step Count                        180  Switch Count  0
      Page Faults                       0
      Page Reclaims                     52
      Page Swaps                        0
      Voluntary Context Switches        5
      Involuntary Context Switches      0
      Block Input Operations            0
      Block Output Operations           0
      


NOTE: Appending FNMAE.LOAN2004Q3 to FNMAE.LOANMASTER.
NOTE: There were 389487 observations read from the data set FNMAE.LOAN2004Q3.
NOTE: 389487 observations added.
NOTE: The data set FNMAE.LOANMASTER has 14978273 observations and 44 variables.
NOTE: PROCEDURE APPEND used (Total process time):
      real time           0.82 seconds
      user cpu time       0.56 seconds
      system cpu time     0.07 seconds
      memory              4448.81k
      OS Memory           28588.00k
      Timestamp           08/04/2026 11:58:32 PM
      Step Count                        181  Switch Count  0
      Page Faults                       0
      Page Reclaims                     780
      Page Swaps                        0
      Voluntary Context Switches        2041
      Involuntary Context Switches      5
      Block Input Operations            0
      Block Output Operations           166672
      


NOTE: The data set WORK._LOGROW has 1 observations and 8 variables.
NOTE: DATA statement used (Total process time):
3                                                          The SAS System                       Tuesday, August  4, 2026 04:58:32 PM

      real time           0.00 seconds
      user cpu time       0.00 seconds
      system cpu time     0.00 seconds
      memory              517.46k
      OS Memory           24484.00k
      Timestamp           08/04/2026 11:58:32 PM
      Step Count                        182  Switch Count  2
      Page Faults                       0
      Page Reclaims                     87
      Page Swaps                        0
      Voluntary Context Switches        10
      Involuntary Context Switches      0
      Block Input Operations            0
      Block Output Operations           264
      


NOTE: Appending WORK._LOGROW to FNMAE.RUNLOG.
NOTE: There were 1 observations read from the data set WORK._LOGROW.
NOTE: 1 observations added.
NOTE: The data set FNMAE.RUNLOG has 35 observations and 8 variables.
NOTE: PROCEDURE APPEND used (Total process time):
      real time           0.00 seconds
      user cpu time       0.00 seconds
      system cpu time     0.00 seconds
      memory              1114.50k
      OS Memory           25004.00k
      Timestamp           08/04/2026 11:58:32 PM
      Step Count                        183  Switch Count  0
      Page Faults                       0
      Page Reclaims                     116
      Page Swaps                        0
      Voluntary Context Switches        21
      Involuntary Context Switches      0
      Block Input Operations            0
      Block Output Operations           528
      


NOTE: There were 35 observations read from the data set FNMAE.RUNLOG.
NOTE: The data set FNMAE.RUNLOG has 35 observations and 8 variables.
NOTE: Compressing data set FNMAE.RUNLOG increased size by 100.00 percent. 
      Compressed is 2 pages; un-compressed would require 1 pages.
NOTE: PROCEDURE SORT used (Total process time):
      real time           0.02 seconds
      user cpu time       0.00 seconds
      system cpu time     0.00 seconds
      memory              924.28k
      OS Memory           24744.00k
      Timestamp           08/04/2026 11:58:32 PM
      Step Count                        184  Switch Count  2
      Page Faults                       0
      Page Reclaims                     113
      Page Swaps                        0
      Voluntary Context Switches        49
      Involuntary Context Switches      0
      Block Input Operations            0
      Block Output Operations           520
4                                                          The SAS System                       Tuesday, August  4, 2026 04:58:32 PM

      


NOTE: There were 35 observations read from the data set FNMAE.RUNLOG.
NOTE: The data set FNMAE.RUNLOG has 35 observations and 8 variables.
NOTE: Compressing data set FNMAE.RUNLOG increased size by 100.00 percent. 
      Compressed is 2 pages; un-compressed would require 1 pages.
NOTE: DATA statement used (Total process time):
      real time           0.02 seconds
      user cpu time       0.00 seconds
      system cpu time     0.01 seconds
      memory              1060.56k
      OS Memory           24744.00k
      Timestamp           08/04/2026 11:58:32 PM
      Step Count                        185  Switch Count  2
      Page Faults                       0
      Page Reclaims                     120
      Page Swaps                        0
      Voluntary Context Switches        50
      Involuntary Context Switches      0
      Block Input Operations            0
      Block Output Operations           520
      

NOTE: PROCEDURE SQL used (Total process time):
      real time           0.00 seconds
      user cpu time       0.00 seconds
      system cpu time     0.00 seconds
      memory              5604.93k
      OS Memory           29608.00k
      Timestamp           08/04/2026 11:58:32 PM
      Step Count                        186  Switch Count  0
      Page Faults                       0
      Page Reclaims                     52
      Page Swaps                        0
      Voluntary Context Switches        10
      Involuntary Context Switches      0
      Block Input Operations            0
      Block Output Operations           0
      


NOTE: Deleting FNMAE.LOAN2004Q3 (memtype=DATA).
NOTE: PROCEDURE DATASETS used (Total process time):
      real time           0.01 seconds
      user cpu time       0.01 seconds
      system cpu time     0.00 seconds
      memory              349.15k
      OS Memory           24484.00k
      Timestamp           08/04/2026 11:58:32 PM
      Step Count                        187  Switch Count  2
      Page Faults                       0
      Page Reclaims                     48
      Page Swaps                        0
      Voluntary Context Switches        22
      Involuntary Context Switches      1
      Block Input Operations            0
      Block Output Operations           8
5                                                          The SAS System                       Tuesday, August  4, 2026 04:58:32 PM

      


NOTE: Deleting WORK._MONTHLY (memtype=DATA).
NOTE: Deleting WORK._LOGROW (memtype=DATA).
NOTE: PROCEDURE DATASETS used (Total process time):
      real time           0.36 seconds
      user cpu time       0.00 seconds
      system cpu time     0.37 seconds
      memory              347.15k
      OS Memory           24484.00k
      Timestamp           08/04/2026 11:58:32 PM
      Step Count                        188  Switch Count  4
      Page Faults                       0
      Page Reclaims                     48
      Page Swaps                        0
      Voluntary Context Switches        18
      Involuntary Context Switches      71
      Block Input Operations            0
      Block Output Operations           8
      

NOTE: 2004Q3 complete - records read       28,708,821          - loans          389,487          - Defaults           12,398        
  - Elapsed   0:03:29.23          - CUMULATIVE RECORDS      883,900,000
NOTE: 2004Q3.csv.gz removed from RAW
70         
71         OPTIONS NONOTES NOSTIMER NOSOURCE NOSYNTAXCHECK;
81         
6                                                          The SAS System                       Tuesday, August  4, 2026 05:20:11 PM


1                                                          The SAS System                       Tuesday, August  4, 2026 05:20:11 PM

1          OPTIONS NONOTES NOSTIMER NOSOURCE NOSYNTAXCHECK;
68         
69         %ProcessYearlyQuarter(YearQtr=2004Q4);
NOTE: Processing data for the yearly quarter: 2004Q4

NOTE: The infile SRC is:
      Filename=/home/bvsierrap0/RAW/2004Q4.csv.gz

NOTE: 28695574 records were read from the infile SRC.
      The minimum record length was 214.
      The maximum record length was 384.
NOTE: The data set WORK._MONTHLY has 28695574 observations and 36 variables.
NOTE: Compressing data set WORK._MONTHLY decreased size by 28.95 percent. 
      Compressed is 37408 pages; un-compressed would require 52653 pages.
NOTE: DATA statement used (Total process time):
      real time           3:13.57
      user cpu time       3:10.06
      system cpu time     2.31 seconds
      memory              2682.50k
      OS Memory           26020.00k
      Timestamp           08/05/2026 12:23:25 AM
      Step Count                        194  Switch Count  2
      Page Faults                       0
      Page Reclaims                     1521
      Page Swaps                        0
      Voluntary Context Switches        38
      Involuntary Context Switches      1394
      Block Input Operations            0
      Block Output Operations           9579296
      

NOTE: Fileref SRC has been deassigned.

NOTE: Missing values were generated as a result of performing an operation on missing values.
      Each place is given by: (Number of times) at (Line):(Column).
      961 at 69:2   
NOTE: There were 28695574 observations read from the data set WORK._MONTHLY.
NOTE: The data set FNMAE.LOAN2004Q4 has 361659 observations and 44 variables.
NOTE: Compressing data set FNMAE.LOAN2004Q4 decreased size by 33.63 percent. 
      Compressed is 602 pages; un-compressed would require 907 pages.
NOTE: DATA statement used (Total process time):
      real time           15.76 seconds
      user cpu time       14.38 seconds
      system cpu time     0.97 seconds
      memory              4639.81k
      OS Memory           29096.00k
      Timestamp           08/05/2026 12:23:41 AM
      Step Count                        195  Switch Count  26
      Page Faults                       0
      Page Reclaims                     804
      Page Swaps                        0
      Voluntary Context Switches        1028
      Involuntary Context Switches      665
      Block Input Operations            0
      Block Output Operations           154896
      

NOTE: PROCEDURE SQL used (Total process time):
2                                                          The SAS System                       Tuesday, August  4, 2026 05:23:41 PM

      real time           0.25 seconds
      user cpu time       0.19 seconds
      system cpu time     0.04 seconds
      memory              7251.00k
      OS Memory           30632.00k
      Timestamp           08/05/2026 12:23:41 AM
      Step Count                        196  Switch Count  1
      Page Faults                       0
      Page Reclaims                     279
      Page Swaps                        0
      Voluntary Context Switches        63
      Involuntary Context Switches      42
      Block Input Operations            0
      Block Output Operations           0
      

NOTE: PROCEDURE SQL used (Total process time):
      real time           0.00 seconds
      user cpu time       0.00 seconds
      system cpu time     0.00 seconds
      memory              5605.31k
      OS Memory           29608.00k
      Timestamp           08/05/2026 12:23:41 AM
      Step Count                        197  Switch Count  0
      Page Faults                       0
      Page Reclaims                     52
      Page Swaps                        0
      Voluntary Context Switches        5
      Involuntary Context Switches      0
      Block Input Operations            0
      Block Output Operations           0
      


NOTE: Appending FNMAE.LOAN2004Q4 to FNMAE.LOANMASTER.
NOTE: There were 361659 observations read from the data set FNMAE.LOAN2004Q4.
NOTE: 361659 observations added.
NOTE: The data set FNMAE.LOANMASTER has 15339932 observations and 44 variables.
NOTE: PROCEDURE APPEND used (Total process time):
      real time           0.79 seconds
      user cpu time       0.53 seconds
      system cpu time     0.07 seconds
      memory              4448.87k
      OS Memory           28588.00k
      Timestamp           08/05/2026 12:23:42 AM
      Step Count                        198  Switch Count  0
      Page Faults                       0
      Page Reclaims                     780
      Page Swaps                        0
      Voluntary Context Switches        1716
      Involuntary Context Switches      3
      Block Input Operations            0
      Block Output Operations           155928
      


NOTE: The data set WORK._LOGROW has 1 observations and 8 variables.
NOTE: DATA statement used (Total process time):
3                                                          The SAS System                       Tuesday, August  4, 2026 05:23:42 PM

      real time           0.00 seconds
      user cpu time       0.00 seconds
      system cpu time     0.00 seconds
      memory              517.50k
      OS Memory           24484.00k
      Timestamp           08/05/2026 12:23:42 AM
      Step Count                        199  Switch Count  2
      Page Faults                       0
      Page Reclaims                     87
      Page Swaps                        0
      Voluntary Context Switches        10
      Involuntary Context Switches      0
      Block Input Operations            0
      Block Output Operations           264
      


NOTE: Appending WORK._LOGROW to FNMAE.RUNLOG.
NOTE: There were 1 observations read from the data set WORK._LOGROW.
NOTE: 1 observations added.
NOTE: The data set FNMAE.RUNLOG has 36 observations and 8 variables.
NOTE: PROCEDURE APPEND used (Total process time):
      real time           0.00 seconds
      user cpu time       0.00 seconds
      system cpu time     0.00 seconds
      memory              1113.87k
      OS Memory           25004.00k
      Timestamp           08/05/2026 12:23:42 AM
      Step Count                        200  Switch Count  0
      Page Faults                       0
      Page Reclaims                     116
      Page Swaps                        0
      Voluntary Context Switches        23
      Involuntary Context Switches      0
      Block Input Operations            0
      Block Output Operations           528
      


NOTE: There were 36 observations read from the data set FNMAE.RUNLOG.
NOTE: The data set FNMAE.RUNLOG has 36 observations and 8 variables.
NOTE: Compressing data set FNMAE.RUNLOG increased size by 100.00 percent. 
      Compressed is 2 pages; un-compressed would require 1 pages.
NOTE: PROCEDURE SORT used (Total process time):
      real time           0.02 seconds
      user cpu time       0.01 seconds
      system cpu time     0.00 seconds
      memory              922.96k
      OS Memory           24744.00k
      Timestamp           08/05/2026 12:23:42 AM
      Step Count                        201  Switch Count  2
      Page Faults                       0
      Page Reclaims                     113
      Page Swaps                        0
      Voluntary Context Switches        47
      Involuntary Context Switches      1
      Block Input Operations            0
      Block Output Operations           520
4                                                          The SAS System                       Tuesday, August  4, 2026 05:23:42 PM

      


NOTE: There were 36 observations read from the data set FNMAE.RUNLOG.
NOTE: The data set FNMAE.RUNLOG has 36 observations and 8 variables.
NOTE: Compressing data set FNMAE.RUNLOG increased size by 100.00 percent. 
      Compressed is 2 pages; un-compressed would require 1 pages.
NOTE: DATA statement used (Total process time):
      real time           0.02 seconds
      user cpu time       0.00 seconds
      system cpu time     0.00 seconds
      memory              1060.25k
      OS Memory           24744.00k
      Timestamp           08/05/2026 12:23:42 AM
      Step Count                        202  Switch Count  2
      Page Faults                       0
      Page Reclaims                     120
      Page Swaps                        0
      Voluntary Context Switches        53
      Involuntary Context Switches      1
      Block Input Operations            0
      Block Output Operations           520
      

NOTE: PROCEDURE SQL used (Total process time):
      real time           0.00 seconds
      user cpu time       0.00 seconds
      system cpu time     0.00 seconds
      memory              5605.31k
      OS Memory           29608.00k
      Timestamp           08/05/2026 12:23:42 AM
      Step Count                        203  Switch Count  0
      Page Faults                       0
      Page Reclaims                     52
      Page Swaps                        0
      Voluntary Context Switches        11
      Involuntary Context Switches      0
      Block Input Operations            0
      Block Output Operations           8
      


NOTE: Deleting FNMAE.LOAN2004Q4 (memtype=DATA).
NOTE: PROCEDURE DATASETS used (Total process time):
      real time           0.01 seconds
      user cpu time       0.00 seconds
      system cpu time     0.01 seconds
      memory              346.21k
      OS Memory           24484.00k
      Timestamp           08/05/2026 12:23:42 AM
      Step Count                        204  Switch Count  2
      Page Faults                       0
      Page Reclaims                     48
      Page Swaps                        0
      Voluntary Context Switches        22
      Involuntary Context Switches      1
      Block Input Operations            0
      Block Output Operations           8
5                                                          The SAS System                       Tuesday, August  4, 2026 05:23:42 PM

      


NOTE: Deleting WORK._MONTHLY (memtype=DATA).
NOTE: Deleting WORK._LOGROW (memtype=DATA).
NOTE: PROCEDURE DATASETS used (Total process time):
      real time           0.35 seconds
      user cpu time       0.00 seconds
      system cpu time     0.35 seconds
      memory              346.21k
      OS Memory           24484.00k
      Timestamp           08/05/2026 12:23:42 AM
      Step Count                        205  Switch Count  4
      Page Faults                       0
      Page Reclaims                     48
      Page Swaps                        0
      Voluntary Context Switches        18
      Involuntary Context Switches      72
      Block Input Operations            0
      Block Output Operations           8
      

NOTE: 2004Q4 complete - records read       28,695,574          - loans          361,659          - Defaults           14,160        
  - Elapsed   0:03:30.42          - CUMULATIVE RECORDS      912,600,000
NOTE: 2004Q4.csv.gz removed from RAW
70         
71         OPTIONS NONOTES NOSTIMER NOSOURCE NOSYNTAXCHECK;
81         
6                                                          The SAS System                       Tuesday, August  4, 2026 05:47:32 PM


1                                                          The SAS System                       Tuesday, August  4, 2026 05:47:32 PM

1          OPTIONS NONOTES NOSTIMER NOSOURCE NOSYNTAXCHECK;
68         
69         %ProcessYearlyQuarter(YearQtr=2005Q1);
NOTE: Processing data for the yearly quarter: 2005Q1

NOTE: The infile SRC is:
      Filename=/home/bvsierrap0/RAW/2005Q1.csv.gz

NOTE: 24701544 records were read from the infile SRC.
      The minimum record length was 214.
      The maximum record length was 383.
NOTE: The data set WORK._MONTHLY has 24701544 observations and 36 variables.
NOTE: Compressing data set WORK._MONTHLY decreased size by 28.96 percent. 
      Compressed is 32199 pages; un-compressed would require 45324 pages.
NOTE: DATA statement used (Total process time):
      real time           2:45.64
      user cpu time       2:42.62
      system cpu time     2.02 seconds
      memory              2703.59k
      OS Memory           26020.00k
      Timestamp           08/05/2026 12:50:18 AM
      Step Count                        211  Switch Count  2
      Page Faults                       0
      Page Reclaims                     459
      Page Swaps                        0
      Voluntary Context Switches        39
      Involuntary Context Switches      1349
      Block Input Operations            0
      Block Output Operations           8245536
      

NOTE: Fileref SRC has been deassigned.

NOTE: Missing values were generated as a result of performing an operation on missing values.
      Each place is given by: (Number of times) at (Line):(Column).
      922 at 69:2   
NOTE: There were 24701544 observations read from the data set WORK._MONTHLY.
NOTE: The data set FNMAE.LOAN2005Q1 has 303611 observations and 44 variables.
NOTE: Compressing data set FNMAE.LOAN2005Q1 decreased size by 33.64 percent. 
      Compressed is 505 pages; un-compressed would require 761 pages.
NOTE: DATA statement used (Total process time):
      real time           13.46 seconds
      user cpu time       12.40 seconds
      system cpu time     0.82 seconds
      memory              4640.78k
      OS Memory           29096.00k
      Timestamp           08/05/2026 12:50:32 AM
      Step Count                        212  Switch Count  18
      Page Faults                       0
      Page Reclaims                     809
      Page Swaps                        0
      Voluntary Context Switches        589
      Involuntary Context Switches      80
      Block Input Operations            0
      Block Output Operations           129808
      

NOTE: PROCEDURE SQL used (Total process time):
2                                                          The SAS System                       Tuesday, August  4, 2026 05:50:32 PM

      real time           0.21 seconds
      user cpu time       0.16 seconds
      system cpu time     0.03 seconds
      memory              7250.18k
      OS Memory           30632.00k
      Timestamp           08/05/2026 12:50:32 AM
      Step Count                        213  Switch Count  1
      Page Faults                       0
      Page Reclaims                     280
      Page Swaps                        0
      Voluntary Context Switches        618
      Involuntary Context Switches      1
      Block Input Operations            0
      Block Output Operations           0
      

NOTE: PROCEDURE SQL used (Total process time):
      real time           0.00 seconds
      user cpu time       0.00 seconds
      system cpu time     0.00 seconds
      memory              5605.25k
      OS Memory           29608.00k
      Timestamp           08/05/2026 12:50:32 AM
      Step Count                        214  Switch Count  0
      Page Faults                       0
      Page Reclaims                     52
      Page Swaps                        0
      Voluntary Context Switches        5
      Involuntary Context Switches      0
      Block Input Operations            0
      Block Output Operations           0
      


NOTE: Appending FNMAE.LOAN2005Q1 to FNMAE.LOANMASTER.
NOTE: There were 303611 observations read from the data set FNMAE.LOAN2005Q1.
NOTE: 303611 observations added.
NOTE: The data set FNMAE.LOANMASTER has 15643543 observations and 44 variables.
NOTE: PROCEDURE APPEND used (Total process time):
      real time           0.65 seconds
      user cpu time       0.43 seconds
      system cpu time     0.06 seconds
      memory              4450.43k
      OS Memory           28588.00k
      Timestamp           08/05/2026 12:50:33 AM
      Step Count                        215  Switch Count  0
      Page Faults                       0
      Page Reclaims                     780
      Page Swaps                        0
      Voluntary Context Switches        1565
      Involuntary Context Switches      4
      Block Input Operations            0
      Block Output Operations           130064
      


NOTE: The data set WORK._LOGROW has 1 observations and 8 variables.
NOTE: DATA statement used (Total process time):
3                                                          The SAS System                       Tuesday, August  4, 2026 05:50:33 PM

      real time           0.00 seconds
      user cpu time       0.00 seconds
      system cpu time     0.00 seconds
      memory              518.87k
      OS Memory           24484.00k
      Timestamp           08/05/2026 12:50:33 AM
      Step Count                        216  Switch Count  2
      Page Faults                       0
      Page Reclaims                     87
      Page Swaps                        0
      Voluntary Context Switches        10
      Involuntary Context Switches      0
      Block Input Operations            0
      Block Output Operations           264
      


NOTE: Appending WORK._LOGROW to FNMAE.RUNLOG.
NOTE: There were 1 observations read from the data set WORK._LOGROW.
NOTE: 1 observations added.
NOTE: The data set FNMAE.RUNLOG has 37 observations and 8 variables.
NOTE: PROCEDURE APPEND used (Total process time):
      real time           0.00 seconds
      user cpu time       0.00 seconds
      system cpu time     0.00 seconds
      memory              1115.37k
      OS Memory           25004.00k
      Timestamp           08/05/2026 12:50:33 AM
      Step Count                        217  Switch Count  0
      Page Faults                       0
      Page Reclaims                     116
      Page Swaps                        0
      Voluntary Context Switches        19
      Involuntary Context Switches      0
      Block Input Operations            0
      Block Output Operations           528
      


NOTE: There were 37 observations read from the data set FNMAE.RUNLOG.
NOTE: The data set FNMAE.RUNLOG has 37 observations and 8 variables.
NOTE: Compressing data set FNMAE.RUNLOG increased size by 100.00 percent. 
      Compressed is 2 pages; un-compressed would require 1 pages.
NOTE: PROCEDURE SORT used (Total process time):
      real time           0.02 seconds
      user cpu time       0.00 seconds
      system cpu time     0.00 seconds
      memory              924.56k
      OS Memory           24744.00k
      Timestamp           08/05/2026 12:50:33 AM
      Step Count                        218  Switch Count  2
      Page Faults                       0
      Page Reclaims                     113
      Page Swaps                        0
      Voluntary Context Switches        50
      Involuntary Context Switches      0
      Block Input Operations            0
      Block Output Operations           520
4                                                          The SAS System                       Tuesday, August  4, 2026 05:50:33 PM

      


NOTE: There were 37 observations read from the data set FNMAE.RUNLOG.
NOTE: The data set FNMAE.RUNLOG has 37 observations and 8 variables.
NOTE: Compressing data set FNMAE.RUNLOG increased size by 100.00 percent. 
      Compressed is 2 pages; un-compressed would require 1 pages.
NOTE: DATA statement used (Total process time):
      real time           0.02 seconds
      user cpu time       0.01 seconds
      system cpu time     0.01 seconds
      memory              1059.75k
      OS Memory           24744.00k
      Timestamp           08/05/2026 12:50:33 AM
      Step Count                        219  Switch Count  2
      Page Faults                       0
      Page Reclaims                     120
      Page Swaps                        0
      Voluntary Context Switches        51
      Involuntary Context Switches      0
      Block Input Operations            0
      Block Output Operations           520
      

NOTE: PROCEDURE SQL used (Total process time):
      real time           0.00 seconds
      user cpu time       0.00 seconds
      system cpu time     0.00 seconds
      memory              5605.25k
      OS Memory           29608.00k
      Timestamp           08/05/2026 12:50:33 AM
      Step Count                        220  Switch Count  0
      Page Faults                       0
      Page Reclaims                     52
      Page Swaps                        0
      Voluntary Context Switches        11
      Involuntary Context Switches      0
      Block Input Operations            0
      Block Output Operations           0
      


NOTE: Deleting FNMAE.LOAN2005Q1 (memtype=DATA).
NOTE: PROCEDURE DATASETS used (Total process time):
      real time           0.01 seconds
      user cpu time       0.00 seconds
      system cpu time     0.00 seconds
      memory              348.71k
      OS Memory           24484.00k
      Timestamp           08/05/2026 12:50:33 AM
      Step Count                        221  Switch Count  2
      Page Faults                       0
      Page Reclaims                     48
      Page Swaps                        0
      Voluntary Context Switches        22
      Involuntary Context Switches      1
      Block Input Operations            0
      Block Output Operations           8
5                                                          The SAS System                       Tuesday, August  4, 2026 05:50:33 PM

      


NOTE: Deleting WORK._MONTHLY (memtype=DATA).
NOTE: Deleting WORK._LOGROW (memtype=DATA).
NOTE: PROCEDURE DATASETS used (Total process time):
      real time           0.33 seconds
      user cpu time       0.00 seconds
      system cpu time     0.34 seconds
      memory              348.71k
      OS Memory           24484.00k
      Timestamp           08/05/2026 12:50:33 AM
      Step Count                        222  Switch Count  4
      Page Faults                       0
      Page Reclaims                     48
      Page Swaps                        0
      Voluntary Context Switches        18
      Involuntary Context Switches      42
      Block Input Operations            0
      Block Output Operations           8
      

NOTE: 2005Q1 complete - records read       24,701,544          - loans          303,611          - Defaults           12,921        
  - Elapsed   0:03:00.00          - CUMULATIVE RECORDS      937,300,000
NOTE: 2005Q1.csv.gz removed from RAW
70         
71         OPTIONS NONOTES NOSTIMER NOSOURCE NOSYNTAXCHECK;
81         
6                                                          The SAS System                       Tuesday, August  4, 2026 06:03:29 PM


1                                                          The SAS System                       Tuesday, August  4, 2026 06:03:29 PM

1          OPTIONS NONOTES NOSTIMER NOSOURCE NOSYNTAXCHECK;
68         
69         %ProcessYearlyQuarter(YearQtr=2005Q2);
NOTE: Processing data for the yearly quarter: 2005Q2

NOTE: The infile SRC is:
      Filename=/home/bvsierrap0/RAW/2005Q2.csv.gz

NOTE: 27084301 records were read from the infile SRC.
      The minimum record length was 215.
      The maximum record length was 384.
NOTE: The data set WORK._MONTHLY has 27084301 observations and 36 variables.
NOTE: Compressing data set WORK._MONTHLY decreased size by 28.73 percent. 
      Compressed is 35421 pages; un-compressed would require 49697 pages.
NOTE: DATA statement used (Total process time):
      real time           3:02.11
      user cpu time       2:58.66
      system cpu time     2.30 seconds
      memory              2689.50k
      OS Memory           26020.00k
      Timestamp           08/05/2026 01:06:31 AM
      Step Count                        228  Switch Count  2
      Page Faults                       0
      Page Reclaims                     486
      Page Swaps                        0
      Voluntary Context Switches        42
      Involuntary Context Switches      1685
      Block Input Operations            0
      Block Output Operations           9070880
      

NOTE: Fileref SRC has been deassigned.

NOTE: Missing values were generated as a result of performing an operation on missing values.
      Each place is given by: (Number of times) at (Line):(Column).
      1072 at 69:2   
NOTE: There were 27084301 observations read from the data set WORK._MONTHLY.
NOTE: The data set FNMAE.LOAN2005Q2 has 339372 observations and 44 variables.
NOTE: Compressing data set FNMAE.LOAN2005Q2 decreased size by 33.49 percent. 
      Compressed is 566 pages; un-compressed would require 851 pages.
NOTE: DATA statement used (Total process time):
      real time           15.07 seconds
      user cpu time       13.93 seconds
      system cpu time     0.91 seconds
      memory              4641.12k
      OS Memory           29096.00k
      Timestamp           08/05/2026 01:06:46 AM
      Step Count                        229  Switch Count  18
      Page Faults                       0
      Page Reclaims                     810
      Page Swaps                        0
      Voluntary Context Switches        1115
      Involuntary Context Switches      28
      Block Input Operations            0
      Block Output Operations           145424
      

NOTE: PROCEDURE SQL used (Total process time):
2                                                          The SAS System                       Tuesday, August  4, 2026 06:06:46 PM

      real time           0.23 seconds
      user cpu time       0.19 seconds
      system cpu time     0.03 seconds
      memory              7250.71k
      OS Memory           30632.00k
      Timestamp           08/05/2026 01:06:46 AM
      Step Count                        230  Switch Count  1
      Page Faults                       0
      Page Reclaims                     287
      Page Swaps                        0
      Voluntary Context Switches        45
      Involuntary Context Switches      21
      Block Input Operations            0
      Block Output Operations           0
      

NOTE: PROCEDURE SQL used (Total process time):
      real time           0.00 seconds
      user cpu time       0.00 seconds
      system cpu time     0.00 seconds
      memory              5605.25k
      OS Memory           29608.00k
      Timestamp           08/05/2026 01:06:46 AM
      Step Count                        231  Switch Count  0
      Page Faults                       0
      Page Reclaims                     52
      Page Swaps                        0
      Voluntary Context Switches        5
      Involuntary Context Switches      0
      Block Input Operations            0
      Block Output Operations           8
      


NOTE: Appending FNMAE.LOAN2005Q2 to FNMAE.LOANMASTER.
NOTE: There were 339372 observations read from the data set FNMAE.LOAN2005Q2.
NOTE: 339372 observations added.
NOTE: The data set FNMAE.LOANMASTER has 15982915 observations and 44 variables.
NOTE: PROCEDURE APPEND used (Total process time):
      real time           0.71 seconds
      user cpu time       0.48 seconds
      system cpu time     0.07 seconds
      memory              4449.71k
      OS Memory           28588.00k
      Timestamp           08/05/2026 01:06:47 AM
      Step Count                        232  Switch Count  0
      Page Faults                       0
      Page Reclaims                     780
      Page Swaps                        0
      Voluntary Context Switches        1501
      Involuntary Context Switches      7
      Block Input Operations            0
      Block Output Operations           145432
      


NOTE: The data set WORK._LOGROW has 1 observations and 8 variables.
NOTE: DATA statement used (Total process time):
3                                                          The SAS System                       Tuesday, August  4, 2026 06:06:47 PM

      real time           0.00 seconds
      user cpu time       0.00 seconds
      system cpu time     0.00 seconds
      memory              523.78k
      OS Memory           24484.00k
      Timestamp           08/05/2026 01:06:47 AM
      Step Count                        233  Switch Count  2
      Page Faults                       0
      Page Reclaims                     87
      Page Swaps                        0
      Voluntary Context Switches        10
      Involuntary Context Switches      0
      Block Input Operations            0
      Block Output Operations           264
      


NOTE: Appending WORK._LOGROW to FNMAE.RUNLOG.
NOTE: There were 1 observations read from the data set WORK._LOGROW.
NOTE: 1 observations added.
NOTE: The data set FNMAE.RUNLOG has 38 observations and 8 variables.
NOTE: PROCEDURE APPEND used (Total process time):
      real time           0.00 seconds
      user cpu time       0.00 seconds
      system cpu time     0.00 seconds
      memory              1114.25k
      OS Memory           25004.00k
      Timestamp           08/05/2026 01:06:47 AM
      Step Count                        234  Switch Count  0
      Page Faults                       0
      Page Reclaims                     116
      Page Swaps                        0
      Voluntary Context Switches        22
      Involuntary Context Switches      0
      Block Input Operations            0
      Block Output Operations           528
      


NOTE: There were 38 observations read from the data set FNMAE.RUNLOG.
NOTE: The data set FNMAE.RUNLOG has 38 observations and 8 variables.
NOTE: Compressing data set FNMAE.RUNLOG increased size by 100.00 percent. 
      Compressed is 2 pages; un-compressed would require 1 pages.
NOTE: PROCEDURE SORT used (Total process time):
      real time           0.01 seconds
      user cpu time       0.00 seconds
      system cpu time     0.00 seconds
      memory              924.34k
      OS Memory           24744.00k
      Timestamp           08/05/2026 01:06:47 AM
      Step Count                        235  Switch Count  2
      Page Faults                       0
      Page Reclaims                     113
      Page Swaps                        0
      Voluntary Context Switches        45
      Involuntary Context Switches      1
      Block Input Operations            0
      Block Output Operations           520
4                                                          The SAS System                       Tuesday, August  4, 2026 06:06:47 PM

      


NOTE: There were 38 observations read from the data set FNMAE.RUNLOG.
NOTE: The data set FNMAE.RUNLOG has 38 observations and 8 variables.
NOTE: Compressing data set FNMAE.RUNLOG increased size by 100.00 percent. 
      Compressed is 2 pages; un-compressed would require 1 pages.
NOTE: DATA statement used (Total process time):
      real time           0.01 seconds
      user cpu time       0.00 seconds
      system cpu time     0.00 seconds
      memory              1060.18k
      OS Memory           24744.00k
      Timestamp           08/05/2026 01:06:47 AM
      Step Count                        236  Switch Count  2
      Page Faults                       0
      Page Reclaims                     120
      Page Swaps                        0
      Voluntary Context Switches        47
      Involuntary Context Switches      0
      Block Input Operations            0
      Block Output Operations           520
      

NOTE: PROCEDURE SQL used (Total process time):
      real time           0.00 seconds
      user cpu time       0.01 seconds
      system cpu time     0.00 seconds
      memory              5605.25k
      OS Memory           29608.00k
      Timestamp           08/05/2026 01:06:47 AM
      Step Count                        237  Switch Count  0
      Page Faults                       0
      Page Reclaims                     52
      Page Swaps                        0
      Voluntary Context Switches        11
      Involuntary Context Switches      0
      Block Input Operations            0
      Block Output Operations           0
      


NOTE: Deleting FNMAE.LOAN2005Q2 (memtype=DATA).
NOTE: PROCEDURE DATASETS used (Total process time):
      real time           0.00 seconds
      user cpu time       0.00 seconds
      system cpu time     0.01 seconds
      memory              348.06k
      OS Memory           24484.00k
      Timestamp           08/05/2026 01:06:47 AM
      Step Count                        238  Switch Count  2
      Page Faults                       0
      Page Reclaims                     48
      Page Swaps                        0
      Voluntary Context Switches        22
      Involuntary Context Switches      0
      Block Input Operations            0
      Block Output Operations           8
5                                                          The SAS System                       Tuesday, August  4, 2026 06:06:47 PM

      


NOTE: Deleting WORK._MONTHLY (memtype=DATA).
NOTE: Deleting WORK._LOGROW (memtype=DATA).
NOTE: PROCEDURE DATASETS used (Total process time):
      real time           0.37 seconds
      user cpu time       0.00 seconds
      system cpu time     0.36 seconds
      memory              348.06k
      OS Memory           24484.00k
      Timestamp           08/05/2026 01:06:48 AM
      Step Count                        239  Switch Count  4
      Page Faults                       0
      Page Reclaims                     48
      Page Swaps                        0
      Voluntary Context Switches        18
      Involuntary Context Switches      87
      Block Input Operations            0
      Block Output Operations           8
      

NOTE: 2005Q2 complete - records read       27,084,301          - loans          339,372          - Defaults           17,269        
  - Elapsed   0:03:18.17          - CUMULATIVE RECORDS      964,380,000
NOTE: 2005Q2.csv.gz removed from RAW
70         
71         OPTIONS NONOTES NOSTIMER NOSOURCE NOSYNTAXCHECK;
81         
6                                                          The SAS System                       Tuesday, August  4, 2026 06:27:30 PM


1                                                          The SAS System                       Tuesday, August  4, 2026 06:27:30 PM

1          OPTIONS NONOTES NOSTIMER NOSOURCE NOSYNTAXCHECK;
68         
69         %ProcessYearlyQuarter(YearQtr=2005Q3);
NOTE: Processing data for the yearly quarter: 2005Q3

NOTE: The infile SRC is:
      Filename=/home/bvsierrap0/RAW/2005Q3.csv.gz

NOTE: 35679987 records were read from the infile SRC.
      The minimum record length was 215.
      The maximum record length was 392.
NOTE: The data set WORK._MONTHLY has 35679987 observations and 36 variables.
NOTE: Compressing data set WORK._MONTHLY decreased size by 28.21 percent. 
      Compressed is 46999 pages; un-compressed would require 65468 pages.
NOTE: DATA statement used (Total process time):
      real time           4:04.09
      user cpu time       3:59.55
      system cpu time     3.07 seconds
      memory              2685.40k
      OS Memory           26020.00k
      Timestamp           08/05/2026 01:31:34 AM
      Step Count                        245  Switch Count  2
      Page Faults                       0
      Page Reclaims                     499
      Page Swaps                        0
      Voluntary Context Switches        42
      Involuntary Context Switches      1901
      Block Input Operations            0
      Block Output Operations           12035616
      

NOTE: Fileref SRC has been deassigned.

NOTE: Missing values were generated as a result of performing an operation on missing values.
      Each place is given by: (Number of times) at (Line):(Column).
      1212 at 69:2   
NOTE: There were 35679987 observations read from the data set WORK._MONTHLY.
NOTE: The data set FNMAE.LOAN2005Q3 has 440521 observations and 44 variables.
NOTE: Compressing data set FNMAE.LOAN2005Q3 decreased size by 33.12 percent. 
      Compressed is 739 pages; un-compressed would require 1105 pages.
NOTE: DATA statement used (Total process time):
      real time           19.47 seconds
      user cpu time       17.92 seconds
      system cpu time     1.21 seconds
      memory              4634.18k
      OS Memory           29096.00k
      Timestamp           08/05/2026 01:31:54 AM
      Step Count                        246  Switch Count  26
      Page Faults                       0
      Page Reclaims                     810
      Page Swaps                        0
      Voluntary Context Switches        2343
      Involuntary Context Switches      28
      Block Input Operations            0
      Block Output Operations           189192
      

NOTE: PROCEDURE SQL used (Total process time):
2                                                          The SAS System                       Tuesday, August  4, 2026 06:31:54 PM

      real time           0.27 seconds
      user cpu time       0.23 seconds
      system cpu time     0.03 seconds
      memory              7250.71k
      OS Memory           30632.00k
      Timestamp           08/05/2026 01:31:54 AM
      Step Count                        247  Switch Count  1
      Page Faults                       0
      Page Reclaims                     290
      Page Swaps                        0
      Voluntary Context Switches        500
      Involuntary Context Switches      14
      Block Input Operations            0
      Block Output Operations           0
      

NOTE: PROCEDURE SQL used (Total process time):
      real time           0.00 seconds
      user cpu time       0.00 seconds
      system cpu time     0.00 seconds
      memory              5605.25k
      OS Memory           29608.00k
      Timestamp           08/05/2026 01:31:54 AM
      Step Count                        248  Switch Count  0
      Page Faults                       0
      Page Reclaims                     52
      Page Swaps                        0
      Voluntary Context Switches        5
      Involuntary Context Switches      0
      Block Input Operations            0
      Block Output Operations           0
      


NOTE: Appending FNMAE.LOAN2005Q3 to FNMAE.LOANMASTER.
NOTE: There were 440521 observations read from the data set FNMAE.LOAN2005Q3.
NOTE: 440521 observations added.
NOTE: The data set FNMAE.LOANMASTER has 16423436 observations and 44 variables.
NOTE: PROCEDURE APPEND used (Total process time):
      real time           0.94 seconds
      user cpu time       0.63 seconds
      system cpu time     0.09 seconds
      memory              4448.81k
      OS Memory           28588.00k
      Timestamp           08/05/2026 01:31:55 AM
      Step Count                        249  Switch Count  8
      Page Faults                       0
      Page Reclaims                     781
      Page Swaps                        0
      Voluntary Context Switches        2089
      Involuntary Context Switches      4
      Block Input Operations            0
      Block Output Operations           191000
      


NOTE: The data set WORK._LOGROW has 1 observations and 8 variables.
NOTE: DATA statement used (Total process time):
3                                                          The SAS System                       Tuesday, August  4, 2026 06:31:55 PM

      real time           0.00 seconds
      user cpu time       0.00 seconds
      system cpu time     0.00 seconds
      memory              526.25k
      OS Memory           24484.00k
      Timestamp           08/05/2026 01:31:55 AM
      Step Count                        250  Switch Count  2
      Page Faults                       0
      Page Reclaims                     87
      Page Swaps                        0
      Voluntary Context Switches        11
      Involuntary Context Switches      0
      Block Input Operations            0
      Block Output Operations           264
      


NOTE: Appending WORK._LOGROW to FNMAE.RUNLOG.
NOTE: There were 1 observations read from the data set WORK._LOGROW.
NOTE: 1 observations added.
NOTE: The data set FNMAE.RUNLOG has 39 observations and 8 variables.
NOTE: PROCEDURE APPEND used (Total process time):
      real time           0.00 seconds
      user cpu time       0.00 seconds
      system cpu time     0.00 seconds
      memory              1113.34k
      OS Memory           25004.00k
      Timestamp           08/05/2026 01:31:55 AM
      Step Count                        251  Switch Count  0
      Page Faults                       0
      Page Reclaims                     116
      Page Swaps                        0
      Voluntary Context Switches        20
      Involuntary Context Switches      0
      Block Input Operations            0
      Block Output Operations           528
      


NOTE: There were 39 observations read from the data set FNMAE.RUNLOG.
NOTE: The data set FNMAE.RUNLOG has 39 observations and 8 variables.
NOTE: Compressing data set FNMAE.RUNLOG increased size by 100.00 percent. 
      Compressed is 2 pages; un-compressed would require 1 pages.
NOTE: PROCEDURE SORT used (Total process time):
      real time           0.01 seconds
      user cpu time       0.00 seconds
      system cpu time     0.00 seconds
      memory              924.21k
      OS Memory           24744.00k
      Timestamp           08/05/2026 01:31:55 AM
      Step Count                        252  Switch Count  2
      Page Faults                       0
      Page Reclaims                     113
      Page Swaps                        0
      Voluntary Context Switches        47
      Involuntary Context Switches      0
      Block Input Operations            0
      Block Output Operations           520
4                                                          The SAS System                       Tuesday, August  4, 2026 06:31:55 PM

      


NOTE: There were 39 observations read from the data set FNMAE.RUNLOG.
NOTE: The data set FNMAE.RUNLOG has 39 observations and 8 variables.
NOTE: Compressing data set FNMAE.RUNLOG increased size by 100.00 percent. 
      Compressed is 2 pages; un-compressed would require 1 pages.
NOTE: DATA statement used (Total process time):
      real time           0.01 seconds
      user cpu time       0.00 seconds
      system cpu time     0.00 seconds
      memory              1060.46k
      OS Memory           24744.00k
      Timestamp           08/05/2026 01:31:55 AM
      Step Count                        253  Switch Count  2
      Page Faults                       0
      Page Reclaims                     120
      Page Swaps                        0
      Voluntary Context Switches        54
      Involuntary Context Switches      0
      Block Input Operations            0
      Block Output Operations           520
      

NOTE: PROCEDURE SQL used (Total process time):
      real time           0.00 seconds
      user cpu time       0.00 seconds
      system cpu time     0.00 seconds
      memory              5605.25k
      OS Memory           29608.00k
      Timestamp           08/05/2026 01:31:55 AM
      Step Count                        254  Switch Count  0
      Page Faults                       0
      Page Reclaims                     52
      Page Swaps                        0
      Voluntary Context Switches        10
      Involuntary Context Switches      0
      Block Input Operations            0
      Block Output Operations           0
      


NOTE: Deleting FNMAE.LOAN2005Q3 (memtype=DATA).
NOTE: PROCEDURE DATASETS used (Total process time):
      real time           0.01 seconds
      user cpu time       0.00 seconds
      system cpu time     0.01 seconds
      memory              347.15k
      OS Memory           24484.00k
      Timestamp           08/05/2026 01:31:55 AM
      Step Count                        255  Switch Count  2
      Page Faults                       0
      Page Reclaims                     48
      Page Swaps                        0
      Voluntary Context Switches        22
      Involuntary Context Switches      1
      Block Input Operations            0
      Block Output Operations           8
5                                                          The SAS System                       Tuesday, August  4, 2026 06:31:55 PM

      


NOTE: Deleting WORK._MONTHLY (memtype=DATA).
NOTE: Deleting WORK._LOGROW (memtype=DATA).
NOTE: PROCEDURE DATASETS used (Total process time):
      real time           0.52 seconds
      user cpu time       0.00 seconds
      system cpu time     0.51 seconds
      memory              347.15k
      OS Memory           24484.00k
      Timestamp           08/05/2026 01:31:55 AM
      Step Count                        256  Switch Count  4
      Page Faults                       0
      Page Reclaims                     48
      Page Swaps                        0
      Voluntary Context Switches        18
      Involuntary Context Switches      98
      Block Input Operations            0
      Block Output Operations           8
      

NOTE: 2005Q3 complete - records read       35,679,987          - loans          440,521          - Defaults           26,096        
  - Elapsed   0:04:24.82          - CUMULATIVE RECORDS    1,000,100,000
NOTE: 2005Q3.csv.gz removed from RAW
70         
71         OPTIONS NONOTES NOSTIMER NOSOURCE NOSYNTAXCHECK;
81         
6                                                          The SAS System                       Tuesday, August  4, 2026 06:52:34 PM


1                                                          The SAS System                       Tuesday, August  4, 2026 06:52:34 PM

1          OPTIONS NONOTES NOSTIMER NOSOURCE NOSYNTAXCHECK;
68         
69         %ProcessYearlyQuarter(YearQtr=2005Q4);
NOTE: Processing data for the yearly quarter: 2005Q4

NOTE: The infile SRC is:
      Filename=/home/bvsierrap0/RAW/2005Q4.csv.gz

NOTE: 29647091 records were read from the infile SRC.
      The minimum record length was 214.
      The maximum record length was 393.
NOTE: The data set WORK._MONTHLY has 29647091 observations and 36 variables.
NOTE: Compressing data set WORK._MONTHLY decreased size by 27.86 percent. 
      Compressed is 39241 pages; un-compressed would require 54399 pages.
NOTE: DATA statement used (Total process time):
      real time           3:20.10
      user cpu time       3:16.25
      system cpu time     2.56 seconds
      memory              2688.25k
      OS Memory           26020.00k
      Timestamp           08/05/2026 01:55:54 AM
      Step Count                        262  Switch Count  2
      Page Faults                       0
      Page Reclaims                     515
      Page Swaps                        0
      Voluntary Context Switches        46
      Involuntary Context Switches      1902
      Block Input Operations            0
      Block Output Operations           10049312
      

NOTE: Fileref SRC has been deassigned.

NOTE: Missing values were generated as a result of performing an operation on missing values.
      Each place is given by: (Number of times) at (Line):(Column).
      951 at 69:2   
NOTE: There were 29647091 observations read from the data set WORK._MONTHLY.
NOTE: The data set FNMAE.LOAN2005Q4 has 378311 observations and 44 variables.
NOTE: Compressing data set FNMAE.LOAN2005Q4 decreased size by 32.88 percent. 
      Compressed is 637 pages; un-compressed would require 949 pages.
NOTE: DATA statement used (Total process time):
      real time           16.50 seconds
      user cpu time       15.18 seconds
      system cpu time     1.11 seconds
      memory              4633.34k
      OS Memory           29096.00k
      Timestamp           08/05/2026 01:56:10 AM
      Step Count                        263  Switch Count  26
      Page Faults                       0
      Page Reclaims                     810
      Page Swaps                        0
      Voluntary Context Switches        814
      Involuntary Context Switches      39
      Block Input Operations            0
      Block Output Operations           163608
      

NOTE: PROCEDURE SQL used (Total process time):
2                                                          The SAS System                       Tuesday, August  4, 2026 06:56:11 PM

      real time           0.28 seconds
      user cpu time       0.23 seconds
      system cpu time     0.04 seconds
      memory              7250.81k
      OS Memory           30632.00k
      Timestamp           08/05/2026 01:56:11 AM
      Step Count                        264  Switch Count  1
      Page Faults                       0
      Page Reclaims                     290
      Page Swaps                        0
      Voluntary Context Switches        659
      Involuntary Context Switches      2
      Block Input Operations            0
      Block Output Operations           0
      

NOTE: PROCEDURE SQL used (Total process time):
      real time           0.00 seconds
      user cpu time       0.00 seconds
      system cpu time     0.00 seconds
      memory              5605.34k
      OS Memory           29608.00k
      Timestamp           08/05/2026 01:56:11 AM
      Step Count                        265  Switch Count  0
      Page Faults                       0
      Page Reclaims                     52
      Page Swaps                        0
      Voluntary Context Switches        5
      Involuntary Context Switches      0
      Block Input Operations            0
      Block Output Operations           0
      


NOTE: Appending FNMAE.LOAN2005Q4 to FNMAE.LOANMASTER.
NOTE: There were 378311 observations read from the data set FNMAE.LOAN2005Q4.
NOTE: 378311 observations added.
NOTE: The data set FNMAE.LOANMASTER has 16801747 observations and 44 variables.
NOTE: PROCEDURE APPEND used (Total process time):
      real time           0.81 seconds
      user cpu time       0.54 seconds
      system cpu time     0.08 seconds
      memory              4450.98k
      OS Memory           28588.00k
      Timestamp           08/05/2026 01:56:11 AM
      Step Count                        266  Switch Count  0
      Page Faults                       0
      Page Reclaims                     780
      Page Swaps                        0
      Voluntary Context Switches        1917
      Involuntary Context Switches      3
      Block Input Operations            0
      Block Output Operations           163856
      


NOTE: The data set WORK._LOGROW has 1 observations and 8 variables.
NOTE: DATA statement used (Total process time):
3                                                          The SAS System                       Tuesday, August  4, 2026 06:56:11 PM

      real time           0.00 seconds
      user cpu time       0.00 seconds
      system cpu time     0.00 seconds
      memory              526.21k
      OS Memory           24484.00k
      Timestamp           08/05/2026 01:56:11 AM
      Step Count                        267  Switch Count  2
      Page Faults                       0
      Page Reclaims                     87
      Page Swaps                        0
      Voluntary Context Switches        11
      Involuntary Context Switches      0
      Block Input Operations            0
      Block Output Operations           264
      


NOTE: Appending WORK._LOGROW to FNMAE.RUNLOG.
NOTE: There were 1 observations read from the data set WORK._LOGROW.
NOTE: 1 observations added.
NOTE: The data set FNMAE.RUNLOG has 40 observations and 8 variables.
NOTE: PROCEDURE APPEND used (Total process time):
      real time           0.00 seconds
      user cpu time       0.00 seconds
      system cpu time     0.00 seconds
      memory              1115.73k
      OS Memory           25004.00k
      Timestamp           08/05/2026 01:56:11 AM
      Step Count                        268  Switch Count  0
      Page Faults                       0
      Page Reclaims                     116
      Page Swaps                        0
      Voluntary Context Switches        18
      Involuntary Context Switches      0
      Block Input Operations            0
      Block Output Operations           536
      


NOTE: There were 40 observations read from the data set FNMAE.RUNLOG.
NOTE: The data set FNMAE.RUNLOG has 40 observations and 8 variables.
NOTE: Compressing data set FNMAE.RUNLOG increased size by 100.00 percent. 
      Compressed is 2 pages; un-compressed would require 1 pages.
NOTE: PROCEDURE SORT used (Total process time):
      real time           0.02 seconds
      user cpu time       0.01 seconds
      system cpu time     0.00 seconds
      memory              924.06k
      OS Memory           24744.00k
      Timestamp           08/05/2026 01:56:11 AM
      Step Count                        269  Switch Count  2
      Page Faults                       0
      Page Reclaims                     113
      Page Swaps                        0
      Voluntary Context Switches        46
      Involuntary Context Switches      0
      Block Input Operations            0
      Block Output Operations           520
4                                                          The SAS System                       Tuesday, August  4, 2026 06:56:11 PM

      


NOTE: There were 40 observations read from the data set FNMAE.RUNLOG.
NOTE: The data set FNMAE.RUNLOG has 40 observations and 8 variables.
NOTE: Compressing data set FNMAE.RUNLOG increased size by 100.00 percent. 
      Compressed is 2 pages; un-compressed would require 1 pages.
NOTE: DATA statement used (Total process time):
      real time           0.02 seconds
      user cpu time       0.00 seconds
      system cpu time     0.00 seconds
      memory              1061.93k
      OS Memory           24744.00k
      Timestamp           08/05/2026 01:56:11 AM
      Step Count                        270  Switch Count  2
      Page Faults                       0
      Page Reclaims                     120
      Page Swaps                        0
      Voluntary Context Switches        50
      Involuntary Context Switches      0
      Block Input Operations            0
      Block Output Operations           520
      

NOTE: PROCEDURE SQL used (Total process time):
      real time           0.00 seconds
      user cpu time       0.00 seconds
      system cpu time     0.00 seconds
      memory              5605.34k
      OS Memory           29608.00k
      Timestamp           08/05/2026 01:56:11 AM
      Step Count                        271  Switch Count  0
      Page Faults                       0
      Page Reclaims                     52
      Page Swaps                        0
      Voluntary Context Switches        11
      Involuntary Context Switches      1
      Block Input Operations            0
      Block Output Operations           0
      


NOTE: Deleting FNMAE.LOAN2005Q4 (memtype=DATA).
NOTE: PROCEDURE DATASETS used (Total process time):
      real time           0.02 seconds
      user cpu time       0.00 seconds
      system cpu time     0.01 seconds
      memory              349.20k
      OS Memory           24484.00k
      Timestamp           08/05/2026 01:56:11 AM
      Step Count                        272  Switch Count  2
      Page Faults                       0
      Page Reclaims                     48
      Page Swaps                        0
      Voluntary Context Switches        22
      Involuntary Context Switches      1
      Block Input Operations            0
      Block Output Operations           8
5                                                          The SAS System                       Tuesday, August  4, 2026 06:56:11 PM

      


NOTE: Deleting WORK._MONTHLY (memtype=DATA).
NOTE: Deleting WORK._LOGROW (memtype=DATA).
NOTE: PROCEDURE DATASETS used (Total process time):
      real time           0.43 seconds
      user cpu time       0.00 seconds
      system cpu time     0.42 seconds
      memory              351.07k
      OS Memory           24484.00k
      Timestamp           08/05/2026 01:56:12 AM
      Step Count                        273  Switch Count  4
      Page Faults                       0
      Page Reclaims                     48
      Page Swaps                        0
      Voluntary Context Switches        18
      Involuntary Context Switches      92
      Block Input Operations            0
      Block Output Operations           8
      

NOTE: 2005Q4 complete - records read       29,647,091          - loans          378,311          - Defaults           25,556        
  - Elapsed   0:03:37.75          - CUMULATIVE RECORDS    1,029,700,000
NOTE: 2005Q4.csv.gz removed from RAW
70         
71         OPTIONS NONOTES NOSTIMER NOSOURCE NOSYNTAXCHECK;
81         
6                                                          The SAS System                       Tuesday, August  4, 2026 07:06:51 PM


1                                                          The SAS System                       Tuesday, August  4, 2026 07:06:51 PM

1          OPTIONS NONOTES NOSTIMER NOSOURCE NOSYNTAXCHECK;
68         
69         %ProcessYearlyQuarter(YearQtr=2006Q1);
NOTE: Processing data for the yearly quarter: 2006Q1

NOTE: The infile SRC is:
      Filename=/home/bvsierrap0/RAW/2006Q1.csv.gz

NOTE: 18179171 records were read from the infile SRC.
      The minimum record length was 216.
      The maximum record length was 388.
NOTE: The data set WORK._MONTHLY has 18179171 observations and 36 variables.
NOTE: Compressing data set WORK._MONTHLY decreased size by 28.16 percent. 
      Compressed is 23964 pages; un-compressed would require 33357 pages.
NOTE: DATA statement used (Total process time):
      real time           2:01.65
      user cpu time       1:59.49
      system cpu time     1.46 seconds
      memory              2688.87k
      OS Memory           26020.00k
      Timestamp           08/05/2026 02:08:53 AM
      Step Count                        279  Switch Count  2
      Page Faults                       0
      Page Reclaims                     501
      Page Swaps                        0
      Voluntary Context Switches        38
      Involuntary Context Switches      1093
      Block Input Operations            0
      Block Output Operations           6136608
      

NOTE: Fileref SRC has been deassigned.

NOTE: Missing values were generated as a result of performing an operation on missing values.
      Each place is given by: (Number of times) at (Line):(Column).
      472 at 69:2   
NOTE: There were 18179171 observations read from the data set WORK._MONTHLY.
NOTE: The data set FNMAE.LOAN2006Q1 has 253043 observations and 44 variables.
NOTE: Compressing data set FNMAE.LOAN2006Q1 decreased size by 32.91 percent. 
      Compressed is 426 pages; un-compressed would require 635 pages.
NOTE: DATA statement used (Total process time):
      real time           10.03 seconds
      user cpu time       9.17 seconds
      system cpu time     0.67 seconds
      memory              4631.03k
      OS Memory           29096.00k
      Timestamp           08/05/2026 02:09:03 AM
      Step Count                        280  Switch Count  10
      Page Faults                       0
      Page Reclaims                     819
      Page Swaps                        0
      Voluntary Context Switches        1394
      Involuntary Context Switches      25
      Block Input Operations            0
      Block Output Operations           109584
      

NOTE: PROCEDURE SQL used (Total process time):
2                                                          The SAS System                       Tuesday, August  4, 2026 07:09:03 PM

      real time           0.18 seconds
      user cpu time       0.13 seconds
      system cpu time     0.04 seconds
      memory              7250.71k
      OS Memory           30632.00k
      Timestamp           08/05/2026 02:09:03 AM
      Step Count                        281  Switch Count  1
      Page Faults                       0
      Page Reclaims                     288
      Page Swaps                        0
      Voluntary Context Switches        500
      Involuntary Context Switches      26
      Block Input Operations            0
      Block Output Operations           0
      

NOTE: PROCEDURE SQL used (Total process time):
      real time           0.00 seconds
      user cpu time       0.00 seconds
      system cpu time     0.00 seconds
      memory              5605.25k
      OS Memory           29608.00k
      Timestamp           08/05/2026 02:09:03 AM
      Step Count                        282  Switch Count  0
      Page Faults                       0
      Page Reclaims                     52
      Page Swaps                        0
      Voluntary Context Switches        5
      Involuntary Context Switches      0
      Block Input Operations            0
      Block Output Operations           0
      


NOTE: Appending FNMAE.LOAN2006Q1 to FNMAE.LOANMASTER.
NOTE: There were 253043 observations read from the data set FNMAE.LOAN2006Q1.
NOTE: 253043 observations added.
NOTE: The data set FNMAE.LOANMASTER has 17054790 observations and 44 variables.
NOTE: PROCEDURE APPEND used (Total process time):
      real time           0.54 seconds
      user cpu time       0.36 seconds
      system cpu time     0.05 seconds
      memory              4448.81k
      OS Memory           28588.00k
      Timestamp           08/05/2026 02:09:04 AM
      Step Count                        283  Switch Count  0
      Page Faults                       0
      Page Reclaims                     780
      Page Swaps                        0
      Voluntary Context Switches        1365
      Involuntary Context Switches      2
      Block Input Operations            0
      Block Output Operations           109584
      


NOTE: The data set WORK._LOGROW has 1 observations and 8 variables.
NOTE: DATA statement used (Total process time):
3                                                          The SAS System                       Tuesday, August  4, 2026 07:09:04 PM

      real time           0.00 seconds
      user cpu time       0.00 seconds
      system cpu time     0.00 seconds
      memory              524.15k
      OS Memory           24484.00k
      Timestamp           08/05/2026 02:09:04 AM
      Step Count                        284  Switch Count  2
      Page Faults                       0
      Page Reclaims                     87
      Page Swaps                        0
      Voluntary Context Switches        11
      Involuntary Context Switches      0
      Block Input Operations            0
      Block Output Operations           264
      


NOTE: Appending WORK._LOGROW to FNMAE.RUNLOG.
NOTE: There were 1 observations read from the data set WORK._LOGROW.
NOTE: 1 observations added.
NOTE: The data set FNMAE.RUNLOG has 41 observations and 8 variables.
NOTE: PROCEDURE APPEND used (Total process time):
      real time           0.00 seconds
      user cpu time       0.00 seconds
      system cpu time     0.00 seconds
      memory              1113.34k
      OS Memory           25004.00k
      Timestamp           08/05/2026 02:09:04 AM
      Step Count                        285  Switch Count  0
      Page Faults                       0
      Page Reclaims                     116
      Page Swaps                        0
      Voluntary Context Switches        25
      Involuntary Context Switches      0
      Block Input Operations            0
      Block Output Operations           528
      


NOTE: There were 41 observations read from the data set FNMAE.RUNLOG.
NOTE: The data set FNMAE.RUNLOG has 41 observations and 8 variables.
NOTE: Compressing data set FNMAE.RUNLOG increased size by 100.00 percent. 
      Compressed is 2 pages; un-compressed would require 1 pages.
NOTE: PROCEDURE SORT used (Total process time):
      real time           0.02 seconds
      user cpu time       0.00 seconds
      system cpu time     0.01 seconds
      memory              923.90k
      OS Memory           24744.00k
      Timestamp           08/05/2026 02:09:04 AM
      Step Count                        286  Switch Count  2
      Page Faults                       0
      Page Reclaims                     113
      Page Swaps                        0
      Voluntary Context Switches        46
      Involuntary Context Switches      0
      Block Input Operations            0
      Block Output Operations           528
4                                                          The SAS System                       Tuesday, August  4, 2026 07:09:04 PM

      


NOTE: There were 41 observations read from the data set FNMAE.RUNLOG.
NOTE: The data set FNMAE.RUNLOG has 41 observations and 8 variables.
NOTE: Compressing data set FNMAE.RUNLOG increased size by 100.00 percent. 
      Compressed is 2 pages; un-compressed would require 1 pages.
NOTE: DATA statement used (Total process time):
      real time           0.02 seconds
      user cpu time       0.00 seconds
      system cpu time     0.00 seconds
      memory              1060.18k
      OS Memory           24744.00k
      Timestamp           08/05/2026 02:09:04 AM
      Step Count                        287  Switch Count  2
      Page Faults                       0
      Page Reclaims                     120
      Page Swaps                        0
      Voluntary Context Switches        57
      Involuntary Context Switches      1
      Block Input Operations            0
      Block Output Operations           520
      

NOTE: PROCEDURE SQL used (Total process time):
      real time           0.00 seconds
      user cpu time       0.00 seconds
      system cpu time     0.00 seconds
      memory              5605.25k
      OS Memory           29608.00k
      Timestamp           08/05/2026 02:09:04 AM
      Step Count                        288  Switch Count  0
      Page Faults                       0
      Page Reclaims                     52
      Page Swaps                        0
      Voluntary Context Switches        11
      Involuntary Context Switches      0
      Block Input Operations            0
      Block Output Operations           0
      


NOTE: Deleting FNMAE.LOAN2006Q1 (memtype=DATA).
NOTE: PROCEDURE DATASETS used (Total process time):
      real time           0.01 seconds
      user cpu time       0.00 seconds
      system cpu time     0.00 seconds
      memory              349.03k
      OS Memory           24484.00k
      Timestamp           08/05/2026 02:09:04 AM
      Step Count                        289  Switch Count  2
      Page Faults                       0
      Page Reclaims                     48
      Page Swaps                        0
      Voluntary Context Switches        22
      Involuntary Context Switches      2
      Block Input Operations            0
      Block Output Operations           8
5                                                          The SAS System                       Tuesday, August  4, 2026 07:09:04 PM

      


NOTE: Deleting WORK._MONTHLY (memtype=DATA).
NOTE: Deleting WORK._LOGROW (memtype=DATA).
NOTE: PROCEDURE DATASETS used (Total process time):
      real time           0.26 seconds
      user cpu time       0.00 seconds
      system cpu time     0.27 seconds
      memory              347.15k
      OS Memory           24484.00k
      Timestamp           08/05/2026 02:09:04 AM
      Step Count                        290  Switch Count  4
      Page Faults                       0
      Page Reclaims                     48
      Page Swaps                        0
      Voluntary Context Switches        18
      Involuntary Context Switches      37
      Block Input Operations            0
      Block Output Operations           8
      

NOTE: 2006Q1 complete - records read       18,179,171          - loans          253,043          - Defaults           19,135        
  - Elapsed   0:02:12.45          - CUMULATIVE RECORDS    1,047,900,000
NOTE: 2006Q1.csv.gz removed from RAW
70         
71         OPTIONS NONOTES NOSTIMER NOSOURCE NOSYNTAXCHECK;
81         
6                                                          The SAS System                       Tuesday, August  4, 2026 07:19:47 PM


1                                                          The SAS System                       Tuesday, August  4, 2026 07:19:47 PM

1          OPTIONS NONOTES NOSTIMER NOSOURCE NOSYNTAXCHECK;
68         
69         %ProcessYearlyQuarter(YearQtr=2006Q2);
NOTE: Processing data for the yearly quarter: 2006Q2

NOTE: The infile SRC is:
      Filename=/home/bvsierrap0/RAW/2006Q2.csv.gz

NOTE: 19718207 records were read from the infile SRC.
      The minimum record length was 215.
      The maximum record length was 392.
NOTE: The data set WORK._MONTHLY has 19718207 observations and 36 variables.
NOTE: Compressing data set WORK._MONTHLY decreased size by 28.38 percent. 
      Compressed is 25912 pages; un-compressed would require 36181 pages.
NOTE: DATA statement used (Total process time):
      real time           2:12.93
      user cpu time       2:10.43
      system cpu time     1.69 seconds
      memory              2687.03k
      OS Memory           26020.00k
      Timestamp           08/05/2026 02:22:00 AM
      Step Count                        296  Switch Count  2
      Page Faults                       0
      Page Reclaims                     519
      Page Swaps                        0
      Voluntary Context Switches        40
      Involuntary Context Switches      1309
      Block Input Operations            0
      Block Output Operations           6636320
      

NOTE: Fileref SRC has been deassigned.

NOTE: Missing values were generated as a result of performing an operation on missing values.
      Each place is given by: (Number of times) at (Line):(Column).
      447 at 69:2   
NOTE: There were 19718207 observations read from the data set WORK._MONTHLY.
NOTE: The data set FNMAE.LOAN2006Q2 has 291165 observations and 44 variables.
NOTE: Compressing data set FNMAE.LOAN2006Q2 decreased size by 33.15 percent. 
      Compressed is 488 pages; un-compressed would require 730 pages.
NOTE: DATA statement used (Total process time):
      real time           10.85 seconds
      user cpu time       9.92 seconds
      system cpu time     0.70 seconds
      memory              4632.43k
      OS Memory           29096.00k
      Timestamp           08/05/2026 02:22:10 AM
      Step Count                        297  Switch Count  18
      Page Faults                       0
      Page Reclaims                     810
      Page Swaps                        0
      Voluntary Context Switches        1060
      Involuntary Context Switches      24
      Block Input Operations            0
      Block Output Operations           125456
      

NOTE: PROCEDURE SQL used (Total process time):
2                                                          The SAS System                       Tuesday, August  4, 2026 07:22:11 PM

      real time           0.20 seconds
      user cpu time       0.16 seconds
      system cpu time     0.02 seconds
      memory              7250.81k
      OS Memory           30632.00k
      Timestamp           08/05/2026 02:22:11 AM
      Step Count                        298  Switch Count  1
      Page Faults                       0
      Page Reclaims                     290
      Page Swaps                        0
      Voluntary Context Switches        708
      Involuntary Context Switches      10
      Block Input Operations            0
      Block Output Operations           0
      

NOTE: PROCEDURE SQL used (Total process time):
      real time           0.00 seconds
      user cpu time       0.00 seconds
      system cpu time     0.00 seconds
      memory              5605.34k
      OS Memory           29608.00k
      Timestamp           08/05/2026 02:22:11 AM
      Step Count                        299  Switch Count  0
      Page Faults                       0
      Page Reclaims                     52
      Page Swaps                        0
      Voluntary Context Switches        5
      Involuntary Context Switches      0
      Block Input Operations            0
      Block Output Operations           0
      


NOTE: Appending FNMAE.LOAN2006Q2 to FNMAE.LOANMASTER.
NOTE: There were 291165 observations read from the data set FNMAE.LOAN2006Q2.
NOTE: 291165 observations added.
NOTE: The data set FNMAE.LOANMASTER has 17345955 observations and 44 variables.
NOTE: PROCEDURE APPEND used (Total process time):
      real time           0.62 seconds
      user cpu time       0.42 seconds
      system cpu time     0.06 seconds
      memory              4449.56k
      OS Memory           28588.00k
      Timestamp           08/05/2026 02:22:11 AM
      Step Count                        300  Switch Count  0
      Page Faults                       0
      Page Reclaims                     780
      Page Swaps                        0
      Voluntary Context Switches        1424
      Involuntary Context Switches      4
      Block Input Operations            0
      Block Output Operations           125712
      


NOTE: The data set WORK._LOGROW has 1 observations and 8 variables.
NOTE: DATA statement used (Total process time):
3                                                          The SAS System                       Tuesday, August  4, 2026 07:22:11 PM

      real time           0.00 seconds
      user cpu time       0.00 seconds
      system cpu time     0.00 seconds
      memory              525.09k
      OS Memory           24484.00k
      Timestamp           08/05/2026 02:22:11 AM
      Step Count                        301  Switch Count  2
      Page Faults                       0
      Page Reclaims                     87
      Page Swaps                        0
      Voluntary Context Switches        10
      Involuntary Context Switches      0
      Block Input Operations            0
      Block Output Operations           264
      


NOTE: Appending WORK._LOGROW to FNMAE.RUNLOG.
NOTE: There were 1 observations read from the data set WORK._LOGROW.
NOTE: 1 observations added.
NOTE: The data set FNMAE.RUNLOG has 42 observations and 8 variables.
NOTE: PROCEDURE APPEND used (Total process time):
      real time           0.00 seconds
      user cpu time       0.00 seconds
      system cpu time     0.00 seconds
      memory              1114.28k
      OS Memory           25004.00k
      Timestamp           08/05/2026 02:22:11 AM
      Step Count                        302  Switch Count  0
      Page Faults                       0
      Page Reclaims                     116
      Page Swaps                        0
      Voluntary Context Switches        20
      Involuntary Context Switches      0
      Block Input Operations            0
      Block Output Operations           528
      


NOTE: There were 42 observations read from the data set FNMAE.RUNLOG.
NOTE: The data set FNMAE.RUNLOG has 42 observations and 8 variables.
NOTE: Compressing data set FNMAE.RUNLOG increased size by 100.00 percent. 
      Compressed is 2 pages; un-compressed would require 1 pages.
NOTE: PROCEDURE SORT used (Total process time):
      real time           0.01 seconds
      user cpu time       0.01 seconds
      system cpu time     0.00 seconds
      memory              923.90k
      OS Memory           24744.00k
      Timestamp           08/05/2026 02:22:11 AM
      Step Count                        303  Switch Count  2
      Page Faults                       0
      Page Reclaims                     113
      Page Swaps                        0
      Voluntary Context Switches        46
      Involuntary Context Switches      0
      Block Input Operations            0
      Block Output Operations           520
4                                                          The SAS System                       Tuesday, August  4, 2026 07:22:11 PM

      


NOTE: There were 42 observations read from the data set FNMAE.RUNLOG.
NOTE: The data set FNMAE.RUNLOG has 42 observations and 8 variables.
NOTE: Compressing data set FNMAE.RUNLOG increased size by 100.00 percent. 
      Compressed is 2 pages; un-compressed would require 1 pages.
NOTE: DATA statement used (Total process time):
      real time           0.02 seconds
      user cpu time       0.00 seconds
      system cpu time     0.00 seconds
      memory              1059.50k
      OS Memory           24744.00k
      Timestamp           08/05/2026 02:22:11 AM
      Step Count                        304  Switch Count  2
      Page Faults                       0
      Page Reclaims                     120
      Page Swaps                        0
      Voluntary Context Switches        49
      Involuntary Context Switches      0
      Block Input Operations            0
      Block Output Operations           528
      

NOTE: PROCEDURE SQL used (Total process time):
      real time           0.00 seconds
      user cpu time       0.00 seconds
      system cpu time     0.00 seconds
      memory              5605.34k
      OS Memory           29608.00k
      Timestamp           08/05/2026 02:22:11 AM
      Step Count                        305  Switch Count  0
      Page Faults                       0
      Page Reclaims                     52
      Page Swaps                        0
      Voluntary Context Switches        10
      Involuntary Context Switches      0
      Block Input Operations            0
      Block Output Operations           0
      


NOTE: Deleting FNMAE.LOAN2006Q2 (memtype=DATA).
NOTE: PROCEDURE DATASETS used (Total process time):
      real time           0.01 seconds
      user cpu time       0.00 seconds
      system cpu time     0.00 seconds
      memory              347.90k
      OS Memory           24484.00k
      Timestamp           08/05/2026 02:22:11 AM
      Step Count                        306  Switch Count  2
      Page Faults                       0
      Page Reclaims                     48
      Page Swaps                        0
      Voluntary Context Switches        22
      Involuntary Context Switches      0
      Block Input Operations            0
      Block Output Operations           8
5                                                          The SAS System                       Tuesday, August  4, 2026 07:22:11 PM

      


NOTE: Deleting WORK._MONTHLY (memtype=DATA).
NOTE: Deleting WORK._LOGROW (memtype=DATA).
NOTE: PROCEDURE DATASETS used (Total process time):
      real time           0.28 seconds
      user cpu time       0.00 seconds
      system cpu time     0.28 seconds
      memory              347.90k
      OS Memory           24484.00k
      Timestamp           08/05/2026 02:22:12 AM
      Step Count                        307  Switch Count  4
      Page Faults                       0
      Page Reclaims                     48
      Page Swaps                        0
      Voluntary Context Switches        18
      Involuntary Context Switches      43
      Block Input Operations            0
      Block Output Operations           8
      

NOTE: 2006Q2 complete - records read       19,718,207          - loans          291,165          - Defaults           23,010        
  - Elapsed   0:02:24.65          - CUMULATIVE RECORDS    1,067,600,000
NOTE: 2006Q2.csv.gz removed from RAW
70         
71         OPTIONS NONOTES NOSTIMER NOSOURCE NOSYNTAXCHECK;
81         
6                                                          The SAS System                       Tuesday, August  4, 2026 07:29:02 PM


1                                                          The SAS System                       Tuesday, August  4, 2026 07:29:02 PM

1          OPTIONS NONOTES NOSTIMER NOSOURCE NOSYNTAXCHECK;
68         
69         %ProcessYearlyQuarter(YearQtr=2006Q3);
NOTE: Processing data for the yearly quarter: 2006Q3

NOTE: The infile SRC is:
      Filename=/home/bvsierrap0/RAW/2006Q3.csv.gz

NOTE: 16542961 records were read from the infile SRC.
      The minimum record length was 215.
      The maximum record length was 386.
NOTE: The data set WORK._MONTHLY has 16542961 observations and 36 variables.
NOTE: Compressing data set WORK._MONTHLY decreased size by 28.08 percent. 
      Compressed is 21830 pages; un-compressed would require 30355 pages.
NOTE: DATA statement used (Total process time):
      real time           1:51.66
      user cpu time       1:49.52
      system cpu time     1.38 seconds
      memory              2691.34k
      OS Memory           26020.00k
      Timestamp           08/05/2026 02:30:54 AM
      Step Count                        313  Switch Count  2
      Page Faults                       0
      Page Reclaims                     510
      Page Swaps                        0
      Voluntary Context Switches        38
      Involuntary Context Switches      740
      Block Input Operations            0
      Block Output Operations           5590312
      

NOTE: Fileref SRC has been deassigned.

NOTE: Missing values were generated as a result of performing an operation on missing values.
      Each place is given by: (Number of times) at (Line):(Column).
      446 at 69:2   
NOTE: There were 16542961 observations read from the data set WORK._MONTHLY.
NOTE: The data set FNMAE.LOAN2006Q3 has 271373 observations and 44 variables.
NOTE: Compressing data set FNMAE.LOAN2006Q3 decreased size by 32.89 percent. 
      Compressed is 457 pages; un-compressed would require 681 pages.
NOTE: DATA statement used (Total process time):
      real time           9.03 seconds
      user cpu time       8.25 seconds
      system cpu time     0.64 seconds
      memory              4631.78k
      OS Memory           29096.00k
      Timestamp           08/05/2026 02:31:03 AM
      Step Count                        314  Switch Count  10
      Page Faults                       0
      Page Reclaims                     807
      Page Swaps                        0
      Voluntary Context Switches        553
      Involuntary Context Switches      19
      Block Input Operations            0
      Block Output Operations           117520
      

NOTE: PROCEDURE SQL used (Total process time):
2                                                          The SAS System                       Tuesday, August  4, 2026 07:31:03 PM

      real time           0.19 seconds
      user cpu time       0.15 seconds
      system cpu time     0.02 seconds
      memory              7250.71k
      OS Memory           30632.00k
      Timestamp           08/05/2026 02:31:03 AM
      Step Count                        315  Switch Count  1
      Page Faults                       0
      Page Reclaims                     290
      Page Swaps                        0
      Voluntary Context Switches        582
      Involuntary Context Switches      3
      Block Input Operations            0
      Block Output Operations           0
      

NOTE: PROCEDURE SQL used (Total process time):
      real time           0.00 seconds
      user cpu time       0.00 seconds
      system cpu time     0.00 seconds
      memory              5605.25k
      OS Memory           29608.00k
      Timestamp           08/05/2026 02:31:03 AM
      Step Count                        316  Switch Count  0
      Page Faults                       0
      Page Reclaims                     52
      Page Swaps                        0
      Voluntary Context Switches        5
      Involuntary Context Switches      0
      Block Input Operations            0
      Block Output Operations           8
      


NOTE: Appending FNMAE.LOAN2006Q3 to FNMAE.LOANMASTER.
NOTE: There were 271373 observations read from the data set FNMAE.LOAN2006Q3.
NOTE: 271373 observations added.
NOTE: The data set FNMAE.LOANMASTER has 17617328 observations and 44 variables.
NOTE: PROCEDURE APPEND used (Total process time):
      real time           0.59 seconds
      user cpu time       0.40 seconds
      system cpu time     0.06 seconds
      memory              4449.50k
      OS Memory           28588.00k
      Timestamp           08/05/2026 02:31:03 AM
      Step Count                        317  Switch Count  0
      Page Faults                       0
      Page Reclaims                     780
      Page Swaps                        0
      Voluntary Context Switches        1664
      Involuntary Context Switches      1
      Block Input Operations            0
      Block Output Operations           118808
      


NOTE: The data set WORK._LOGROW has 1 observations and 8 variables.
NOTE: DATA statement used (Total process time):
3                                                          The SAS System                       Tuesday, August  4, 2026 07:31:03 PM

      real time           0.00 seconds
      user cpu time       0.00 seconds
      system cpu time     0.00 seconds
      memory              524.59k
      OS Memory           24484.00k
      Timestamp           08/05/2026 02:31:03 AM
      Step Count                        318  Switch Count  2
      Page Faults                       0
      Page Reclaims                     87
      Page Swaps                        0
      Voluntary Context Switches        11
      Involuntary Context Switches      0
      Block Input Operations            0
      Block Output Operations           264
      


NOTE: Appending WORK._LOGROW to FNMAE.RUNLOG.
NOTE: There were 1 observations read from the data set WORK._LOGROW.
NOTE: 1 observations added.
NOTE: The data set FNMAE.RUNLOG has 43 observations and 8 variables.
NOTE: PROCEDURE APPEND used (Total process time):
      real time           0.00 seconds
      user cpu time       0.00 seconds
      system cpu time     0.00 seconds
      memory              1114.03k
      OS Memory           25004.00k
      Timestamp           08/05/2026 02:31:03 AM
      Step Count                        319  Switch Count  0
      Page Faults                       0
      Page Reclaims                     116
      Page Swaps                        0
      Voluntary Context Switches        22
      Involuntary Context Switches      0
      Block Input Operations            0
      Block Output Operations           528
      


NOTE: There were 43 observations read from the data set FNMAE.RUNLOG.
NOTE: The data set FNMAE.RUNLOG has 43 observations and 8 variables.
NOTE: Compressing data set FNMAE.RUNLOG increased size by 100.00 percent. 
      Compressed is 2 pages; un-compressed would require 1 pages.
NOTE: PROCEDURE SORT used (Total process time):
      real time           0.01 seconds
      user cpu time       0.00 seconds
      system cpu time     0.00 seconds
      memory              924.59k
      OS Memory           24744.00k
      Timestamp           08/05/2026 02:31:03 AM
      Step Count                        320  Switch Count  2
      Page Faults                       0
      Page Reclaims                     113
      Page Swaps                        0
      Voluntary Context Switches        49
      Involuntary Context Switches      0
      Block Input Operations            0
      Block Output Operations           520
4                                                          The SAS System                       Tuesday, August  4, 2026 07:31:03 PM

      


NOTE: There were 43 observations read from the data set FNMAE.RUNLOG.
NOTE: The data set FNMAE.RUNLOG has 43 observations and 8 variables.
NOTE: Compressing data set FNMAE.RUNLOG increased size by 100.00 percent. 
      Compressed is 2 pages; un-compressed would require 1 pages.
NOTE: DATA statement used (Total process time):
      real time           0.02 seconds
      user cpu time       0.00 seconds
      system cpu time     0.00 seconds
      memory              1060.75k
      OS Memory           24744.00k
      Timestamp           08/05/2026 02:31:03 AM
      Step Count                        321  Switch Count  2
      Page Faults                       0
      Page Reclaims                     120
      Page Swaps                        0
      Voluntary Context Switches        52
      Involuntary Context Switches      0
      Block Input Operations            0
      Block Output Operations           520
      

NOTE: PROCEDURE SQL used (Total process time):
      real time           0.00 seconds
      user cpu time       0.01 seconds
      system cpu time     0.00 seconds
      memory              5605.25k
      OS Memory           29608.00k
      Timestamp           08/05/2026 02:31:03 AM
      Step Count                        322  Switch Count  0
      Page Faults                       0
      Page Reclaims                     52
      Page Swaps                        0
      Voluntary Context Switches        11
      Involuntary Context Switches      0
      Block Input Operations            0
      Block Output Operations           0
      


NOTE: Deleting FNMAE.LOAN2006Q3 (memtype=DATA).
NOTE: PROCEDURE DATASETS used (Total process time):
      real time           0.01 seconds
      user cpu time       0.00 seconds
      system cpu time     0.01 seconds
      memory              347.84k
      OS Memory           24484.00k
      Timestamp           08/05/2026 02:31:03 AM
      Step Count                        323  Switch Count  2
      Page Faults                       0
      Page Reclaims                     48
      Page Swaps                        0
      Voluntary Context Switches        22
      Involuntary Context Switches      1
      Block Input Operations            0
      Block Output Operations           8
5                                                          The SAS System                       Tuesday, August  4, 2026 07:31:03 PM

      


NOTE: Deleting WORK._MONTHLY (memtype=DATA).
NOTE: Deleting WORK._LOGROW (memtype=DATA).
NOTE: PROCEDURE DATASETS used (Total process time):
      real time           0.24 seconds
      user cpu time       0.00 seconds
      system cpu time     0.24 seconds
      memory              347.84k
      OS Memory           24484.00k
      Timestamp           08/05/2026 02:31:04 AM
      Step Count                        324  Switch Count  4
      Page Faults                       0
      Page Reclaims                     48
      Page Swaps                        0
      Voluntary Context Switches        29
      Involuntary Context Switches      53
      Block Input Operations            0
      Block Output Operations           8
      

NOTE: 2006Q3 complete - records read       16,542,961          - loans          271,373          - Defaults           21,450        
  - Elapsed   0:02:01.52          - CUMULATIVE RECORDS    1,084,100,000
NOTE: 2006Q3.csv.gz removed from RAW
70         
71         OPTIONS NONOTES NOSTIMER NOSOURCE NOSYNTAXCHECK;
81         
6                                                          The SAS System                       Tuesday, August  4, 2026 07:36:00 PM


1                                                          The SAS System                       Tuesday, August  4, 2026 07:36:00 PM

1          OPTIONS NONOTES NOSTIMER NOSOURCE NOSYNTAXCHECK;
68         
69         %ProcessYearlyQuarter(YearQtr=2006Q4);
NOTE: Processing data for the yearly quarter: 2006Q4

NOTE: The infile SRC is:
      Filename=/home/bvsierrap0/RAW/2006Q4.csv.gz

NOTE: 18044494 records were read from the infile SRC.
      The minimum record length was 216.
      The maximum record length was 391.
NOTE: The data set WORK._MONTHLY has 18044494 observations and 36 variables.
NOTE: Compressing data set WORK._MONTHLY decreased size by 28.37 percent. 
      Compressed is 23716 pages; un-compressed would require 33110 pages.
NOTE: DATA statement used (Total process time):
      real time           2:01.18
      user cpu time       1:59.02
      system cpu time     1.45 seconds
      memory              2690.43k
      OS Memory           26020.00k
      Timestamp           08/05/2026 02:38:01 AM
      Step Count                        330  Switch Count  2
      Page Faults                       0
      Page Reclaims                     512
      Page Swaps                        0
      Voluntary Context Switches        38
      Involuntary Context Switches      1355
      Block Input Operations            0
      Block Output Operations           6073120
      

NOTE: Fileref SRC has been deassigned.

NOTE: Missing values were generated as a result of performing an operation on missing values.
      Each place is given by: (Number of times) at (Line):(Column).
      411 at 69:2   
NOTE: There were 18044494 observations read from the data set WORK._MONTHLY.
NOTE: The data set FNMAE.LOAN2006Q4 has 280979 observations and 44 variables.
NOTE: Compressing data set FNMAE.LOAN2006Q4 decreased size by 33.05 percent. 
      Compressed is 472 pages; un-compressed would require 705 pages.
NOTE: DATA statement used (Total process time):
      real time           9.95 seconds
      user cpu time       9.14 seconds
      system cpu time     0.63 seconds
      memory              4631.12k
      OS Memory           29096.00k
      Timestamp           08/05/2026 02:38:11 AM
      Step Count                        331  Switch Count  10
      Page Faults                       0
      Page Reclaims                     810
      Page Swaps                        0
      Voluntary Context Switches        976
      Involuntary Context Switches      18
      Block Input Operations            0
      Block Output Operations           121368
      

NOTE: PROCEDURE SQL used (Total process time):
2                                                          The SAS System                       Tuesday, August  4, 2026 07:38:12 PM

      real time           0.19 seconds
      user cpu time       0.15 seconds
      system cpu time     0.02 seconds
      memory              7250.78k
      OS Memory           30632.00k
      Timestamp           08/05/2026 02:38:12 AM
      Step Count                        332  Switch Count  9
      Page Faults                       0
      Page Reclaims                     290
      Page Swaps                        0
      Voluntary Context Switches        750
      Involuntary Context Switches      2
      Block Input Operations            0
      Block Output Operations           0
      

NOTE: PROCEDURE SQL used (Total process time):
      real time           0.00 seconds
      user cpu time       0.00 seconds
      system cpu time     0.00 seconds
      memory              5605.31k
      OS Memory           29608.00k
      Timestamp           08/05/2026 02:38:12 AM
      Step Count                        333  Switch Count  0
      Page Faults                       0
      Page Reclaims                     52
      Page Swaps                        0
      Voluntary Context Switches        5
      Involuntary Context Switches      0
      Block Input Operations            0
      Block Output Operations           0
      


NOTE: Appending FNMAE.LOAN2006Q4 to FNMAE.LOANMASTER.
NOTE: There were 280979 observations read from the data set FNMAE.LOAN2006Q4.
NOTE: 280979 observations added.
NOTE: The data set FNMAE.LOANMASTER has 17898307 observations and 44 variables.
NOTE: PROCEDURE APPEND used (Total process time):
      real time           0.60 seconds
      user cpu time       0.40 seconds
      system cpu time     0.06 seconds
      memory              4448.87k
      OS Memory           28588.00k
      Timestamp           08/05/2026 02:38:12 AM
      Step Count                        334  Switch Count  0
      Page Faults                       0
      Page Reclaims                     780
      Page Swaps                        0
      Voluntary Context Switches        1286
      Involuntary Context Switches      3
      Block Input Operations            0
      Block Output Operations           121360
      


NOTE: The data set WORK._LOGROW has 1 observations and 8 variables.
NOTE: DATA statement used (Total process time):
3                                                          The SAS System                       Tuesday, August  4, 2026 07:38:12 PM

      real time           0.00 seconds
      user cpu time       0.00 seconds
      system cpu time     0.00 seconds
      memory              524.34k
      OS Memory           24484.00k
      Timestamp           08/05/2026 02:38:12 AM
      Step Count                        335  Switch Count  2
      Page Faults                       0
      Page Reclaims                     87
      Page Swaps                        0
      Voluntary Context Switches        9
      Involuntary Context Switches      0
      Block Input Operations            0
      Block Output Operations           264
      


NOTE: Appending WORK._LOGROW to FNMAE.RUNLOG.
NOTE: There were 1 observations read from the data set WORK._LOGROW.
NOTE: 1 observations added.
NOTE: The data set FNMAE.RUNLOG has 44 observations and 8 variables.
NOTE: PROCEDURE APPEND used (Total process time):
      real time           0.00 seconds
      user cpu time       0.00 seconds
      system cpu time     0.00 seconds
      memory              1114.56k
      OS Memory           25004.00k
      Timestamp           08/05/2026 02:38:12 AM
      Step Count                        336  Switch Count  0
      Page Faults                       0
      Page Reclaims                     116
      Page Swaps                        0
      Voluntary Context Switches        20
      Involuntary Context Switches      0
      Block Input Operations            0
      Block Output Operations           528
      


NOTE: There were 44 observations read from the data set FNMAE.RUNLOG.
NOTE: The data set FNMAE.RUNLOG has 44 observations and 8 variables.
NOTE: Compressing data set FNMAE.RUNLOG increased size by 100.00 percent. 
      Compressed is 2 pages; un-compressed would require 1 pages.
NOTE: PROCEDURE SORT used (Total process time):
      real time           0.02 seconds
      user cpu time       0.00 seconds
      system cpu time     0.01 seconds
      memory              923.71k
      OS Memory           24744.00k
      Timestamp           08/05/2026 02:38:12 AM
      Step Count                        337  Switch Count  2
      Page Faults                       0
      Page Reclaims                     113
      Page Swaps                        0
      Voluntary Context Switches        47
      Involuntary Context Switches      0
      Block Input Operations            0
      Block Output Operations           520
4                                                          The SAS System                       Tuesday, August  4, 2026 07:38:12 PM

      


NOTE: There were 44 observations read from the data set FNMAE.RUNLOG.
NOTE: The data set FNMAE.RUNLOG has 44 observations and 8 variables.
NOTE: Compressing data set FNMAE.RUNLOG increased size by 100.00 percent. 
      Compressed is 2 pages; un-compressed would require 1 pages.
NOTE: DATA statement used (Total process time):
      real time           0.02 seconds
      user cpu time       0.00 seconds
      system cpu time     0.00 seconds
      memory              1059.15k
      OS Memory           24744.00k
      Timestamp           08/05/2026 02:38:12 AM
      Step Count                        338  Switch Count  2
      Page Faults                       0
      Page Reclaims                     120
      Page Swaps                        0
      Voluntary Context Switches        51
      Involuntary Context Switches      0
      Block Input Operations            0
      Block Output Operations           520
      

NOTE: PROCEDURE SQL used (Total process time):
      real time           0.00 seconds
      user cpu time       0.00 seconds
      system cpu time     0.00 seconds
      memory              5605.31k
      OS Memory           29608.00k
      Timestamp           08/05/2026 02:38:12 AM
      Step Count                        339  Switch Count  0
      Page Faults                       0
      Page Reclaims                     52
      Page Swaps                        0
      Voluntary Context Switches        9
      Involuntary Context Switches      0
      Block Input Operations            0
      Block Output Operations           0
      


NOTE: Deleting FNMAE.LOAN2006Q4 (memtype=DATA).
NOTE: PROCEDURE DATASETS used (Total process time):
      real time           0.01 seconds
      user cpu time       0.00 seconds
      system cpu time     0.00 seconds
      memory              346.21k
      OS Memory           24484.00k
      Timestamp           08/05/2026 02:38:12 AM
      Step Count                        340  Switch Count  2
      Page Faults                       0
      Page Reclaims                     48
      Page Swaps                        0
      Voluntary Context Switches        22
      Involuntary Context Switches      0
      Block Input Operations            0
      Block Output Operations           8
5                                                          The SAS System                       Tuesday, August  4, 2026 07:38:12 PM

      


NOTE: Deleting WORK._MONTHLY (memtype=DATA).
NOTE: Deleting WORK._LOGROW (memtype=DATA).
NOTE: PROCEDURE DATASETS used (Total process time):
      real time           0.26 seconds
      user cpu time       0.00 seconds
      system cpu time     0.26 seconds
      memory              348.28k
      OS Memory           24484.00k
      Timestamp           08/05/2026 02:38:12 AM
      Step Count                        341  Switch Count  4
      Page Faults                       0
      Page Reclaims                     48
      Page Swaps                        0
      Voluntary Context Switches        18
      Involuntary Context Switches      55
      Block Input Operations            0
      Block Output Operations           8
      

NOTE: 2006Q4 complete - records read       18,044,494          - loans          280,979          - Defaults           23,835        
  - Elapsed   0:02:11.97          - CUMULATIVE RECORDS    1,102,200,000
NOTE: 2006Q4.csv.gz removed from RAW
70         
71         OPTIONS NONOTES NOSTIMER NOSOURCE NOSYNTAXCHECK;
81         
6                                                          The SAS System                       Tuesday, August  4, 2026 07:43:32 PM


1                                                          The SAS System                       Tuesday, August  4, 2026 07:43:32 PM

1          OPTIONS NONOTES NOSTIMER NOSOURCE NOSYNTAXCHECK;
68         
69         %ProcessYearlyQuarter(YearQtr=2007Q1);
NOTE: Processing data for the yearly quarter: 2007Q1

NOTE: The infile SRC is:
      Filename=/home/bvsierrap0/RAW/2007Q1.csv.gz

NOTE: 16759833 records were read from the infile SRC.
      The minimum record length was 213.
      The maximum record length was 392.
NOTE: The data set WORK._MONTHLY has 16759833 observations and 36 variables.
NOTE: Compressing data set WORK._MONTHLY decreased size by 28.17 percent. 
      Compressed is 22089 pages; un-compressed would require 30753 pages.
NOTE: DATA statement used (Total process time):
      real time           1:53.30
      user cpu time       1:51.17
      system cpu time     1.41 seconds
      memory              2691.46k
      OS Memory           26020.00k
      Timestamp           08/05/2026 02:45:25 AM
      Step Count                        347  Switch Count  2
      Page Faults                       0
      Page Reclaims                     500
      Page Swaps                        0
      Voluntary Context Switches        38
      Involuntary Context Switches      821
      Block Input Operations            0
      Block Output Operations           5656864
      

NOTE: Fileref SRC has been deassigned.

NOTE: Missing values were generated as a result of performing an operation on missing values.
      Each place is given by: (Number of times) at (Line):(Column).
      322 at 69:2   
NOTE: There were 16759833 observations read from the data set WORK._MONTHLY.
NOTE: The data set FNMAE.LOAN2007Q1 has 253279 observations and 44 variables.
NOTE: Compressing data set FNMAE.LOAN2007Q1 decreased size by 32.91 percent. 
      Compressed is 426 pages; un-compressed would require 635 pages.
NOTE: DATA statement used (Total process time):
      real time           9.47 seconds
      user cpu time       8.66 seconds
      system cpu time     0.57 seconds
      memory              4633.31k
      OS Memory           29096.00k
      Timestamp           08/05/2026 02:45:35 AM
      Step Count                        348  Switch Count  10
      Page Faults                       0
      Page Reclaims                     809
      Page Swaps                        0
      Voluntary Context Switches        814
      Involuntary Context Switches      36
      Block Input Operations            0
      Block Output Operations           109584
      

NOTE: PROCEDURE SQL used (Total process time):
2                                                          The SAS System                       Tuesday, August  4, 2026 07:45:35 PM

      real time           0.18 seconds
      user cpu time       0.14 seconds
      system cpu time     0.02 seconds
      memory              7251.06k
      OS Memory           30632.00k
      Timestamp           08/05/2026 02:45:35 AM
      Step Count                        349  Switch Count  1
      Page Faults                       0
      Page Reclaims                     280
      Page Swaps                        0
      Voluntary Context Switches        526
      Involuntary Context Switches      3
      Block Input Operations            0
      Block Output Operations           0
      

NOTE: PROCEDURE SQL used (Total process time):
      real time           0.00 seconds
      user cpu time       0.00 seconds
      system cpu time     0.00 seconds
      memory              5605.59k
      OS Memory           29608.00k
      Timestamp           08/05/2026 02:45:35 AM
      Step Count                        350  Switch Count  0
      Page Faults                       0
      Page Reclaims                     52
      Page Swaps                        0
      Voluntary Context Switches        5
      Involuntary Context Switches      0
      Block Input Operations            0
      Block Output Operations           0
      


NOTE: Appending FNMAE.LOAN2007Q1 to FNMAE.LOANMASTER.
NOTE: There were 253279 observations read from the data set FNMAE.LOAN2007Q1.
NOTE: 253279 observations added.
NOTE: The data set FNMAE.LOANMASTER has 18151586 observations and 44 variables.
NOTE: PROCEDURE APPEND used (Total process time):
      real time           0.54 seconds
      user cpu time       0.36 seconds
      system cpu time     0.05 seconds
      memory              4448.81k
      OS Memory           28588.00k
      Timestamp           08/05/2026 02:45:35 AM
      Step Count                        351  Switch Count  8
      Page Faults                       0
      Page Reclaims                     780
      Page Swaps                        0
      Voluntary Context Switches        938
      Involuntary Context Switches      2
      Block Input Operations            0
      Block Output Operations           109840
      


NOTE: The data set WORK._LOGROW has 1 observations and 8 variables.
NOTE: DATA statement used (Total process time):
3                                                          The SAS System                       Tuesday, August  4, 2026 07:45:35 PM

      real time           0.00 seconds
      user cpu time       0.00 seconds
      system cpu time     0.00 seconds
      memory              526.37k
      OS Memory           24484.00k
      Timestamp           08/05/2026 02:45:35 AM
      Step Count                        352  Switch Count  2
      Page Faults                       0
      Page Reclaims                     87
      Page Swaps                        0
      Voluntary Context Switches        10
      Involuntary Context Switches      0
      Block Input Operations            0
      Block Output Operations           264
      


NOTE: Appending WORK._LOGROW to FNMAE.RUNLOG.
NOTE: There were 1 observations read from the data set WORK._LOGROW.
NOTE: 1 observations added.
NOTE: The data set FNMAE.RUNLOG has 45 observations and 8 variables.
NOTE: PROCEDURE APPEND used (Total process time):
      real time           0.00 seconds
      user cpu time       0.00 seconds
      system cpu time     0.00 seconds
      memory              1113.68k
      OS Memory           25004.00k
      Timestamp           08/05/2026 02:45:35 AM
      Step Count                        353  Switch Count  0
      Page Faults                       0
      Page Reclaims                     116
      Page Swaps                        0
      Voluntary Context Switches        21
      Involuntary Context Switches      0
      Block Input Operations            0
      Block Output Operations           528
      


NOTE: There were 45 observations read from the data set FNMAE.RUNLOG.
NOTE: The data set FNMAE.RUNLOG has 45 observations and 8 variables.
NOTE: Compressing data set FNMAE.RUNLOG increased size by 100.00 percent. 
      Compressed is 2 pages; un-compressed would require 1 pages.
NOTE: PROCEDURE SORT used (Total process time):
      real time           0.01 seconds
      user cpu time       0.00 seconds
      system cpu time     0.00 seconds
      memory              923.90k
      OS Memory           24744.00k
      Timestamp           08/05/2026 02:45:35 AM
      Step Count                        354  Switch Count  2
      Page Faults                       0
      Page Reclaims                     113
      Page Swaps                        0
      Voluntary Context Switches        49
      Involuntary Context Switches      0
      Block Input Operations            0
      Block Output Operations           520
4                                                          The SAS System                       Tuesday, August  4, 2026 07:45:35 PM

      


NOTE: There were 45 observations read from the data set FNMAE.RUNLOG.
NOTE: The data set FNMAE.RUNLOG has 45 observations and 8 variables.
NOTE: Compressing data set FNMAE.RUNLOG increased size by 100.00 percent. 
      Compressed is 2 pages; un-compressed would require 1 pages.
NOTE: DATA statement used (Total process time):
      real time           0.02 seconds
      user cpu time       0.00 seconds
      system cpu time     0.00 seconds
      memory              1060.78k
      OS Memory           24744.00k
      Timestamp           08/05/2026 02:45:35 AM
      Step Count                        355  Switch Count  2
      Page Faults                       0
      Page Reclaims                     120
      Page Swaps                        0
      Voluntary Context Switches        50
      Involuntary Context Switches      0
      Block Input Operations            0
      Block Output Operations           520
      

NOTE: PROCEDURE SQL used (Total process time):
      real time           0.00 seconds
      user cpu time       0.00 seconds
      system cpu time     0.00 seconds
      memory              5605.59k
      OS Memory           29608.00k
      Timestamp           08/05/2026 02:45:35 AM
      Step Count                        356  Switch Count  0
      Page Faults                       0
      Page Reclaims                     52
      Page Swaps                        0
      Voluntary Context Switches        11
      Involuntary Context Switches      1
      Block Input Operations            0
      Block Output Operations           0
      


NOTE: Deleting FNMAE.LOAN2007Q1 (memtype=DATA).
NOTE: PROCEDURE DATASETS used (Total process time):
      real time           0.01 seconds
      user cpu time       0.00 seconds
      system cpu time     0.01 seconds
      memory              349.25k
      OS Memory           24484.00k
      Timestamp           08/05/2026 02:45:35 AM
      Step Count                        357  Switch Count  2
      Page Faults                       0
      Page Reclaims                     48
      Page Swaps                        0
      Voluntary Context Switches        22
      Involuntary Context Switches      0
      Block Input Operations            0
      Block Output Operations           8
5                                                          The SAS System                       Tuesday, August  4, 2026 07:45:35 PM

      


NOTE: Deleting WORK._MONTHLY (memtype=DATA).
NOTE: Deleting WORK._LOGROW (memtype=DATA).
NOTE: PROCEDURE DATASETS used (Total process time):
      real time           0.24 seconds
      user cpu time       0.00 seconds
      system cpu time     0.23 seconds
      memory              347.15k
      OS Memory           24484.00k
      Timestamp           08/05/2026 02:45:36 AM
      Step Count                        358  Switch Count  4
      Page Faults                       0
      Page Reclaims                     48
      Page Swaps                        0
      Voluntary Context Switches        18
      Involuntary Context Switches      30
      Block Input Operations            0
      Block Output Operations           8
      

NOTE: 2007Q1 complete - records read       16,759,833          - loans          253,279          - Defaults           21,612        
  - Elapsed   0:02:03.54          - CUMULATIVE RECORDS    1,119,000,000
NOTE: 2007Q1.csv.gz removed from RAW
70         
71         OPTIONS NONOTES NOSTIMER NOSOURCE NOSYNTAXCHECK;
81         
6                                                          The SAS System                       Tuesday, August  4, 2026 07:53:21 PM


1                                                          The SAS System                       Tuesday, August  4, 2026 07:53:21 PM

1          OPTIONS NONOTES NOSTIMER NOSOURCE NOSYNTAXCHECK;
68         
69         %ProcessYearlyQuarter(YearQtr=2007Q2);
NOTE: Processing data for the yearly quarter: 2007Q2

NOTE: The infile SRC is:
      Filename=/home/bvsierrap0/RAW/2007Q2.csv.gz

NOTE: 18587946 records were read from the infile SRC.
      The minimum record length was 215.
      The maximum record length was 390.
NOTE: The data set WORK._MONTHLY has 18587946 observations and 36 variables.
NOTE: Compressing data set WORK._MONTHLY decreased size by 27.88 percent. 
      Compressed is 24598 pages; un-compressed would require 34107 pages.
NOTE: DATA statement used (Total process time):
      real time           2:05.28
      user cpu time       2:02.96
      system cpu time     1.55 seconds
      memory              2738.06k
      OS Memory           26020.00k
      Timestamp           08/05/2026 02:55:27 AM
      Step Count                        364  Switch Count  2
      Page Faults                       0
      Page Reclaims                     521
      Page Swaps                        0
      Voluntary Context Switches        39
      Involuntary Context Switches      847
      Block Input Operations            0
      Block Output Operations           6298912
      

NOTE: Fileref SRC has been deassigned.

NOTE: Missing values were generated as a result of performing an operation on missing values.
      Each place is given by: (Number of times) at (Line):(Column).
      313 at 69:2   
NOTE: There were 18587946 observations read from the data set WORK._MONTHLY.
NOTE: The data set FNMAE.LOAN2007Q2 has 287263 observations and 44 variables.
NOTE: Compressing data set FNMAE.LOAN2007Q2 decreased size by 32.73 percent. 
      Compressed is 485 pages; un-compressed would require 721 pages.
NOTE: DATA statement used (Total process time):
      real time           10.18 seconds
      user cpu time       9.34 seconds
      system cpu time     0.66 seconds
      memory              4632.43k
      OS Memory           29096.00k
      Timestamp           08/05/2026 02:55:37 AM
      Step Count                        365  Switch Count  18
      Page Faults                       0
      Page Reclaims                     823
      Page Swaps                        0
      Voluntary Context Switches        133
      Involuntary Context Switches      130
      Block Input Operations            0
      Block Output Operations           124688
      

NOTE: PROCEDURE SQL used (Total process time):
2                                                          The SAS System                       Tuesday, August  4, 2026 07:55:37 PM

      real time           0.20 seconds
      user cpu time       0.15 seconds
      system cpu time     0.02 seconds
      memory              7250.71k
      OS Memory           30632.00k
      Timestamp           08/05/2026 02:55:37 AM
      Step Count                        366  Switch Count  1
      Page Faults                       0
      Page Reclaims                     279
      Page Swaps                        0
      Voluntary Context Switches        670
      Involuntary Context Switches      4
      Block Input Operations            0
      Block Output Operations           0
      

NOTE: PROCEDURE SQL used (Total process time):
      real time           0.00 seconds
      user cpu time       0.01 seconds
      system cpu time     0.00 seconds
      memory              5605.25k
      OS Memory           29608.00k
      Timestamp           08/05/2026 02:55:37 AM
      Step Count                        367  Switch Count  0
      Page Faults                       0
      Page Reclaims                     52
      Page Swaps                        0
      Voluntary Context Switches        5
      Involuntary Context Switches      0
      Block Input Operations            0
      Block Output Operations           0
      


NOTE: Appending FNMAE.LOAN2007Q2 to FNMAE.LOANMASTER.
NOTE: There were 287263 observations read from the data set FNMAE.LOAN2007Q2.
NOTE: 287263 observations added.
NOTE: The data set FNMAE.LOANMASTER has 18438849 observations and 44 variables.
NOTE: PROCEDURE APPEND used (Total process time):
      real time           0.62 seconds
      user cpu time       0.41 seconds
      system cpu time     0.06 seconds
      memory              4450.12k
      OS Memory           28588.00k
      Timestamp           08/05/2026 02:55:38 AM
      Step Count                        368  Switch Count  0
      Page Faults                       0
      Page Reclaims                     780
      Page Swaps                        0
      Voluntary Context Switches        1410
      Involuntary Context Switches      3
      Block Input Operations            0
      Block Output Operations           124688
      


NOTE: The data set WORK._LOGROW has 1 observations and 8 variables.
NOTE: DATA statement used (Total process time):
3                                                          The SAS System                       Tuesday, August  4, 2026 07:55:38 PM

      real time           0.00 seconds
      user cpu time       0.00 seconds
      system cpu time     0.00 seconds
      memory              526.78k
      OS Memory           24484.00k
      Timestamp           08/05/2026 02:55:38 AM
      Step Count                        369  Switch Count  2
      Page Faults                       0
      Page Reclaims                     87
      Page Swaps                        0
      Voluntary Context Switches        10
      Involuntary Context Switches      0
      Block Input Operations            0
      Block Output Operations           264
      


NOTE: Appending WORK._LOGROW to FNMAE.RUNLOG.
NOTE: There were 1 observations read from the data set WORK._LOGROW.
NOTE: 1 observations added.
NOTE: The data set FNMAE.RUNLOG has 46 observations and 8 variables.
NOTE: PROCEDURE APPEND used (Total process time):
      real time           0.00 seconds
      user cpu time       0.00 seconds
      system cpu time     0.00 seconds
      memory              1114.71k
      OS Memory           25004.00k
      Timestamp           08/05/2026 02:55:38 AM
      Step Count                        370  Switch Count  0
      Page Faults                       0
      Page Reclaims                     116
      Page Swaps                        0
      Voluntary Context Switches        21
      Involuntary Context Switches      0
      Block Input Operations            0
      Block Output Operations           528
      


NOTE: There were 46 observations read from the data set FNMAE.RUNLOG.
NOTE: The data set FNMAE.RUNLOG has 46 observations and 8 variables.
NOTE: Compressing data set FNMAE.RUNLOG increased size by 100.00 percent. 
      Compressed is 2 pages; un-compressed would require 1 pages.
NOTE: PROCEDURE SORT used (Total process time):
      real time           0.02 seconds
      user cpu time       0.00 seconds
      system cpu time     0.00 seconds
      memory              925.25k
      OS Memory           24744.00k
      Timestamp           08/05/2026 02:55:38 AM
      Step Count                        371  Switch Count  2
      Page Faults                       0
      Page Reclaims                     113
      Page Swaps                        0
      Voluntary Context Switches        48
      Involuntary Context Switches      0
      Block Input Operations            0
      Block Output Operations           520
4                                                          The SAS System                       Tuesday, August  4, 2026 07:55:38 PM

      


NOTE: There were 46 observations read from the data set FNMAE.RUNLOG.
NOTE: The data set FNMAE.RUNLOG has 46 observations and 8 variables.
NOTE: Compressing data set FNMAE.RUNLOG increased size by 100.00 percent. 
      Compressed is 2 pages; un-compressed would require 1 pages.
NOTE: DATA statement used (Total process time):
      real time           0.02 seconds
      user cpu time       0.00 seconds
      system cpu time     0.00 seconds
      memory              1060.59k
      OS Memory           24744.00k
      Timestamp           08/05/2026 02:55:38 AM
      Step Count                        372  Switch Count  2
      Page Faults                       0
      Page Reclaims                     120
      Page Swaps                        0
      Voluntary Context Switches        53
      Involuntary Context Switches      0
      Block Input Operations            0
      Block Output Operations           520
      

NOTE: PROCEDURE SQL used (Total process time):
      real time           0.00 seconds
      user cpu time       0.00 seconds
      system cpu time     0.00 seconds
      memory              5605.25k
      OS Memory           29608.00k
      Timestamp           08/05/2026 02:55:38 AM
      Step Count                        373  Switch Count  0
      Page Faults                       0
      Page Reclaims                     52
      Page Swaps                        0
      Voluntary Context Switches        10
      Involuntary Context Switches      0
      Block Input Operations            0
      Block Output Operations           0
      


NOTE: Deleting FNMAE.LOAN2007Q2 (memtype=DATA).
NOTE: PROCEDURE DATASETS used (Total process time):
      real time           0.01 seconds
      user cpu time       0.00 seconds
      system cpu time     0.01 seconds
      memory              348.40k
      OS Memory           24484.00k
      Timestamp           08/05/2026 02:55:38 AM
      Step Count                        374  Switch Count  2
      Page Faults                       0
      Page Reclaims                     48
      Page Swaps                        0
      Voluntary Context Switches        22
      Involuntary Context Switches      0
      Block Input Operations            0
      Block Output Operations           8
5                                                          The SAS System                       Tuesday, August  4, 2026 07:55:38 PM

      


NOTE: Deleting WORK._MONTHLY (memtype=DATA).
NOTE: Deleting WORK._LOGROW (memtype=DATA).
NOTE: PROCEDURE DATASETS used (Total process time):
      real time           0.25 seconds
      user cpu time       0.00 seconds
      system cpu time     0.25 seconds
      memory              348.40k
      OS Memory           24484.00k
      Timestamp           08/05/2026 02:55:38 AM
      Step Count                        375  Switch Count  4
      Page Faults                       0
      Page Reclaims                     48
      Page Swaps                        0
      Voluntary Context Switches        18
      Involuntary Context Switches      33
      Block Input Operations            0
      Block Output Operations           8
      

NOTE: 2007Q2 complete - records read       18,587,946          - loans          287,263          - Defaults           24,650        
  - Elapsed   0:02:16.33          - CUMULATIVE RECORDS    1,137,500,000
NOTE: 2007Q2.csv.gz removed from RAW
70         
71         OPTIONS NONOTES NOSTIMER NOSOURCE NOSYNTAXCHECK;
81         
NOTE: PROCEDURE PRINTTO used (Total process time):
      real time           0.00 seconds
      user cpu time       0.00 seconds
      system cpu time     0.00 seconds
      memory              279.84k
      OS Memory           20128.00k
      Timestamp           08/05/2026 03:12:50 AM
      Step Count                        24  Switch Count  0
      Page Faults                       0
      Page Reclaims                     20
      Page Swaps                        0
      Voluntary Context Switches        4
      Involuntary Context Switches      0
      Block Input Operations            0
      Block Output Operations           0
      

645        
646        OPTIONS NONOTES NOSTIMER NOSOURCE NOSYNTAXCHECK;
656        
12                                                         The SAS System                       Tuesday, August  4, 2026 08:13:20 PM


1                                                          The SAS System                       Tuesday, August  4, 2026 08:13:20 PM

1          OPTIONS NONOTES NOSTIMER NOSOURCE NOSYNTAXCHECK;
68         
69         %ProcessYearlyQuarter(YearQtr=2007Q3);
NOTE: Processing data for the yearly quarter: 2007Q3

NOTE: The infile SRC is:
      Filename=/home/bvsierrap0/RAW/2007Q3.csv.gz

NOTE: 18293962 records were read from the infile SRC.
      The minimum record length was 216.
      The maximum record length was 392.
NOTE: The data set WORK._MONTHLY has 18293962 observations and 36 variables.
NOTE: Compressing data set WORK._MONTHLY decreased size by 27.94 percent. 
      Compressed is 24187 pages; un-compressed would require 33567 pages.
NOTE: DATA statement used (Total process time):
      real time           2:03.59
      user cpu time       2:01.35
      system cpu time     1.50 seconds
      memory              2693.78k
      OS Memory           23716.00k
      Timestamp           08/05/2026 03:15:24 AM
      Step Count                        30  Switch Count  2
      Page Faults                       0
      Page Reclaims                     1325
      Page Swaps                        0
      Voluntary Context Switches        38
      Involuntary Context Switches      733
      Block Input Operations            0
      Block Output Operations           6193952
      

NOTE: Fileref SRC has been deassigned.

NOTE: Missing values were generated as a result of performing an operation on missing values.
      Each place is given by: (Number of times) at (Line):(Column).
      424 at 69:2   
NOTE: There were 18293962 observations read from the data set WORK._MONTHLY.
NOTE: The data set FNMAE.LOAN2007Q3 has 314703 observations and 44 variables.
NOTE: Compressing data set FNMAE.LOAN2007Q3 decreased size by 32.70 percent. 
      Compressed is 531 pages; un-compressed would require 789 pages.
NOTE: DATA statement used (Total process time):
      real time           10.38 seconds
      user cpu time       9.52 seconds
      system cpu time     0.66 seconds
      memory              4644.59k
      OS Memory           26792.00k
      Timestamp           08/05/2026 03:15:34 AM
      Step Count                        31  Switch Count  17
      Page Faults                       0
      Page Reclaims                     805
      Page Swaps                        0
      Voluntary Context Switches        1558
      Involuntary Context Switches      76
      Block Input Operations            0
      Block Output Operations           136464
      

NOTE: PROCEDURE SQL used (Total process time):
2                                                          The SAS System                       Tuesday, August  4, 2026 08:15:34 PM

      real time           0.23 seconds
      user cpu time       0.19 seconds
      system cpu time     0.02 seconds
      memory              7251.15k
      OS Memory           28328.00k
      Timestamp           08/05/2026 03:15:34 AM
      Step Count                        32  Switch Count  1
      Page Faults                       0
      Page Reclaims                     257
      Page Swaps                        0
      Voluntary Context Switches        651
      Involuntary Context Switches      19
      Block Input Operations            0
      Block Output Operations           0
      

NOTE: PROCEDURE SQL used (Total process time):
      real time           0.00 seconds
      user cpu time       0.00 seconds
      system cpu time     0.00 seconds
      memory              5604.81k
      OS Memory           27560.00k
      Timestamp           08/05/2026 03:15:34 AM
      Step Count                        33  Switch Count  0
      Page Faults                       0
      Page Reclaims                     52
      Page Swaps                        0
      Voluntary Context Switches        5
      Involuntary Context Switches      0
      Block Input Operations            0
      Block Output Operations           0
      


NOTE: Appending FNMAE.LOAN2007Q3 to FNMAE.LOANMASTER.
NOTE: There were 314703 observations read from the data set FNMAE.LOAN2007Q3.
NOTE: 314703 observations added.
NOTE: The data set FNMAE.LOANMASTER has 18753552 observations and 44 variables.
NOTE: PROCEDURE APPEND used (Total process time):
      real time           0.69 seconds
      user cpu time       0.47 seconds
      system cpu time     0.06 seconds
      memory              4609.87k
      OS Memory           26284.00k
      Timestamp           08/05/2026 03:15:35 AM
      Step Count                        34  Switch Count  0
      Page Faults                       0
      Page Reclaims                     796
      Page Swaps                        0
      Voluntary Context Switches        1850
      Involuntary Context Switches      13
      Block Input Operations            0
      Block Output Operations           137752
      


NOTE: The data set WORK._LOGROW has 1 observations and 8 variables.
NOTE: DATA statement used (Total process time):
3                                                          The SAS System                       Tuesday, August  4, 2026 08:15:35 PM

      real time           0.00 seconds
      user cpu time       0.00 seconds
      system cpu time     0.01 seconds
      memory              523.06k
      OS Memory           22436.00k
      Timestamp           08/05/2026 03:15:35 AM
      Step Count                        35  Switch Count  2
      Page Faults                       0
      Page Reclaims                     87
      Page Swaps                        0
      Voluntary Context Switches        11
      Involuntary Context Switches      0
      Block Input Operations            0
      Block Output Operations           264
      


NOTE: Appending WORK._LOGROW to FNMAE.RUNLOG.
NOTE: There were 1 observations read from the data set WORK._LOGROW.
NOTE: 1 observations added.
NOTE: The data set FNMAE.RUNLOG has 47 observations and 8 variables.
NOTE: PROCEDURE APPEND used (Total process time):
      real time           0.00 seconds
      user cpu time       0.00 seconds
      system cpu time     0.00 seconds
      memory              1113.37k
      OS Memory           22956.00k
      Timestamp           08/05/2026 03:15:35 AM
      Step Count                        36  Switch Count  0
      Page Faults                       0
      Page Reclaims                     119
      Page Swaps                        0
      Voluntary Context Switches        18
      Involuntary Context Switches      0
      Block Input Operations            0
      Block Output Operations           528
      


NOTE: There were 47 observations read from the data set FNMAE.RUNLOG.
NOTE: The data set FNMAE.RUNLOG has 47 observations and 8 variables.
NOTE: Compressing data set FNMAE.RUNLOG increased size by 100.00 percent. 
      Compressed is 2 pages; un-compressed would require 1 pages.
NOTE: PROCEDURE SORT used (Total process time):
      real time           0.02 seconds
      user cpu time       0.00 seconds
      system cpu time     0.00 seconds
      memory              924.62k
      OS Memory           22696.00k
      Timestamp           08/05/2026 03:15:35 AM
      Step Count                        37  Switch Count  1
      Page Faults                       0
      Page Reclaims                     133
      Page Swaps                        0
      Voluntary Context Switches        47
      Involuntary Context Switches      0
      Block Input Operations            0
      Block Output Operations           520
4                                                          The SAS System                       Tuesday, August  4, 2026 08:15:35 PM

      


NOTE: There were 47 observations read from the data set FNMAE.RUNLOG.
NOTE: The data set FNMAE.RUNLOG has 47 observations and 8 variables.
NOTE: Compressing data set FNMAE.RUNLOG increased size by 100.00 percent. 
      Compressed is 2 pages; un-compressed would require 1 pages.
NOTE: DATA statement used (Total process time):
      real time           0.02 seconds
      user cpu time       0.00 seconds
      system cpu time     0.00 seconds
      memory              1059.46k
      OS Memory           22696.00k
      Timestamp           08/05/2026 03:15:35 AM
      Step Count                        38  Switch Count  1
      Page Faults                       0
      Page Reclaims                     120
      Page Swaps                        0
      Voluntary Context Switches        51
      Involuntary Context Switches      0
      Block Input Operations            0
      Block Output Operations           520
      

NOTE: PROCEDURE SQL used (Total process time):
      real time           0.00 seconds
      user cpu time       0.00 seconds
      system cpu time     0.00 seconds
      memory              5605.62k
      OS Memory           27560.00k
      Timestamp           08/05/2026 03:15:35 AM
      Step Count                        39  Switch Count  0
      Page Faults                       0
      Page Reclaims                     52
      Page Swaps                        0
      Voluntary Context Switches        10
      Involuntary Context Switches      0
      Block Input Operations            0
      Block Output Operations           0
      


NOTE: Deleting FNMAE.LOAN2007Q3 (memtype=DATA).
NOTE: PROCEDURE DATASETS used (Total process time):
      real time           0.01 seconds
      user cpu time       0.00 seconds
      system cpu time     0.01 seconds
      memory              347.18k
      OS Memory           22436.00k
      Timestamp           08/05/2026 03:15:35 AM
      Step Count                        40  Switch Count  1
      Page Faults                       0
      Page Reclaims                     48
      Page Swaps                        0
      Voluntary Context Switches        18
      Involuntary Context Switches      0
      Block Input Operations            0
      Block Output Operations           8
5                                                          The SAS System                       Tuesday, August  4, 2026 08:15:35 PM

      


NOTE: Deleting WORK._MONTHLY (memtype=DATA).
NOTE: Deleting WORK._LOGROW (memtype=DATA).
NOTE: PROCEDURE DATASETS used (Total process time):
      real time           0.24 seconds
      user cpu time       0.00 seconds
      system cpu time     0.24 seconds
      memory              347.18k
      OS Memory           22436.00k
      Timestamp           08/05/2026 03:15:35 AM
      Step Count                        41  Switch Count  4
      Page Faults                       0
      Page Reclaims                     48
      Page Swaps                        0
      Voluntary Context Switches        19
      Involuntary Context Switches      29
      Block Input Operations            0
      Block Output Operations           8
      

NOTE: 2007Q3 complete - records read       18,293,962          - loans          314,703          - Defaults           26,392        
  - Elapsed   0:02:14.94          - CUMULATIVE RECORDS    1,155,800,000
NOTE: 2007Q3.csv.gz removed from RAW
70         
71         OPTIONS NONOTES NOSTIMER NOSOURCE NOSYNTAXCHECK;
81         
6                                                          The SAS System                       Tuesday, August  4, 2026 08:28:35 PM


1                                                          The SAS System                       Tuesday, August  4, 2026 08:28:35 PM

1          OPTIONS NONOTES NOSTIMER NOSOURCE NOSYNTAXCHECK;
68         
69         %ProcessYearlyQuarter(YearQtr=2007Q4);
NOTE: Processing data for the yearly quarter: 2007Q4

NOTE: The infile SRC is:
      Filename=/home/bvsierrap0/RAW/2007Q4.csv.gz

NOTE: 22672192 records were read from the infile SRC.
      The minimum record length was 216.
      The maximum record length was 397.
NOTE: The data set WORK._MONTHLY has 22672192 observations and 36 variables.
NOTE: Compressing data set WORK._MONTHLY decreased size by 27.39 percent. 
      Compressed is 30205 pages; un-compressed would require 41601 pages.
NOTE: DATA statement used (Total process time):
      real time           2:33.27
      user cpu time       2:30.43
      system cpu time     1.92 seconds
      memory              2682.68k
      OS Memory           23716.00k
      Timestamp           08/05/2026 03:31:08 AM
      Step Count                        47  Switch Count  2
      Page Faults                       0
      Page Reclaims                     1493
      Page Swaps                        0
      Voluntary Context Switches        38
      Involuntary Context Switches      433
      Block Input Operations            0
      Block Output Operations           7734816
      

NOTE: Fileref SRC has been deassigned.

NOTE: Missing values were generated as a result of performing an operation on missing values.
      Each place is given by: (Number of times) at (Line):(Column).
      427 at 69:2   
NOTE: There were 22672192 observations read from the data set WORK._MONTHLY.
NOTE: The data set FNMAE.LOAN2007Q4 has 391181 observations and 44 variables.
NOTE: Compressing data set FNMAE.LOAN2007Q4 decreased size by 32.31 percent. 
      Compressed is 664 pages; un-compressed would require 981 pages.
NOTE: DATA statement used (Total process time):
      real time           12.71 seconds
      user cpu time       11.58 seconds
      system cpu time     0.83 seconds
      memory              4643.56k
      OS Memory           26792.00k
      Timestamp           08/05/2026 03:31:21 AM
      Step Count                        48  Switch Count  18
      Page Faults                       0
      Page Reclaims                     777
      Page Swaps                        0
      Voluntary Context Switches        1638
      Involuntary Context Switches      19
      Block Input Operations            0
      Block Output Operations           170512
      

NOTE: PROCEDURE SQL used (Total process time):
2                                                          The SAS System                       Tuesday, August  4, 2026 08:31:21 PM

      real time           0.27 seconds
      user cpu time       0.21 seconds
      system cpu time     0.02 seconds
      memory              7250.75k
      OS Memory           28328.00k
      Timestamp           08/05/2026 03:31:21 AM
      Step Count                        49  Switch Count  1
      Page Faults                       0
      Page Reclaims                     255
      Page Swaps                        0
      Voluntary Context Switches        921
      Involuntary Context Switches      2
      Block Input Operations            0
      Block Output Operations           0
      

NOTE: PROCEDURE SQL used (Total process time):
      real time           0.00 seconds
      user cpu time       0.00 seconds
      system cpu time     0.00 seconds
      memory              5605.28k
      OS Memory           27560.00k
      Timestamp           08/05/2026 03:31:21 AM
      Step Count                        50  Switch Count  0
      Page Faults                       0
      Page Reclaims                     52
      Page Swaps                        0
      Voluntary Context Switches        6
      Involuntary Context Switches      0
      Block Input Operations            0
      Block Output Operations           0
      


NOTE: Appending FNMAE.LOAN2007Q4 to FNMAE.LOANMASTER.
NOTE: There were 391181 observations read from the data set FNMAE.LOAN2007Q4.
NOTE: 391181 observations added.
NOTE: The data set FNMAE.LOANMASTER has 19144733 observations and 44 variables.
NOTE: PROCEDURE APPEND used (Total process time):
      real time           0.85 seconds
      user cpu time       0.58 seconds
      system cpu time     0.06 seconds
      memory              4449.34k
      OS Memory           26284.00k
      Timestamp           08/05/2026 03:31:22 AM
      Step Count                        51  Switch Count  0
      Page Faults                       0
      Page Reclaims                     745
      Page Swaps                        0
      Voluntary Context Switches        1667
      Involuntary Context Switches      3
      Block Input Operations            0
      Block Output Operations           170512
      


NOTE: The data set WORK._LOGROW has 1 observations and 8 variables.
NOTE: DATA statement used (Total process time):
3                                                          The SAS System                       Tuesday, August  4, 2026 08:31:22 PM

      real time           0.00 seconds
      user cpu time       0.01 seconds
      system cpu time     0.01 seconds
      memory              523.34k
      OS Memory           22436.00k
      Timestamp           08/05/2026 03:31:22 AM
      Step Count                        52  Switch Count  2
      Page Faults                       0
      Page Reclaims                     87
      Page Swaps                        0
      Voluntary Context Switches        11
      Involuntary Context Switches      0
      Block Input Operations            0
      Block Output Operations           264
      


NOTE: Appending WORK._LOGROW to FNMAE.RUNLOG.
NOTE: There were 1 observations read from the data set WORK._LOGROW.
NOTE: 1 observations added.
NOTE: The data set FNMAE.RUNLOG has 48 observations and 8 variables.
NOTE: PROCEDURE APPEND used (Total process time):
      real time           0.00 seconds
      user cpu time       0.00 seconds
      system cpu time     0.00 seconds
      memory              1114.18k
      OS Memory           22956.00k
      Timestamp           08/05/2026 03:31:22 AM
      Step Count                        53  Switch Count  0
      Page Faults                       0
      Page Reclaims                     116
      Page Swaps                        0
      Voluntary Context Switches        21
      Involuntary Context Switches      0
      Block Input Operations            0
      Block Output Operations           528
      


NOTE: There were 48 observations read from the data set FNMAE.RUNLOG.
NOTE: The data set FNMAE.RUNLOG has 48 observations and 8 variables.
NOTE: Compressing data set FNMAE.RUNLOG increased size by 100.00 percent. 
      Compressed is 2 pages; un-compressed would require 1 pages.
NOTE: PROCEDURE SORT used (Total process time):
      real time           0.02 seconds
      user cpu time       0.00 seconds
      system cpu time     0.00 seconds
      memory              924.96k
      OS Memory           22696.00k
      Timestamp           08/05/2026 03:31:22 AM
      Step Count                        54  Switch Count  2
      Page Faults                       0
      Page Reclaims                     113
      Page Swaps                        0
      Voluntary Context Switches        49
      Involuntary Context Switches      0
      Block Input Operations            0
      Block Output Operations           520
4                                                          The SAS System                       Tuesday, August  4, 2026 08:31:22 PM

      


NOTE: There were 48 observations read from the data set FNMAE.RUNLOG.
NOTE: The data set FNMAE.RUNLOG has 48 observations and 8 variables.
NOTE: Compressing data set FNMAE.RUNLOG increased size by 100.00 percent. 
      Compressed is 2 pages; un-compressed would require 1 pages.
NOTE: DATA statement used (Total process time):
      real time           0.02 seconds
      user cpu time       0.00 seconds
      system cpu time     0.00 seconds
      memory              1059.28k
      OS Memory           22696.00k
      Timestamp           08/05/2026 03:31:22 AM
      Step Count                        55  Switch Count  2
      Page Faults                       0
      Page Reclaims                     120
      Page Swaps                        0
      Voluntary Context Switches        52
      Involuntary Context Switches      1
      Block Input Operations            0
      Block Output Operations           520
      

NOTE: PROCEDURE SQL used (Total process time):
      real time           0.00 seconds
      user cpu time       0.00 seconds
      system cpu time     0.00 seconds
      memory              5605.28k
      OS Memory           27560.00k
      Timestamp           08/05/2026 03:31:22 AM
      Step Count                        56  Switch Count  0
      Page Faults                       0
      Page Reclaims                     52
      Page Swaps                        0
      Voluntary Context Switches        11
      Involuntary Context Switches      0
      Block Input Operations            0
      Block Output Operations           0
      


NOTE: Deleting FNMAE.LOAN2007Q4 (memtype=DATA).
NOTE: PROCEDURE DATASETS used (Total process time):
      real time           0.01 seconds
      user cpu time       0.01 seconds
      system cpu time     0.01 seconds
      memory              348.65k
      OS Memory           22436.00k
      Timestamp           08/05/2026 03:31:22 AM
      Step Count                        57  Switch Count  2
      Page Faults                       0
      Page Reclaims                     48
      Page Swaps                        0
      Voluntary Context Switches        22
      Involuntary Context Switches      0
      Block Input Operations            0
      Block Output Operations           8
5                                                          The SAS System                       Tuesday, August  4, 2026 08:31:22 PM

      


NOTE: Deleting WORK._MONTHLY (memtype=DATA).
NOTE: Deleting WORK._LOGROW (memtype=DATA).
NOTE: PROCEDURE DATASETS used (Total process time):
      real time           0.33 seconds
      user cpu time       0.00 seconds
      system cpu time     0.32 seconds
      memory              346.68k
      OS Memory           22436.00k
      Timestamp           08/05/2026 03:31:23 AM
      Step Count                        58  Switch Count  4
      Page Faults                       0
      Page Reclaims                     48
      Page Swaps                        0
      Voluntary Context Switches        18
      Involuntary Context Switches      58
      Block Input Operations            0
      Block Output Operations           8
      

NOTE: 2007Q4 complete - records read       22,672,192          - loans          391,181          - Defaults           38,512        
  - Elapsed   0:02:47.15          - CUMULATIVE RECORDS    1,178,500,000
NOTE: 2007Q4.csv.gz removed from RAW
70         
71         OPTIONS NONOTES NOSTIMER NOSOURCE NOSYNTAXCHECK;
81         
6                                                          The SAS System                       Tuesday, August  4, 2026 08:44:12 PM


1                                                          The SAS System                       Tuesday, August  4, 2026 08:44:12 PM

1          OPTIONS NONOTES NOSTIMER NOSOURCE NOSYNTAXCHECK;
68         
69         PROC PRINT DATA=FNMAE.RunLog NOOBS LABEL;
70             TITLE "Processing run log";
71         RUN;

NOTE: There were 48 observations read from the data set FNMAE.RUNLOG.
NOTE: PROCEDURE PRINT used (Total process time):
      real time           0.05 seconds
      user cpu time       0.05 seconds
      system cpu time     0.00 seconds
      memory              1399.34k
      OS Memory           22948.00k
      Timestamp           08/05/2026 03:44:12 AM
      Step Count                        64  Switch Count  2
      Page Faults                       0
      Page Reclaims                     284
      Page Swaps                        0
      Voluntary Context Switches        15
      Involuntary Context Switches      2
      Block Input Operations            0
      Block Output Operations           24
      

72         
73         PROC SQL;
74             TITLE "Totals to date";
75             SELECT count(*)              LABEL="Files processed",
76                    sum(RawRows)         LABEL="Total records"  FORMAT=COMMA18.,
77                    sum(LoanRows)        LABEL="Total loans"    FORMAT=COMMA18.,
78                    sum(Defaults)         LABEL="Total defaults" FORMAT=COMMA18.,
79                    mean(ProcessTime)/60 LABEL="Avg min/file"   FORMAT=8.1
80             FROM FNMAE.RunLog;
81         QUIT;
NOTE: PROCEDURE SQL used (Total process time):
      real time           0.01 seconds
      user cpu time       0.01 seconds
      system cpu time     0.00 seconds
      memory              5639.03k
      OS Memory           28072.00k
      Timestamp           08/05/2026 03:44:12 AM
      Step Count                        65  Switch Count  1
      Page Faults                       0
      Page Reclaims                     104
      Page Swaps                        0
      Voluntary Context Switches        12
      Involuntary Context Switches      0
      Block Input Operations            0
      Block Output Operations           0
      

82         
83         TITLE;
84         
85         OPTIONS NONOTES NOSTIMER NOSOURCE NOSYNTAXCHECK;
95     

1          OPTIONS NONOTES NOSTIMER NOSOURCE NOSYNTAXCHECK;
 NOTE: ODS statements in the SAS Studio environment may disable some output features.
 69         
 70         /**************************************************************************************************/
 71         /*                                                                                                */
 72         /*   Project : ETL Macro for Processing a Billion-Plus Records                                    */
 73         /*   Program : EtlPipeline_Report.sas                                                             */
 74         /*   Author  : Anne M. Prihoda                                                                    */
 75         /*                                                                                                */
 76         /*   Purpose : Produce the pipeline report PDF: overview, complete run log, and                   */
 77         /*             throughput summary, generated from FNMAE.RunLog.                                   */
 78         /*                                                                                                */
 79         /**************************************************************************************************/
 80         
 81         %LET root = /home/bvsierrap0;
 82         
 83         LIBNAME FNMAE "&root/FNMAE" COMPRESS=YES;
 NOTE: Libref FNMAE was successfully assigned as follows: 
       Engine:        V9 
       Physical Name: /home/bvsierrap0/FNMAE
 84         
 85         OPTIONS NODATE NONUMBER ORIENTATION=PORTRAIT
 86                 TOPMARGIN=1IN BOTTOMMARGIN=1IN LEFTMARGIN=1IN RIGHTMARGIN=1IN;
 87         ODS _ALL_ CLOSE;
 88         ODS GRAPHICS ON / WIDTH=6.4IN HEIGHT=2.6IN OUTPUTFMT=PNG;
 89         ODS ESCAPECHAR='^';
 90         
 91         ODS PDF FILE="&root/EtlPipeline_Report.pdf" STYLE=PEARL STARTPAGE=NO;
 NOTE: Writing ODS PDF output to DISK destination "/home/bvsierrap0/EtlPipeline_Report.pdf", printer "PDF".
 92         
 93         
 94         ODS PDF TEXT="^{newline 2}";
 95         ODS PDF TEXT="^{style [FONTSIZE=26PT FONTWEIGHT=BOLD COLOR=CX1F4E79 JUST=C] ETL Pipeline}";
 96         ODS PDF TEXT="^{style [FONTSIZE=17PT FONTWEIGHT=BOLD COLOR=CX1F4E79 JUST=C] ~1.2 Billion Records Processed in a 5 GB
 96       ! Environment}";
 97         ODS PDF TEXT="^{newline 2}";
 98         ODS PDF TEXT="^{style [FONTSIZE=13PT JUST=C] Fannie Mae Single-Family Loan Performance Data}";
 99         ODS PDF TEXT="^{style [FONTSIZE=13PT JUST=C] Anne M. Prihoda}";
 100        ODS PDF TEXT="^{newline 3}";
 101        
 102        ODS PDF TEXT="^{style [FONTSIZE=14PT FONTWEIGHT=BOLD COLOR=CX1F4E79] What the pipeline does}";
 103        ODS PDF TEXT="^{newline}";
 104        ODS PDF TEXT="^{style [FONTSIZE=13PT]    -  Processes 48 Fannie Mae quarterly loan performance files - over one billion
 104      ! pipe-delimited monthly records}";
 105        ODS PDF TEXT="^{newline}";
 106        ODS PDF TEXT="^{style [FONTSIZE=13PT]    -  Operates inside a 5 GB SAS OnDemand environment with a 1 GB per-file upload
 106      ! limit}";
 107        ODS PDF TEXT="^{newline}";
 108        ODS PDF TEXT="^{style [FONTSIZE=13PT]    -  Quarters exceeding the 1 GB upload limit are pre-split on loan boundaries by
 108      ! a PowerShell utility: Cutting only between loans keeps loan history intact}";
 109        ODS PDF TEXT="^{newline}";
 110        ODS PDF TEXT="^{style [FONTSIZE=13PT]    -  Source files are read directly from gzip through the FILENAME ZIP engine:
 110      ! Enables 35 GB of raw text to be processed within the 5 GB storage limit}";
 111        ODS PDF TEXT="^{newline}";
 112        ODS PDF TEXT="^{style [FONTSIZE=13PT]    -  Retains only the fields the scorecard requires, applies informats to convert
 112      ! MMYYYY dates and coded text, and derives the modelling fields: minimum credit score, origination quarter, and the default
 112      !  flag}";
 113        ODS PDF TEXT="^{newline}";
 114        ODS PDF TEXT="^{style [FONTSIZE=13PT]    -  Collapses each loan history of monthly records into a single analytical row
 114      ! carrying its origination characteristics and final outcome, then appends it to the master table}";
 115        ODS PDF TEXT="^{newline}";
 116        ODS PDF TEXT="^{style [FONTSIZE=13PT]    -  Runs idempotently - reprocessing a file replaces its prior load, never
 116      ! duplicates it}";
 117        ODS PDF TEXT="^{newline}";
 118        ODS PDF TEXT="^{style [FONTSIZE=13PT]    -  Records the counts for every file in the processing record, which reconciles
 118      ! to Fannie Mae published statistical summaries}";
 119        ODS PDF STARTPAGE=NOW;
 120        
 121        TITLE1 "ETL Pipeline Processing Record";
 122        PROC PRINT DATA=FNMAE.RunLog NOOBS LABEL;
 123        RUN;
 
 NOTE: There were 48 observations read from the data set FNMAE.RUNLOG.
 NOTE: PROCEDURE PRINT used (Total process time):
       real time           0.02 seconds
       user cpu time       0.02 seconds
       system cpu time     0.00 seconds
       memory              1964.15k
       OS Memory           24752.00k
       Timestamp           08/05/2026 05:59:44 PM
       Step Count                        126  Switch Count  1
       Page Faults                       0
       Page Reclaims                     91
       Page Swaps                        0
       Voluntary Context Switches        13
       Involuntary Context Switches      1
       Block Input Operations            0
       Block Output Operations           16
       
 
 124        
 125        TITLE1 "ETL Pipeline: Grand Totals";
 126        PROC SQL;
 127            SELECT count(*)                          LABEL="Data sets processed",
 128                   sum(RawRows)                      LABEL="Total monthly records" FORMAT=COMMA18.,
 129                   sum(LoanRows)                     LABEL="Total loans"           FORMAT=COMMA14.,
 130                   sum(Defaults)                     LABEL="Total defaults"        FORMAT=COMMA12.,
 131                   sum(ProcessTime)                  LABEL="Total SAS processing time" FORMAT=TIME12.,
 132                   sum(RawRows) / sum(ProcessTime)   LABEL="Records per second"    FORMAT=COMMA12.
 133            FROM FNMAE.RunLog;
 134        QUIT;
 NOTE: PROCEDURE SQL used (Total process time):
       real time           0.00 seconds
       user cpu time       0.00 seconds
       system cpu time     0.00 seconds
       memory              5792.46k
       OS Memory           29876.00k
       Timestamp           08/05/2026 05:59:44 PM
       Step Count                        127  Switch Count  0
       Page Faults                       0
       Page Reclaims                     73
       Page Swaps                        0
       Voluntary Context Switches        6
       Involuntary Context Switches      0
       Block Input Operations            0
       Block Output Operations           8
       
 
 135        
 136        TITLE2 "Monthly records read by acquisition quarter";
 137        PROC SGPLOT DATA=FNMAE.RunLog;
 138            VBAR Quarter / RESPONSE=RawRows STAT=SUM FILLATTRS=(COLOR=CX1F4E79);
 139            YAXIS LABEL="Monthly records" GRID;
 140            XAXIS LABEL="Acquisition quarter" FITPOLICY=THIN;
 141        RUN;
 
 NOTE: PROCEDURE SGPLOT used (Total process time):
       real time           0.11 seconds
       user cpu time       0.07 seconds
       system cpu time     0.02 seconds
       memory              11292.84k
       OS Memory           35296.00k
       Timestamp           08/05/2026 05:59:44 PM
       Step Count                        128  Switch Count  2
       Page Faults                       0
       Page Reclaims                     3440
       Page Swaps                        0
       Voluntary Context Switches        250
       Involuntary Context Switches      9
       Block Input Operations            0
       Block Output Operations           544
       
 NOTE: Some of the tick values have been thinned.
 NOTE: There were 48 observations read from the data set FNMAE.RUNLOG.
 
 142        
 143        TITLE;
 144        ODS PDF CLOSE;
 NOTE: ODS PDF printed 3 pages to /home/bvsierrap0/EtlPipeline_Report.pdf.
 145        ODS GRAPHICS OFF;
 146        
 147        OPTIONS NONOTES NOSTIMER NOSOURCE NOSYNTAXCHECK;
 157        


    
